tree
version=v4
num_class=1
num_tree_per_iteration=1
label_index=0
max_feature_idx=11
objective=binary sigmoid:1
feature_names=Column_0 Column_1 Column_2 Column_3 Column_4 Column_5 Column_6 Column_7 Column_8 Column_9 Column_10 Column_11
feature_infos=[0:8] [0:7] [0:14] [0:49] [0:46] [0:400] [0:7] [0:8] [0:1] [0:7] [0:1] [0:27]
tree_sizes=3336 3414 3345 3416 3415 3418 3437 3442 3450 3459 3452 3454 3459 3458 3448 3442 3430 3449 3454 3431 3432 3457 3448 3473 3445 3439 3473 3435 3442 3482 3474 3448 3459 3463 3465 3458 3498 3445 3462 3477 3446 3471 3467 3473 3489 3455 3481 3477 3451 3441 3502 3425 3487 3493 3469 3471 3473 3479 3484 3481 3478 3487 3489 3462 3482 3514 3500 3472 3444 3474 3478 3463 3486 3493 3490 3455 3497 3492 3438 3489 3513 3504 3500 3466 3456 3464 3478 3488 3490 3464 3483 3467 3448 3478 3492 3463 3425 3485 3487 3484 3498 3479 3463 3468 3480 3493 3466 3469 3500 3483 3484 3489 3478 3504 3468 3484 3485 3473 3503 3511 3508 3483 3484 3484 3479 3481 3476 3494 3459 3481 3476 3501 3522 3517 3513 3483 3508 3516 3473 3508 3514 3483 3508 3492 3473 3486 3514 3483 3481 3500 3499 3516 3481 3494 3470 3505 3528 3509 3464 3514 3471 3490 3498 3475 3517 3482 3545 3493 3468 3489 3514 3492 3487 3481 3494 3538 3520 3518 3465 3533 3485 3480 3493 3496 3485 3485

Tree=0
num_leaves=31
num_cat=0
split_feature=2 5 4 8 5 5 5 5 0 0 5 5 0 3 5 2 5 5 2 3 5 0 5 5 5 5 8 8 8 0
split_gain=1.14103e+07 3.09676e+06 865749 645972 276521 363500 310390 220694 178344 141510 139963 130297 116626 110572 197478 137196 85335.7 394046 66430.7 89073 62541.6 61035.9 51656.5 276556 121479 74929.5 42098.7 41364 41125 50407.7
threshold=1.0000000180025095e-35 9.5000000000000018 15.500000000000002 0.83333333333333337 129.50000000000003 163.50000000000003 95.500000000000014 23.000000000000004 1.5000000000000002 2.5000000000000004 94.500000000000014 10.500000000000002 6.5000000000000009 1.0000000180025095e-35 161.00000000000003 4.5000000000000009 10.500000000000002 23.000000000000004 4.5000000000000009 5.5000000000000009 3.0000000000000004 7.5000000000000009 95.500000000000014 113.00000000000001 100.50000000000001 96.500000000000014 0.83333333333333337 0.30952380952380959 0.36666666666666675 1.5000000000000002
decision_type=2 2 2 2 2 2 2 2 2 2 2 2 2 2 2 2 2 2 2 2 2 2 2 2 2 2 2 2 2 2
left_child=1 20 3 4 6 -6 7 11 -5 -4 21 -2 16 -10 15 -15 -3 -18 19 -12 -1 -9 -19 24 25 -24 -27 -20 -22 -30
right_child=2 12 9 8 5 -7 -8 10 13 -11 18 -13 -14 14 -16 -17 17 22 27 -21 28 -23 23 -25 -26 26 -28 -29 29 -31
leaf_value=-1.9549869797440826 -0.87014829122938409 -5.3345944963131515 -4.7097220326533842 1.87231134974743 -5.5739664402791362 1.7245669559355647 1.3058667017731498 -5.5739664402791362 1.5434866631345763 -0.310937310212692 -1.3300276676461946 2.155955808356107 0.76024635815597019 -4.4773750850727918 1.1390686742469898 0.99901341559160262 2.155955808356107 -4.8008284221453525 -2.5916938593587129 -5.5739664402791362 1.0430298625551702 2.1559558083560928 2.1408677442631303 -4.5607915466123607 0.99246140596805255 -5.5739664402791362 -1.7153429711813768 1.8370887520586994 0.62772874610367246 -5.5739664402791362
leaf_weight=756.60014399932697 30.980426999507472 128.16547940648161 26.623736020876095 543.84984662616625 17.515052743023265 9.4578240793198329 111.48242741287686 12.516296276589852 39.871395070571452 8.7437916065100563 21.686849126592282 21.828901290893555 3.6325610929634413 13.988446931121873 25.135532121174037 5.834343902533873 7.9377822875976554 367.05320127378218 2.5717987811658514 5.6003148921299717 10.431960626738144 0.99222278594970781 1.9883265940006829 242.24224383477122 11.680330871371551 7.0712222685106099 3.9754099098499864 7.2443982034455985 2.4734543566592029 2.2548738408368081
leaf_count=104035 3144 32005 6096 5670 4513 145 3259 3225 851 725 2532 22 172 3095 874 230 8 85154 408 1443 396 1 3 54268 463 1822 515 84 128 581
internal_value=-1.69437 -3.26137 0.978936 1.16586 -0.151627 -3.01479 0.207734 -0.975994 1.67275 -3.62223 -2.39159 0.380701 -4.60254 0.393366 -0.626621 -2.86554 -4.62783 -4.48673 -1.43968 -2.20104 -1.91676 -5.00619 -4.56989 -4.25237 -1.2294 -3.22036 -4.18534 0.676768 -0.00891053 -2.32977
internal_weight=2451.43 1545.51 905.924 870.556 241.877 26.9729 214.904 103.421 628.68 35.3675 50.6119 52.8093 773.747 84.8297 44.9583 19.8228 770.114 641.949 37.1034 27.2872 771.76 13.5085 634.011 266.958 24.7153 13.035 11.0466 9.8162 15.1603 4.72833
internal_count=315867 279550 36317 29496 18776 4658 14118 10859 10720 6821 7693 3166 174410 5050 4199 3325 174238 142233 4467 3975 105140 3226 142225 57071 2803 2340 2337 492 1105 709
is_linear=0
shrinkage=1


Tree=1
num_leaves=31
num_cat=0
split_feature=2 8 6 1 8 8 1 8 8 8 8 8 8 6 8 1 3 3 8 1 2 3 2 4 8 8 8 8 8 1
split_gain=75578.7 24157.7 1710.15 4425.98 16848.5 13194.6 7785.99 5080.55 3625.55 3227.74 17880.1 2166.38 1139.5 8444.92 1051.8 1015.51 960.024 7363.52 20356.2 22506 4307.91 5016.26 1552.97 1535.2 603.611 1166.36 577.129 537.769 15545.6 434.848
threshold=1.0000000180025095e-35 0.83333333333333337 1.5000000000000002 1.0000000180025095e-35 0.12132352941176472 0.085144927536231887 1.5000000000000002 0.45000000000000007 0.10818713450292398 0.04819976771196284 0.050423728813559332 0.45000000000000007 0.050423728813559332 1.0000000180025095e-35 0.30952380952380959 1.5000000000000002 20.500000000000004 23.500000000000004 0.83333333333333337 1.5000000000000002 8.5000000000000018 22.500000000000004 8.5000000000000018 6.5000000000000009 0.36666666666666675 0.21111111111111114 0.10263157894736843 0.0061412551543799663 0.0059731224356306132 4.5000000000000009
decision_type=2 2 2 2 2 2 2 2 2 2 2 2 2 2 2 2 2 2 2 2 2 2 2 2 2 2 2 2 2 2
left_child=1 2 3 12 5 9 11 -8 -7 -5 -11 14 13 -1 -6 -3 22 18 -18 20 -20 -22 24 -24 25 26 -2 28 -4 -19
right_child=16 15 27 4 6 8 7 -9 -10 10 -12 -13 -14 -15 -16 -17 17 29 19 -21 21 -23 23 -25 -26 -27 -28 -29 -30 -31
leaf_value=0.090337058864548028 0.026450935416087156 0.19673302507926707 0.011058524676961855 -0.035556549036480589 -0.030550873479608134 1.5470953791486355 -0.030302955374177515 1.7792587189529616 2.9377675175662419 2.9573120238809647 -0.030758310781632131 0.058982429221254809 0.045613411989528896 0.68940976118340436 0.27840702785512983 0.44777740397453053 -0.049126754686522341 -0.0062818328725851831 -0.049532088907524884 2.851299119177646 1.6266919233593868 -0.038696004921204362 -0.076607274418639223 0.01748155954891847 0.025213307907790087 0.05120538834377588 -0.045977379195506908 0.010117823283252649 1.9591142153586734 0.056762717997259626
leaf_weight=20439.015298128128 3159.5229375720955 2016.4076345120557 87.833807543851435 6.2621253249235478 11.360915712546555 4.8618111955001941 2.0824635708704582 4.238498393446207 2.5838920320384204 2.5671044276095909 6.0497024292126298 183.2054826086387 511.24373977817595 21.199688196647912 78.021746949292719 14.607009657658635 31.607535465620458 184.17257069889456 6.0507776131853479 5.3178361048921934 4.6120553249493241 2.5156239550560713 255.669603231363 400.6587618724443 21603.358818883542 2569.8203242789023 102.21778782596812 309.88762397691607 3.8483142713084808 211.58956551551819
leaf_count=103602 2612 135540 2458 679 1191 266 212 187 135 57 691 6023 16282 653 4260 468 725 4248 527 12 228 178 1857 812 19082 4847 1241 6841 101 103
internal_value=0.0600147 0.0996053 0.0903346 0.0914924 0.205669 0.998697 0.142193 1.18309 2.0297 0.482763 0.859443 0.118056 0.0898524 0.0909578 0.239137 0.198539 0.0271275 0.0708033 0.413448 1.20392 0.539163 1.03891 0.0264343 -0.0191703 0.0275253 0.03609 0.0241811 0.0290012 0.0928273 0.0274242
internal_weight=52242.4 23705.3 21674.3 21272.7 301.234 22.3246 278.909 6.32096 7.4457 14.8789 8.61681 272.588 20971.5 20460.2 89.3827 2031.01 28537.1 445.866 50.1038 18.4963 13.1785 7.12768 28091.2 656.328 27434.9 5831.56 3261.74 401.57 91.6821 395.762
internal_count=316118 279646 143638 134238 13701 1828 11873 399 401 1427 748 11474 120537 104255 5451 136008 36472 6021 1670 945 933 406 30451 2669 27782 8700 3853 9400 2559 4351
is_linear=0
shrinkage=0.03


Tree=2
num_leaves=31
num_cat=0
split_feature=2 5 5 8 5 5 1 5 5 0 5 5 5 8 1 0 5 5 5 5 5 6 8 8 5 5 5 5 5 5
split_gain=67740.3 32914 30511 9201.63 8191.04 46489.6 19577.9 8817.77 18289.4 8566.16 6141.08 27964.6 9262.32 15485.8 18388 6290.98 13503.7 12619 79911 11735.6 32221.8 7578.47 6619.71 15112.6 10364.4 21409.7 5094.84 4917.64 21786.8 8785.23
threshold=1.0000000180025095e-35 120.50000000000001 136.50000000000003 0.45000000000000007 185.00000000000003 162.50000000000003 1.5000000000000002 167.50000000000003 170.50000000000003 1.5000000000000002 23.000000000000004 95.500000000000014 27.500000000000004 0.83333333333333337 1.0000000180025095e-35 1.5000000000000002 89.000000000000014 94.500000000000014 93.500000000000014 34.500000000000007 43.500000000000007 1.5000000000000002 0.23611111111111113 0.45000000000000007 94.500000000000014 91.500000000000014 94.500000000000014 144.00000000000003 161.00000000000003 154.00000000000003
decision_type=2 2 2 2 2 2 2 2 2 2 2 2 2 2 2 2 2 2 2 2 2 2 2 2 2 2 2 2 2 2
left_child=1 10 -3 -4 5 9 7 -7 -9 27 -1 12 13 -12 -15 17 -17 18 19 -14 -21 22 -18 26 25 -25 -24 -5 29 -29
right_child=-2 2 3 4 -6 6 -8 8 -10 -11 11 -13 15 14 -16 16 21 -19 -20 20 -22 -23 23 24 -26 -27 -28 28 -30 -31
leaf_value=0.083925466093811255 0.026303008734142774 2.387261516997758 -0.031086585511240484 0.14904989304729901 -0.030384896962172885 2.4731546802705826 0.50664831220536732 -0.030362773386550912 2.387261516997758 -0.030430745785206981 -0.030935235218849246 0.037205289658355602 0.19503106656546557 2.991320746025858 -0.03030070464567975 -0.030331061324121649 -0.03206911290843447 0.099166577518147447 2.958460585333996 3.0267774340213887 0.34416915586994967 -0.030983826774102299 -0.030271634195712854 0.48825720706164766 0.3383958143035416 2.6489037974979497 1.3725608282888093 0.8901637207255324 0.34411371744510733 2.3684953775434114
leaf_weight=23491.130182834575 28314.687000992708 6.3448605537414542 68.355130583979189 85.490199855528772 48.45257684122771 12.254411458969118 14.243243671022354 5.0638109333813173 6.3448605537414551 64.365261205472052 6.9282580418512207 1117.0186659181491 238.26608360093087 5.0766161922365427 2.8191443970426917 52.812719782814384 13.778726110234855 414.55968358367682 10.264839509502051 5.0177364349365261 20.466030402109027 19.808577762916684 2.5471368804574039 14.789465130306782 83.205682788975537 5.7253329595550886 27.336570048704743 8.3318187529221159 245.76521357148886 6.3944956660270682
leaf_count=137225 36433 2 5047 6390 4001 4 14 431 2 5218 676 18814 22641 8 287 5482 882 40282 6 2 1697 2177 289 1278 7626 3 1686 420 16824 6
internal_value=0.0584407 0.0933014 0.318483 0.295253 0.340163 0.380216 1.38543 1.91438 1.31418 0.287359 0.0882617 0.138184 0.260336 1.00418 1.91246 0.2482 0.387856 0.203579 0.361545 0.260476 0.872373 0.519953 0.594 0.658567 0.487304 1.09126 1.25299 0.346479 0.411273 1.53209
internal_weight=54417.6 26103 571.406 565.061 496.706 448.253 37.9063 23.6631 11.4087 410.347 25531.6 2040.42 923.403 14.824 7.89576 908.579 220.004 688.574 274.015 263.75 25.4838 167.191 147.383 133.604 103.72 20.5148 29.8837 345.982 260.492 14.7263
internal_count=315853 279420 38359 38357 33310 29309 451 437 433 28858 241061 103836 85022 971 295 84051 19423 64628 24346 24340 1699 13941 11764 10882 8907 1281 1975 23640 17250 426
is_linear=0
shrinkage=0.03


Tree=3
num_leaves=31
num_cat=0
split_feature=2 5 5 5 5 5 8 5 5 5 5 5 5 0 1 0 5 5 8 5 5 1 5 5 5 3 2 5 1 0
split_gain=45640.6 10849.1 16454.1 4341.57 6982.16 4150.26 3726.14 2407.92 2677.17 4756.37 13909.3 2333.56 2266.48 1801.51 1672.86 2667.87 2277.54 2140.97 1524.65 1180.86 1581.91 990.719 823.149 734.391 898.503 646.723 2139.74 1868.5 1755.28 1711.21
threshold=1.0000000180025095e-35 115.50000000000001 119.50000000000001 100.50000000000001 9.5000000000000018 94.500000000000014 0.83333333333333337 33.500000000000007 89.000000000000014 43.500000000000007 71.500000000000014 3.0000000000000004 185.00000000000003 2.5000000000000004 1.0000000180025095e-35 1.5000000000000002 27.500000000000004 16.500000000000004 0.83333333333333337 172.50000000000003 185.00000000000003 1.0000000180025095e-35 29.500000000000004 10.500000000000002 23.000000000000004 20.500000000000004 8.5000000000000018 116.50000000000001 2.5000000000000004 2.5000000000000004
decision_type=2 2 2 2 2 2 2 2 2 2 2 2 2 2 2 2 2 2 2 2 2 2 2 2 2 2 2 2 2 2
left_child=1 3 -3 4 11 7 13 14 9 -9 -11 -1 -8 -4 15 16 23 -16 -18 25 -21 -5 -20 -6 -25 26 -2 -27 -28 -29
right_child=19 2 6 21 5 -7 12 8 -10 10 -12 -13 -14 -15 17 -17 18 -19 22 20 -22 -23 -24 24 -26 27 28 29 -30 -31
leaf_value=0.076081105622064382 0.027059442457322589 2.3011704663757704 -0.030828218930230019 0.048624371237349306 0.19593523221894019 0.084907462482431584 0.21263357574262601 0.26847821140432743 0.18509201447351706 -0.030409790008088553 1.6236068152139727 0.012221881421147659 -0.030371761751376881 0.24026573105230276 0.17348672013365615 -0.030262842960438747 -0.030360367209658585 -0.0038256538749329161 0.29021967299877865 0.025987282366468027 -0.18760990342027595 -0.015865681103449554 -0.03036499746540974 0.032623694278207771 0.17236815733367383 0.022908133129750909 -0.08010959294679694 0.2358841820973458 0.021191949615361083 0.048079855527430868
leaf_weight=23600.030068166554 26211.377072536852 3.2895498275756827 102.50016835425049 371.66016072593629 101.75478686206043 929.79565290361643 722.03226786106825 75.579517602920532 244.3809813526459 9.0332558294758218 9.2731698662973923 526.49772786302492 36.278788790106773 28.112591086886823 112.65898234816268 53.765978917013854 15.272609185427426 134.40725216642022 215.31985542178154 73.234946922399104 54.374860344454646 506.65371581632644 7.4580169320106497 94.536857604980469 73.683475496247411 415.88889742223546 308.23708510026336 85.357379432301968 307.52982069551945 89.396177008748055
leaf_count=103989 27238 1 8101 4357 15470 54667 26883 3 2940 685 16 1058 3003 471 13897 6934 1377 6746 15839 251 705 12111 628 5 265 4130 2430 1379 184 41
internal_value=0.0534319 0.0804231 0.183354 0.077032 0.0792311 0.132012 0.175517 0.170192 0.237403 0.373567 0.807437 0.0746875 0.201008 0.027521 0.142084 0.170695 0.191963 0.0770265 0.259608 0.0260207 -0.065027 0.0114234 0.279487 0.132317 0.0938342 0.0264445 0.0257608 0.0574965 -0.029517 0.139812
internal_weight=55519.4 27974 892.213 27081.8 26203.4 2076.92 888.924 1147.12 338.267 93.8859 18.3064 24126.5 758.311 130.613 808.858 561.792 508.026 247.066 238.05 27545.4 127.61 878.314 222.778 269.975 168.22 27417.8 26827.1 590.642 615.767 174.754
internal_count=315804 279446 38459 240987 224519 119472 38458 64805 3644 704 701 105047 29886 8572 61161 40518 33584 20643 17844 36358 956 16468 16467 15740 270 35402 29852 5550 2614 1420
is_linear=0
shrinkage=0.03


Tree=4
num_leaves=31
num_cat=0
split_feature=3 5 5 5 5 5 0 8 0 5 0 5 5 0 5 5 5 6 5 0 8 5 5 5 6 7 8 8 5 5
split_gain=20191 4010.86 2383.82 1434.64 1279.01 3910.49 3115.45 2320.13 2275.97 1509.63 1643.12 1254.19 834.416 2000.09 958.058 833.925 1989.52 804.71 787.808 688.886 667.152 651.091 1068.75 1496.63 599.491 1111.77 559.38 555.932 509.73 504.728
threshold=1.0000000180025095e-35 95.500000000000014 115.50000000000001 172.50000000000003 33.500000000000007 94.500000000000014 1.0000000180025095e-35 0.050423728813559332 1.5000000000000002 23.000000000000004 1.5000000000000002 29.500000000000004 161.00000000000003 1.5000000000000002 142.50000000000003 105.50000000000001 109.00000000000001 1.5000000000000002 185.00000000000003 2.5000000000000004 0.23611111111111113 34.500000000000007 71.500000000000014 84.000000000000014 1.5000000000000002 1.0000000180025095e-35 0.83333333333333337 0.83333333333333337 29.500000000000004 167.50000000000003
decision_type=2 2 2 2 2 2 2 2 2 2 2 2 2 2 2 2 2 2 2 2 2 2 2 2 2 2 2 2 2 2
left_child=1 4 15 -2 6 7 -1 -6 -7 -8 11 26 13 14 -4 -3 -17 -15 -5 -14 -10 -9 -23 -24 -22 -26 -11 -16 -12 -21
right_child=3 2 12 18 5 8 9 21 20 10 28 -13 19 17 27 16 -18 -19 -20 29 24 22 23 -25 25 -27 -28 -29 -30 -31
leaf_value=0.069948491752429079 0.026017559353579234 0.031618065786729016 0.08783563787644931 0.016513496767338629 0.3286877105166453 0.042777776745595679 0.032423105526192493 0.26742359791262399 -0.034396620183354411 -0.030514252841384464 -0.063948741588033917 0.029740579430083725 0.043922544823174967 0.044721314638323947 -0.031459613408809414 -0.13403375721791022 0.013519558203745525 -0.13567502893827596 -0.16230068518799481 0.16786999445523418 0.15013485534243551 0.0759234244716495 0.44885165625225404 0.14900791887586975 -0.075234608334280292 0.12674647300993824 0.12803292237965092 0.17982408219119325 0.034285690875128484 0.027827277442488623
leaf_weight=24880.803942570463 19167.034207155928 2366.3794298646972 313.14433171693236 36.506358304060996 63.38293079007417 1133.5488522890955 3274.4909748579375 31.800565242767334 23.701789060607553 20.850648554740474 64.575977763393894 178.20921472110786 1625.5922390960623 397.78611421212554 11.824763746233655 93.423409387469292 687.1307920794934 23.573815698502585 56.485037323553115 71.983807844342664 329.40165154263377 205.84234770387411 15.945528030395506 247.9113076091744 33.384845455177128 92.436048259958625 507.47114341426641 214.92553003877401 180.19669062457979 34.150793740525842
leaf_count=103807 28980 3011 28 248 51 41012 34442 2 1134 1973 5697 991 29000 2531 844 538 16569 540 676 429 9755 692 1 3104 1611 181 20674 6805 479 194
internal_value=0.0503714 0.0633022 0.0404793 0.0254473 0.0675627 0.0897409 0.0659036 0.157667 0.0659449 0.0420878 0.0753549 0.0985616 0.0611989 0.0836128 0.121842 0.0227485 -0.00414089 0.0346287 -0.0921022 0.0487573 0.120778 0.136053 0.127158 0.167128 0.128858 0.0731536 0.121776 0.168806 0.00836946 0.122809
internal_weight=56383.9 37123.9 5839.92 19260 31284 2177.36 29106.6 564.883 1612.47 4225.79 951.304 706.531 2692.98 961.255 539.895 3146.93 780.554 421.36 92.9914 1731.73 478.924 501.5 469.699 263.857 455.223 125.821 528.322 226.75 244.773 106.135
internal_count=315999 286095 60489 29904 225606 57543 168063 3850 53693 64256 29814 23638 40371 10748 7677 20118 17107 3071 924 29623 12681 3799 3797 3105 11547 1792 22647 7649 6176 623
is_linear=0
shrinkage=0.03


Tree=5
num_leaves=31
num_cat=0
split_feature=2 5 7 1 0 5 5 5 0 5 5 6 5 6 1 2 4 5 5 5 0 5 0 5 5 1 5 5 0 5
split_gain=31255.4 6447.8 2311.05 13732.5 1780.83 1366.74 5512.64 1734.13 1707.11 2378.85 1190.47 1121.72 1212.23 1094.77 993.596 978.924 1703.24 1251.35 1041.22 962.581 1620.28 2120.52 840.334 697.011 1401.95 666.994 1437.04 711.787 633.607 617.882
threshold=1.0000000180025095e-35 23.000000000000004 2.5000000000000004 3.5000000000000004 4.5000000000000009 115.50000000000001 99.500000000000014 185.00000000000003 1.5000000000000002 89.000000000000014 94.500000000000014 1.5000000000000002 95.500000000000014 1.0000000180025095e-35 1.0000000180025095e-35 8.5000000000000018 6.5000000000000009 161.00000000000003 169.50000000000003 162.50000000000003 1.5000000000000002 142.50000000000003 2.5000000000000004 172.50000000000003 185.00000000000003 1.0000000180025095e-35 71.500000000000014 89.000000000000014 1.5000000000000002 96.500000000000014
decision_type=2 2 2 2 2 2 2 2 2 2 2 2 2 2 2 2 2 2 2 2 2 2 2 2 2 2 2 2 2 2
left_child=1 13 3 4 5 6 8 19 10 -10 25 12 -11 -1 -15 23 -17 -18 -19 20 -7 -22 -16 -2 -25 -3 -27 -28 -8 -12
right_child=15 2 -4 -5 -6 7 28 -9 9 11 29 -13 -14 14 22 16 17 18 -20 -21 21 -23 -24 24 -26 26 27 -29 -30 -31
leaf_value=0.06488240596526354 0.026461129638473843 0.14185542639532539 -0.020110784219836291 1.852501410782349 0.40938513565910167 0.14103811020604259 0.044590042732717265 -0.030388559744588341 -0.03031947028819813 0.20851408490099224 0.059175287176604967 -0.030299388546437902 0.032671007252566373 0.01456881448795003 0.062816365260033757 -0.069975201454556352 0.011559143497064545 0.32723244889395509 -0.06519716777365496 0.18842568808258883 0.27814637982930479 -0.030729556898365287 0.23408558127033788 0.03111628128836573 -0.15600000028343297 -0.03046070611913344 0.29737846383438837 0.099665696403582457 -0.014632533455347952 0.14745748863575367
leaf_weight=26116.062729388475 26225.838285936508 612.18765580095351 130.81702750362456 4.0571709359064689 17.366649576462805 755.47343490086496 614.27941209357232 56.857528197579086 50.677345475181937 445.30786910001189 513.59233624860644 20.822360336780548 38.320364132989198 736.12175696669146 287.68315629241988 262.97138044144958 603.33246062230319 20.746543249581013 8.6105058132670802 274.19373915530741 24.60117799974978 107.04814220126718 28.321415894664824 98.617034588940442 56.789608057122678 67.964552577584982 23.189517974853516 55.873042347840965 221.11158920731395 82.863136291503906
leaf_count=103897 30580 19373 3309 82 39 25664 9127 4764 5813 11670 40236 2195 3 19161 14030 1872 2680 307 328 646 3 7446 256 181 508 5184 1 396 6470 2
internal_value=0.0485104 0.0689752 0.103963 0.108036 0.106258 0.10493 0.0931983 0.131378 0.121303 0.165615 0.103157 0.185299 0.194581 0.0636737 0.0336702 0.0250386 -0.00580567 0.0208658 0.212132 0.139298 0.124113 0.0269898 0.0781661 0.0260858 -0.0372608 0.128075 0.0706974 0.157656 0.028915 0.07144
internal_weight=58561.7 31284.8 4116.6 3985.79 3981.73 3964.36 2746.19 1218.17 1910.8 555.128 1355.67 504.451 483.628 27168.2 1052.13 27276.9 895.661 632.69 29.357 1161.32 887.123 131.649 316.005 26381.2 155.407 759.215 147.027 79.0626 835.391 596.455
internal_count=316223 279767 142423 139114 139032 138993 100470 38523 84873 19681 65192 13868 11673 137344 33447 36456 5187 3315 635 33759 33113 7449 14286 31269 689 24954 5581 397 15597 40238
is_linear=0
shrinkage=0.03


Tree=6
num_leaves=31
num_cat=0
split_feature=2 5 5 9 1 6 8 8 8 5 8 1 5 5 5 5 5 5 5 5 5 8 8 8 1 5 8 1 5 5
split_gain=22139.8 2855.36 4101.44 1287.82 2267.17 911.453 1048.4 857.228 1247.22 1525.8 976.987 1043.49 877.775 2125.84 864.451 1228.24 838.249 752.571 1189.37 731.742 2599.54 712.61 666.435 1549 891.998 766.762 655.367 512.295 793.217 722.449
threshold=1.0000000180025095e-35 23.000000000000004 94.500000000000014 1.0000000180025095e-35 3.5000000000000004 1.0000000180025095e-35 0.83333333333333337 0.2678571428571429 0.085144927536231887 142.50000000000003 0.093073593073593086 1.0000000180025095e-35 99.500000000000014 120.50000000000001 167.50000000000003 162.50000000000003 136.50000000000003 172.50000000000003 185.00000000000003 144.00000000000003 151.50000000000003 0.23611111111111113 0.050423728813559332 0.83333333333333337 1.0000000180025095e-35 93.500000000000014 0.83333333333333337 1.0000000180025095e-35 105.50000000000001 109.00000000000001
decision_type=2 2 2 2 2 2 2 2 2 2 2 2 2 2 2 2 2 2 2 2 2 2 2 2 2 2 2 2 2 2
left_child=1 5 22 4 7 -1 -7 8 -4 10 -10 21 -9 27 15 16 -15 -2 -19 -18 -21 -12 24 25 -3 -24 -22 -14 -29 -30
right_child=17 2 3 -5 -6 6 -8 12 9 -11 11 -13 13 14 -16 -17 19 18 -20 20 26 -23 23 -25 -26 -27 -28 28 29 -31
leaf_value=0.059385982244590081 0.025135469722965431 0.30616727063752647 -0.031892289786833346 0.0046385278075352799 0.41875746300082983 0.0020374559257569113 0.06361664669390113 0.090167056968845277 0.47124581908546626 -0.032474799803680433 0.18764944784852747 -0.033531368241184752 0.040117671796991709 0.1692801056362169 -0.030387063371161847 0.16549665356034363 0.011309436056279175 0.028618955669432105 -0.13310613550854361 0.46313842249597753 -0.030516413806581735 0.42600896652228137 -0.031039614109696721 0.13985417938165962 0.12034008979767723 0.12225439135899029 0.079497724314330623 0.040276971312678968 -0.12201940794712808 -0.0060249705967284854
leaf_weight=27028.805108040571 26060.249956621556 45.032191129401326 27.658796309959143 272.83451793389395 16.952616913244128 543.06628570985049 459.25648810574785 965.59757873415947 15.256435515824704 20.923968637362123 34.566590974573046 13.205524361226706 307.45947292959318 74.557540893554688 60.12974026799202 151.60375022888184 182.5180972777307 98.688424674794078 69.924118348862976 15.509635749273 53.433792814612389 16.762350956909359 77.292103272862732 925.43722803611308 48.058755593840033 47.360995918512344 554.04753231350332 146.26069036545232 79.336553514003754 123.63204337004572
leaf_count=103755 35448 164 2069 5898 55 6257 27303 50029 151 1115 448 435 5304 2 5033 4 8128 263 713 242 3997 140 5968 26570 64 2 19151 802 428 6067
internal_value=0.0452031 0.0618274 0.0846643 0.066913 0.072855 0.0583442 0.0302526 0.0707921 0.146544 0.195548 0.255343 0.204302 0.067209 0.0545306 0.0801851 0.0866296 0.0730437 0.0247267 -0.0384489 0.0641361 0.0796127 0.26549 0.133302 0.126482 0.210233 0.0272033 0.0698209 0.0118778 -0.0129844 -0.051365
internal_weight=58535.4 32306.6 4275.43 3132.25 2859.41 28031.1 1002.32 2842.46 128.374 100.715 79.7909 64.5345 2714.09 1748.49 1091.8 1031.67 880.067 26228.9 168.613 805.509 622.991 51.3289 1143.18 1050.09 93.0909 124.653 607.481 656.689 349.229 202.969
internal_count=316005 279581 142266 109498 103600 137315 33560 103545 4358 2289 1174 1023 99187 49158 36557 31524 31520 36424 976 31518 23390 588 32768 32540 228 5970 23148 12601 7297 6495
is_linear=0
shrinkage=0.03


Tree=7
num_leaves=31
num_cat=0
split_feature=2 5 5 5 5 5 5 5 8 8 7 5 5 5 1 5 5 2 4 5 3 8 5 5 1 5 8 8 8 8
split_gain=19086.8 2085.52 1792.26 1354.83 1952.15 1288.96 1283.55 1055.83 1074.72 976.819 2363.53 826.442 1364.31 760.976 971.771 759.631 734.549 717.84 2885.57 1420.2 1077.29 655.955 1457.79 765.501 1581.43 912.129 888.01 651.403 902.267 701.309
threshold=1.0000000180025095e-35 9.5000000000000018 185.00000000000003 94.500000000000014 115.50000000000001 33.500000000000007 8.5000000000000018 136.50000000000003 0.45000000000000007 0.36666666666666675 2.5000000000000004 105.50000000000001 109.00000000000001 10.500000000000002 1.0000000180025095e-35 185.00000000000003 162.50000000000003 7.5000000000000009 2.5000000000000004 161.00000000000003 20.500000000000004 0.36666666666666675 95.500000000000014 94.500000000000014 1.0000000180025095e-35 8.5000000000000018 0.23611111111111113 0.006045341584640874 0.0078380177136128607 0.085144927536231887
decision_type=2 2 2 2 2 2 2 2 2 2 2 2 2 2 2 2 2 2 2 2 2 2 2 2 2 2 2 2 2 2
left_child=1 6 17 5 9 13 -1 -6 -9 10 27 -11 -13 -3 -15 16 -10 21 -19 -20 -21 22 23 24 25 -2 -25 -5 -29 -30
right_child=2 3 -4 4 7 -7 -8 8 15 11 -12 12 -14 14 -16 -17 -18 18 19 20 -22 -23 -24 26 -26 -27 -28 28 29 -31
leaf_value=0.056411346648401965 0.08855621555918744 0.11868970192669807 -0.12161695650553385 -0.031419872086286486 0.16848810380463361 0.13187387091734409 0.0063718214813308482 -0.031080629822980741 0.082507928347270748 0.046336619665376576 0.01029391433066033 -0.11146903987249819 0.030767350218639043 0.078936719318478357 -0.0045727126687799997 -0.030359340543681813 0.14004401031454847 -0.10774413195366403 0.012430241391683135 -0.11966205355150986 0.18864130574559526 0.023836175047427643 0.023544575702355297 -0.038535614055581785 0.058900387958787909 -0.044494005903400087 0.087518171479570223 0.25938806783124413 -0.031212043487460053 0.13888770924036481
leaf_weight=28592.678164258599 57.268951416015625 308.04496154235676 74.976359175518155 19.80725064733997 149.52811305969954 630.06713827699423 468.91496709175408 68.852019730955362 874.56022046506405 1348.2850995785557 236.86755501572043 83.767282545566559 220.32674776017666 678.26940532028675 153.85923695098609 44.759820434264839 258.79737957194448 179.75849001808092 1191.9925216622651 11.987254891777409 68.431150758173317 19210.396190913627 3473.383264350472 54.0486617567949 1040.2048244313337 243.742508365307 724.76825814973563 52.35427931509912 24.161067647393793 224.6064090798609
leaf_count=104185 1 31974 717 1645 6 3720 1087 5069 28851 48825 3192 426 9654 22405 6728 3969 449 1832 4390 347 698 19449 3254 597 1397 2362 1185 344 1845 5401
internal_value=0.0440782 0.0587795 0.0248502 0.0759427 0.0653925 0.0974376 0.0556039 0.0931588 0.0841258 0.0478484 0.0821751 0.0362607 -0.00841381 0.0784079 0.063496 0.0908588 0.095646 0.0252684 0.00476759 0.0206626 0.142685 0.0264687 0.0355099 0.0551135 0.0413766 -0.0191805 0.0787702 0.135228 0.14619 0.122367
internal_weight=60769.5 34438.5 26331 5376.91 3606.67 1770.24 29061.6 1396.5 1246.97 2210.18 557.797 1652.38 304.094 1140.17 832.129 1178.12 1133.36 26256 1452.17 1272.41 80.4184 24803.8 5593.42 2120.03 1341.22 301.011 778.817 320.929 301.122 248.767
internal_count=316004 279775 36229 174503 109676 64827 105272 38344 38338 71332 12427 58905 10080 61107 29133 33269 29300 35512 7267 5435 1045 28245 8796 5542 3760 2363 1782 9235 7590 7246
is_linear=0
shrinkage=0.03


Tree=8
num_leaves=31
num_cat=0
split_feature=2 8 5 2 3 9 1 5 5 1 1 5 1 2 5 8 5 5 5 5 5 5 5 8 5 5 5 1 2 3
split_gain=18229.5 2175.6 1529.74 991.469 2220.21 956.498 1005.08 723.911 2189.48 1503.48 1117.87 1057.77 720.401 935.186 658.4 627.68 1573.43 1110.8 741.99 589.66 790.709 571.703 548.367 927.782 781.468 609.087 539.501 497.876 483.564 2870.21
threshold=1.0000000180025095e-35 0.83333333333333337 185.00000000000003 7.5000000000000009 2.5000000000000004 1.0000000180025095e-35 3.5000000000000004 115.50000000000001 105.50000000000001 1.0000000180025095e-35 1.0000000180025095e-35 94.500000000000014 1.5000000000000002 8.5000000000000018 33.500000000000007 0.2678571428571429 9.5000000000000018 93.500000000000014 119.50000000000001 142.50000000000003 161.00000000000003 185.00000000000003 162.50000000000003 0.36666666666666675 99.500000000000014 169.50000000000003 38.500000000000007 1.0000000180025095e-35 5.5000000000000009 5.5000000000000009
decision_type=2 2 2 2 2 2 2 2 2 2 2 2 2 2 2 2 2 2 2 2 2 2 2 2 2 2 2 2 2 2
left_child=1 5 3 28 -5 6 15 8 11 -10 19 14 13 -6 -3 16 -1 -17 -18 -9 -21 -12 23 24 -19 -24 -16 -28 29 -2
right_child=2 7 -4 4 12 -7 -8 10 9 -11 21 -13 -14 -15 26 17 18 22 -20 20 -22 -23 25 -25 -26 -27 27 -29 -30 -31
leaf_value=0.054472022172728805 0.026857191421407314 0.080731609054841197 -0.11164013620670828 -0.10324408537170529 0.014251502641285805 -0.0073401992537417736 0.23198897243624286 0.17684838531514177 0.078927835073800828 -0.071894114216051894 0.12146430521097747 0.054050606329899789 0.031948280626524196 -0.066230723989016305 0.2063329258581609 -0.0091377441704520272 0.13993118211661393 0.10603731324066175 -0.032051599277467084 -0.030996515012930579 0.069762017000761858 -0.030344477531152849 0.15828763866431436 0.00085514376523189721 -0.030389383210817727 -0.030370180303596551 0.086018161150849703 0.16169956998558876 0.037676310060513085 -0.022716037109525775
leaf_weight=30059.532560631633 21082.272986877244 1171.6599382348359 74.592678610701114 163.82996056950651 405.71288736443967 226.4598576258868 28.70003535784781 36.012336730957031 95.029679168015718 159.03829785436392 789.56152904033661 1101.9445632454008 806.76327093271539 191.16414666059427 61.839698314666748 382.96558477450162 261.8562642596662 218.1943300710991 24.707505609840155 86.371348673477769 372.00197101477534 22.976133659482002 78.524032592773438 239.45449991850182 45.703211615327746 19.159870495088398 243.01293147914112 115.37402068823576 2771.4754751455039 1106.3013351233676
leaf_count=103688 17969 51734 696 1680 1718 6358 51 1 3334 5407 14932 43457 702 3151 2 10093 4418 2769 1556 3164 9562 2050 2 8761 3860 1807 1386 625 1456 9063
internal_value=0.042841 0.0568061 0.0240264 0.0244079 0.00126401 0.0540933 0.0545369 0.0769446 0.0687053 -0.0154818 0.0955293 0.0766454 0.013462 -0.0115249 0.0922861 0.0543744 0.055139 0.0307933 0.125103 0.0599595 0.0507761 0.117172 0.0562364 0.0436128 0.0824102 0.121284 0.124502 0.110382 0.0258613 0.0243855
internal_weight=62442.2 35840.1 26602.1 26527.5 1567.47 31585.3 31358.8 4254.82 2947.9 254.068 1306.92 2693.83 1403.64 596.877 1591.89 31330.1 30346.1 984.002 286.564 494.386 458.373 812.538 601.036 503.352 263.898 97.6839 420.227 358.387 24960 22188.6
internal_count=315452 279017 36435 35739 7251 143363 137005 135654 105945 8741 29709 97204 5571 4869 53747 136954 109662 27292 5974 12727 12726 16982 17199 15390 6629 1809 2013 2011 28488 27032
is_linear=0
shrinkage=0.03


Tree=9
num_leaves=31
num_cat=0
split_feature=10 0 5 5 5 8 5 5 5 5 8 8 1 5 1 5 5 5 1 5 5 5 5 8 8 8 5 5 6 5
split_gain=8118.01 1453.53 1298.54 759.635 1303.4 944.648 941.066 1175.23 665.919 900.423 880.341 833.955 664.914 655.249 624.877 738.633 665.785 842.1 465.215 643.225 461.661 429.213 401.895 385.156 375.598 526.563 366.205 658.545 458.07 351.413
threshold=1.0000000180025095e-35 1.5000000000000002 185.00000000000003 99.500000000000014 162.50000000000003 0.10263157894736843 89.000000000000014 94.500000000000014 120.50000000000001 163.50000000000003 0.093073593073593086 0.085144927536231887 1.0000000180025095e-35 123.50000000000001 1.0000000180025095e-35 154.00000000000003 151.50000000000003 144.00000000000003 1.0000000180025095e-35 102.50000000000001 105.50000000000001 154.00000000000003 162.50000000000003 0.23611111111111113 0.050423728813559332 0.83333333333333337 105.50000000000001 116.50000000000001 1.5000000000000002 9.5000000000000018
decision_type=2 2 2 2 2 2 2 2 2 2 2 2 2 2 2 2 2 2 2 2 2 2 2 2 2 2 2 2 2 2
left_child=1 8 29 6 5 13 12 24 10 14 11 -1 23 -5 15 -10 17 -16 19 -7 -21 -18 -17 -3 -8 -26 -20 -28 -29 -2
right_child=2 3 -4 4 -6 18 7 -9 9 -11 -12 -13 -14 -15 16 22 21 -19 26 20 -22 -23 -24 -25 25 -27 27 28 -30 -31
leaf_value=0.050299576278975522 -0.045694652269278914 0.022088662858447516 -0.10187037989111374 0.022837363623002944 0.053598635760892417 -0.12316424649527674 0.17957570299717601 0.047223650204968257 -0.00081566030276502947 0.025439925608366363 0.038528071519739311 0.20364125300914981 0.039094680172474826 0.14455462293631444 0.11807342100958185 0.062743599792335444 -0.08097120674439566 0.30984683597649165 0.026378895565289516 0.036405431781089598 -0.067526163654358221 0.079860458733606379 0.13188051781563953 -0.03681928718775445 -0.030964145491747849 0.11864678473073896 -0.097579957335059503 0.0087815559083451525 -0.1159625313443044 0.024010240432786222
leaf_weight=30919.625159609364 65.335687253624201 197.27260843035765 74.370451377471909 634.25124106323346 679.62219481519423 78.190815762151033 69.357171604176983 1087.0207039215602 151.98285683523864 374.40769751463085 6787.9840111741796 31.953108985908329 859.70033015403897 42.471103534335271 261.73325148876756 482.5242674399633 15.484087949618695 22.368916146457195 234.25819121766835 74.136207580566406 79.944447991671041 420.2705733103212 89.746551513671875 202.36034188070334 24.820611402858049 144.03811084013432 80.489133027382195 306.07124186703004 29.003727124771103 17520.506545530632
leaf_count=105457 525 578 683 6056 2117 1123 30 12681 2999 3464 102232 191 4825 397 4251 8360 347 27 307 2 4245 9974 2 7567 1222 808 1848 4423 1053 28369
internal_value=0.0404253 0.0472708 0.0232223 0.0317222 0.0189288 0.00381322 0.0428023 0.0604489 0.0491666 0.0668984 0.0483121 0.0504579 0.0242322 0.0304763 0.0776472 0.057973 0.0974415 0.133173 -0.0166421 -0.0530831 -0.0175193 0.0741455 0.073586 -0.00774029 0.120798 0.0966554 -0.00361671 -0.0205256 -0.00201616 0.0237513
internal_weight=62041.3 44381.1 17660.2 4823.01 2238.44 1558.82 2584.57 1325.24 39558.1 1818.52 37739.6 30951.6 1259.33 676.722 1444.11 724.254 719.857 284.102 882.094 232.271 154.081 435.755 572.271 399.633 238.216 168.859 649.822 415.564 335.075 17585.8
internal_count=316163 286586 29577 49282 21571 19454 27711 14741 237304 29424 207880 105648 12970 6453 25960 11361 14599 4278 13001 5370 4247 10321 8362 8145 2060 2030 7631 7324 5476 28894
is_linear=0
shrinkage=0.03


Tree=10
num_leaves=31
num_cat=0
split_feature=2 5 5 8 6 8 8 5 5 8 5 5 6 5 5 1 0 8 0 0 8 8 5 1 5 5 5 0 2 1
split_gain=10816.1 2548.55 1353.91 1184.21 889.939 821.33 910.886 817.188 2897.11 1506.43 628.616 587.119 486.232 425.377 5067.54 1575.73 864.504 744.278 649.23 918.407 521.33 442.193 442.767 793.868 432.933 421.986 417.676 410.254 384.424 1633.84
threshold=1.0000000180025095e-35 9.5000000000000018 185.00000000000003 0.12132352941176472 4.5000000000000009 0.10263157894736843 0.006045341584640874 144.00000000000003 99.500000000000014 0.83333333333333337 185.00000000000003 151.50000000000003 1.5000000000000002 33.500000000000007 37.500000000000007 1.0000000180025095e-35 1.5000000000000002 0.45000000000000007 1.5000000000000002 2.5000000000000004 0.45000000000000007 0.83333333333333337 10.500000000000002 1.0000000180025095e-35 94.500000000000014 154.00000000000003 96.500000000000014 1.5000000000000002 8.5000000000000018 1.0000000180025095e-35
decision_type=2 2 2 2 2 2 2 2 2 2 2 2 2 2 2 2 2 2 2 2 2 2 2 2 2 2 2 2 2 2
left_child=1 3 28 -1 5 6 -3 8 12 -9 11 -11 13 16 -15 17 21 27 -17 20 -20 -7 -23 -24 -19 -13 -26 -16 -2 -30
right_child=2 4 -4 -5 -6 7 -8 9 -10 10 -12 25 -14 14 15 18 -18 24 19 -21 -22 22 23 -25 26 -27 -28 -29 29 -31
leaf_value=0.045300076993337574 0.023901364032514107 -0.032502917091405951 -0.097797666755009477 -0.0090914396441909989 -0.00038077739981099562 -0.030441873231636198 0.13430844050953064 -0.030831589491027666 0.01863634174771996 0.23347688572195174 -0.030356092666689115 -0.03176062492185399 -0.030373289805215569 0.77688818597940068 -0.030539279075642207 0.091831863467095917 -0.020688315758625273 0.072731725850027754 0.1292271580365392 0.063501824628512421 0.22332167195023239 0.10604008826314228 0.07583651508847504 -0.003875990365014838 0.019718005912200801 0.098633445434381295 0.11060306935603306 0.13436718983231791 -0.073536914495943573 0.022663221647198022
leaf_weight=31162.3168008551 24327.097001488553 33.053666124586016 83.616402771789581 364.4662299300544 175.46625475492328 38.000250414013863 271.09509824356064 91.359938634093851 1152.0740117114037 28.664277276024222 34.610593588091433 22.80192029196769 39.162870706990361 9.491238594055174 15.060101123526691 429.61968280002475 103.04782602004707 333.98835350945592 94.513377245515585 81.062221588566899 120.63367642648518 281.20527096558362 659.22685424238443 135.56833990011364 457.48318457789719 1095.5084028672427 50.536079406738281 137.92028811946511 192.81647027074359 903.08697003941052
leaf_count=103911 30751 2513 717 1325 2323 3655 4284 6910 21197 41 2995 472 3745 1 882 18570 9241 1990 756 174 3352 24578 16468 4692 24991 18820 1 1517 2427 2583
internal_value=0.0377866 0.0480557 0.022722 0.0446713 0.0661678 0.0682108 0.11618 0.0655147 0.0590492 0.0865352 0.09561 0.0994111 0.0746388 0.0760342 0.0855926 0.0817797 0.0624448 0.0572607 0.115391 0.149561 0.181986 0.0701348 0.0736868 0.0622399 0.0462011 0.0959748 0.028759 0.118133 0.0231184 0.00573749
internal_weight=62924.6 37417.9 25506.6 31526.8 5891.15 5715.69 304.149 5411.54 4138.59 1272.95 1181.59 1146.97 2986.52 2947.36 1730.31 1720.82 1217.05 994.988 725.829 296.209 215.147 1114 1076 794.795 842.008 1118.31 508.019 152.98 25423 1095.9
internal_count=315882 279404 36478 105236 174168 171845 6797 165048 135810 29238 22328 19333 114613 110868 52234 52233 58634 29381 22852 4282 4108 49393 45738 21160 26982 19292 24992 2399 35761 5010
is_linear=0
shrinkage=0.03


Tree=11
num_leaves=31
num_cat=0
split_feature=10 5 5 5 8 5 8 7 5 5 5 5 5 5 8 8 5 8 8 8 1 1 6 8 9 5 4 5 3 8
split_gain=5201.6 1158.68 480.143 2224.59 595.594 2056.45 874.506 568.131 523.443 1141.72 674.333 635.452 605.946 473.408 930.198 461.83 458.367 416.073 496.225 412.726 675.734 362.845 508.367 360.575 347.67 709.901 480.065 1028.15 783.456 769.083
threshold=1.0000000180025095e-35 185.00000000000003 97.500000000000014 114.50000000000001 0.093073593073593086 105.50000000000001 0.085144927536231887 4.5000000000000009 33.500000000000007 94.500000000000014 8.5000000000000018 10.500000000000002 34.500000000000007 100.50000000000001 0.36666666666666675 0.050423728813559332 185.00000000000003 0.0055071145146207709 0.0078380177136128607 0.0077419483736913619 1.5000000000000002 1.0000000180025095e-35 1.5000000000000002 0.30952380952380959 3.5000000000000004 120.50000000000001 15.500000000000002 116.50000000000001 23.500000000000004 0.0048840121653050276
decision_type=2 2 2 2 2 2 2 2 2 2 2 2 2 2 2 2 2 2 2 2 2 2 2 2 2 2 2 2 2 2
left_child=2 24 8 4 6 13 7 17 10 12 -1 -12 -10 14 -6 -14 -5 -4 19 20 -19 -11 23 -23 26 -26 29 -28 -29 -2
right_child=1 -3 3 16 5 -7 -8 -9 9 21 11 -13 15 -15 -16 -17 -18 18 -20 -21 -22 22 -24 -25 25 -27 27 28 -30 -31
leaf_value=0.043675790170784226 -0.069707044760495218 -0.091172703247606735 -0.071020642950737817 0.050774791394449903 -0.13120958461071594 -0.060078419656137763 0.18637582499445793 -0.08456899073245748 0.19920908161697645 0.034027823239880586 0.015368091015225885 0.040063186834937176 0.12950117071789452 0.035340289774467133 0.010497599917656794 0.068810286796124095 -0.035610418841195583 0.17194171814413844 0.020474579050238816 0.17314329478576021 0.023891772649334578 -0.0026969106771817203 -0.072124554963948775 0.063389702064489559 -0.10342041425625721 0.036423817119974673 0.018754572324553596 0.14977768593829005 0.047238854799530362 0.023060952908197981
leaf_weight=32520.992142245173 80.836451520677656 80.006942088250071 29.896477839909494 3487.6861347837839 44.517828078009188 363.82812009938061 33.938995886594057 36.696706453338265 38.660785675048828 1434.7620822410099 1523.6306891515851 2438.9408378351945 132.67346448265016 792.71101760864258 656.3726789643988 754.9952005087398 56.171478803968057 36.921420129016042 300.31826733052731 36.607167769223452 111.65006603300571 79.515337612479925 27.182448991574347 1133.7032548356801 58.353263661265373 74.228057861328125 419.91929577849805 122.71955464733765 147.86832092702389 16005.285782516934
leaf_count=104248 289 674 1980 35495 1017 11292 91 845 2 29295 34294 29947 57 26 1624 3797 4838 185 2083 36 931 1072 1192 22263 302 2 4474 621 1184 21900
internal_value=0.0369135 0.0227249 0.0421456 0.0342213 0.0121988 0.00387933 0.0385676 0.0294813 0.0433292 0.0542404 0.0422521 0.0305678 0.082945 0.0194589 0.00149691 0.0778813 0.0494056 0.0376019 0.0442908 0.0829153 0.0606836 0.0443008 0.0561836 0.0590583 0.0232638 -0.0251261 0.0236462 0.0481403 0.0937432 0.0225948
internal_weight=63061.6 16989.2 46072.4 5987.32 2443.46 1857.43 586.029 552.09 40085.1 3601.49 36483.6 3962.57 926.329 1493.6 700.891 887.669 3543.86 515.393 485.497 185.179 148.571 2675.16 1240.4 1213.22 16909.2 132.581 16776.6 690.507 270.588 16086.1
internal_count=316056 29446 286610 60443 20110 13959 6151 6060 226167 57678 168489 64241 3856 2667 2641 3854 40333 5215 3235 1152 1116 53822 24527 23335 28772 304 28468 6279 1805 22189
is_linear=0
shrinkage=0.03


Tree=12
num_leaves=31
num_cat=0
split_feature=2 5 5 5 2 4 5 5 8 8 7 5 1 1 8 3 8 5 8 1 8 5 1 5 8 5 5 2 5 1
split_gain=8871.92 1962.56 1139.93 865.284 845.689 2220.87 841.322 1163.2 832.457 691.435 1231.23 657.048 1295.03 618.144 616.304 812.554 603.115 1278.94 568.816 562.944 549.444 533.381 510.1 519.405 496.318 941.177 2091.34 932.458 511.389 1272.93
threshold=1.0000000180025095e-35 9.5000000000000018 185.00000000000003 8.5000000000000018 7.5000000000000009 2.5000000000000004 94.500000000000014 115.50000000000001 0.45000000000000007 0.36666666666666675 2.5000000000000004 105.50000000000001 1.0000000180025095e-35 1.5000000000000002 0.83333333333333337 13.500000000000002 0.050423728813559332 91.500000000000014 0.83333333333333337 3.5000000000000004 0.83333333333333337 185.00000000000003 1.0000000180025095e-35 96.500000000000014 0.36666666666666675 99.500000000000014 100.50000000000001 3.5000000000000004 94.500000000000014 1.0000000180025095e-35
decision_type=2 2 2 2 2 2 2 2 2 2 2 2 2 2 2 2 2 2 2 2 2 2 2 2 2 2 2 2 2 2
left_child=1 3 4 -1 24 -6 16 9 -9 10 -8 22 -13 14 -7 -16 17 -3 19 -15 -18 -10 23 -11 25 28 27 -27 29 -2
right_child=2 6 -4 -5 5 13 7 8 21 11 -12 12 -14 18 15 -17 20 -19 -20 -21 -22 -23 -24 -25 -26 26 -28 -29 -30 -31
leaf_value=0.042363887616459456 -0.02085106987045586 -0.032205553035128495 -0.087102028985534069 -0.0073834235594925045 -0.096992694053695219 -0.057449411981043044 0.090866122501215271 -0.031061215589603751 0.07737941290647446 0.0010722422567294512 0.0079297877865026727 0.069229744642691118 -0.066541099188800731 -0.041052910213047522 0.026878903194082968 -0.089903492153222186 0.031463407810460482 0.35466239631147894 0.079621758685545274 0.031967857602699809 0.079536996607773552 -0.030337967684812017 0.056594576606153149 0.048731706976696057 0.021113255408000561 -0.16467526231953616 0.025285612347275027 0.013638325724508186 0.059816362973409337 0.04897747988119628
leaf_weight=33493.315585196018 308.33110944041982 12.580313201062379 86.279430974274874 317.65930172707886 184.27174754720181 169.54633494117297 492.54109466820955 69.538392579648644 1711.1736578997225 484.23891576100141 239.40214112633839 102.78530042991042 164.29023404419422 117.74683579709381 371.12008421123028 62.677666320465505 243.14592272089794 19.787160396575928 172.15808761678636 492.29611954092979 1783.1896944548935 42.397236144170165 657.1337667084299 357.9179520001635 17012.962806647411 77.424037232995033 2839.4549579946324 40.045289129018784 1154.5174025609158 987.24476873548701
leaf_count=104197 2391 436 702 1070 1807 2178 9180 5075 29355 25667 3242 3877 6174 406 111 2491 11000 4 14 278 53330 4025 22217 781 19516 520 2754 31 1790 1398
internal_value=0.0361492 0.0447762 0.0217477 0.0418965 0.0221392 0.000852546 0.0600372 0.052518 0.0707382 0.0392221 0.0637395 0.0290626 -0.014289 0.0138656 -0.00895008 0.0100055 0.0758207 0.204298 0.0314642 0.0178738 0.0737685 0.0747751 0.036785 0.0213276 0.0236296 0.0315472 0.0201539 -0.103888 0.0452974 0.0323591
internal_weight=64267.2 40191.1 24076.1 33811 23989.8 1569.82 6380.12 4321.42 1823.11 2498.31 731.943 1766.37 267.076 1385.55 603.344 433.798 2058.7 32.3675 782.201 610.043 2026.34 1753.57 1499.29 842.157 22420 5407.02 2956.92 117.469 2450.09 1295.58
internal_count=316017 279630 36387 105267 35685 7285 174363 109593 38455 71138 12422 58716 10051 5478 4780 2602 64770 440 698 684 64330 33380 48665 26448 28400 8884 3305 551 5579 3789
is_linear=0
shrinkage=0.03


Tree=13
num_leaves=31
num_cat=0
split_feature=10 5 4 4 5 4 5 5 5 8 9 8 1 5 8 5 1 0 5 1 0 5 8 5 5 5 1 5 5 0
split_gain=3907.28 980.973 594.473 544.223 672.368 715.541 505.891 1627.98 447.875 1760.02 1080.22 526.05 511.746 401.523 613.181 941.135 380.672 380.545 376.004 379.505 964.598 855.237 469.488 445.128 432.755 451.434 367.385 361.057 938.412 1143.78
threshold=1.0000000180025095e-35 185.00000000000003 23.500000000000004 19.500000000000004 161.00000000000003 20.500000000000004 97.500000000000014 114.50000000000001 105.50000000000001 0.093073593073593086 1.5000000000000002 0.006045341584640874 1.0000000180025095e-35 100.50000000000001 0.83333333333333337 99.500000000000014 1.5000000000000002 7.5000000000000009 185.00000000000003 1.0000000180025095e-35 1.5000000000000002 162.50000000000003 0.83333333333333337 144.00000000000003 129.50000000000003 161.00000000000003 1.5000000000000002 33.500000000000007 94.500000000000014 1.5000000000000002
decision_type=2 2 2 2 2 2 2 2 2 2 2 2 2 2 2 2 2 2 2 2 2 2 2 2 2 2 2 2 2 2
left_child=6 2 3 -2 26 -6 27 8 13 10 11 -10 -11 14 15 -8 -13 -12 19 24 22 23 -21 -22 -9 -26 -5 -1 -29 -30
right_child=1 -3 -4 4 5 -7 7 18 9 12 17 16 -14 -15 -16 -17 -18 -19 -20 20 21 -23 -24 -25 25 -27 -28 28 29 -31
leaf_value=0.039075778370078168 0.022348712346774647 -0.082164539844217219 -0.05167608107124929 -0.039979909043337036 0.26859915165120279 -0.035596929246759314 0.035648841870596346 0.064241230860872453 -0.063014447587451922 -0.015862875233916832 -0.064922991332863333 0.15035852316541062 -0.083115636327001113 0.034526766666831389 0.018973047921707505 -0.11168973360688614 0.062791572727572631 0.036992479683831882 -0.035862875806221703 0.010635111859388627 0.019696153161957986 0.054366844281576815 0.080720526821516786 -0.048690155899334862 -0.037040583212196047 0.029472225580071575 0.058988695959648479 0.076267745662988259 0.023896363960240908 0.062473623930980493
leaf_weight=38393.745812695241 16881.364504091209 80.677181656938046 96.208919296972454 38.675190519075841 25.405459767207503 9.5850092684850079 68.280404952354729 290.59911165572703 19.124842485412955 196.91442185640335 80.186890358105302 81.679786213673651 210.88471708353609 777.83774882927537 504.02222074847668 91.042223793454468 98.634615044109523 56.002601653337479 52.915777014801279 95.182113000191748 265.57873625215143 613.45761429704726 893.88834317214787 126.44767606188543 102.37791383825243 892.13477475522086 265.48122981097549 863.73034942988306 1604.3571930974722 1215.9678552756086
leaf_count=168240 23986 665 2003 2214 126 526 4 11 1195 4484 3447 279 6842 31 685 2267 874 12 4806 2060 1451 297 12656 4385 3648 10827 136 3830 41001 12805
internal_value=0.0343694 0.0222029 0.0226892 0.0231046 0.0607314 0.18527 0.0388166 0.0302751 0.0101476 -0.00876509 0.0421157 0.0865904 -0.0506412 0.0199036 0.00275644 -0.0485453 0.102458 -0.0230142 0.0434693 0.0447493 0.0529408 0.032249 0.0739759 -0.00236177 0.0320357 0.0226252 0.0464043 0.0399366 0.0489078 0.0405287
internal_weight=64992.4 17397.4 17316.7 17220.5 339.147 34.9905 47595 5517.19 2184.61 743.428 335.629 199.439 407.799 1441.18 663.345 159.323 180.314 136.189 3332.58 3279.67 1994.55 1005.48 989.07 392.026 1285.11 994.513 304.156 42077.8 3684.06 2820.33
internal_count=315793 29656 28991 26988 3002 652 286137 60261 20120 17133 5807 2348 11326 2987 2956 2271 1153 3459 40141 35335 20849 6133 14716 5836 14486 14475 2350 225876 57636 53806
is_linear=0
shrinkage=0.03


Tree=14
num_leaves=31
num_cat=0
split_feature=2 8 3 3 2 0 8 3 2 10 2 8 8 7 8 8 0 0 8 8 8 6 0 4 8 6 7 8 0 8
split_gain=5044.29 1377.42 782.197 903.2 1775.37 1690.25 578.394 538.295 2868.02 1692.06 1011.11 3134.69 924.657 531.018 587.642 492.113 472.128 555.527 447.231 440.892 546.131 415.011 411.078 1214.57 450.025 863.885 321.404 376.108 272.861 265.502
threshold=1.0000000180025095e-35 0.83333333333333337 24.500000000000004 20.500000000000004 8.5000000000000018 4.5000000000000009 0.2678571428571429 5.5000000000000009 4.5000000000000009 0.87500000000000011 1.5000000000000002 0.83333333333333337 0.0053262411347517738 4.5000000000000009 0.006045341584640874 0.36666666666666675 2.5000000000000004 1.5000000000000002 0.0025673983257530819 0.21111111111111114 0.10263157894736843 1.0000000180025095e-35 2.5000000000000004 4.5000000000000009 0.83333333333333337 1.5000000000000002 2.5000000000000004 0.10263157894736843 1.5000000000000002 0.050423728813559332
decision_type=2 2 2 2 2 2 2 2 2 2 2 2 2 2 2 2 2 2 2 2 2 2 2 2 2 2 2 2 2 2
left_child=1 6 3 4 7 -6 13 15 9 18 11 -11 -12 14 21 19 17 -5 -9 20 -2 -1 -17 24 -24 -26 27 -16 -8 -20
right_child=2 -3 -4 16 5 -7 28 8 -10 10 12 -13 -14 -15 26 22 -18 -19 29 -21 -22 -23 23 -25 25 -27 -28 -29 -30 -31
leaf_value=0.037541161109946826 0.026066661348388594 0.053191463594820979 -0.049348075334088325 -0.037863221981489385 -0.079863504610509478 0.023269398343008542 -0.0090510723086538007 0.016550188166919021 0.029451690196541199 -0.064566495838591517 0.040883290583923093 0.59840715535073896 -0.10868914576808428 -0.078015921452552733 0.088518502317792791 0.021257438870406171 0.041872814941356286 0.12779209661547397 -0.16178161449041126 0.041671395691634167 -0.049965425046319671 -0.038962199745247582 0.040525179882497042 0.12736435872490159 0.031856564629507943 -0.16070569915069288 0.0083074267824463314 0.044838787940937097 0.025176060770945596 -0.077069164664380491
leaf_weight=34367.609884247184 1763.6676698892843 5634.0044829547405 137.28416126035154 20.982477967627347 298.77922102366574 274.34683014452457 305.49380152113736 43.582594911567867 1837.4878569887951 16.166926488745958 143.38104400038719 10.64497660752386 50.229279216146097 35.547229691408575 413.04159322101623 15072.199827400967 294.47797496244311 138.3630697641056 36.453054951969534 2524.211501146201 89.331367418169975 63.936385009437799 256.55793959391303 130.95891089271754 58.59943154361099 32.651135398074985 85.670529795344919 311.00650830799714 667.98284461488947 384.69456168916076
leaf_count=103419 1408 135848 3652 1333 2472 183 10040 61 1014 304 35 149 803 847 3878 12401 171 952 332 3522 928 2987 459 103 12 405 1565 3169 17627 5775
internal_value=0.0331402 0.0393916 0.0220527 0.0224702 0.0216441 -0.0304953 0.0372468 0.0229752 0.00991881 -0.0424658 0.0259897 0.19865 0.00207898 0.0378763 0.0379932 0.0246279 0.0643816 0.105979 -0.0749343 0.0335138 0.0224012 0.0373991 0.0221268 0.049494 0.0201738 -0.0370458 0.0632549 0.0697564 0.014435 -0.0844016
internal_weight=65499.3 41884.3 23615.1 23477.8 23023.9 573.126 36250.3 22450.8 2522.64 685.152 220.422 26.8119 193.61 35276.8 35241.3 19928.2 453.824 159.346 464.73 4377.21 1853 34431.5 15551 478.767 347.809 91.2506 809.719 724.048 973.477 421.148
internal_count=315854 279380 36474 32822 30366 2655 143532 27711 8473 7459 1291 453 838 115865 115018 19238 2456 2285 6168 5858 2336 106406 13380 979 876 417 8612 7047 27667 6107
is_linear=0
shrinkage=0.03


Tree=15
num_leaves=31
num_cat=0
split_feature=2 5 5 6 7 2 4 1 4 7 1 5 0 5 5 5 5 5 6 2 3 10 2 0 2 4 9 5 0 4
split_gain=4732.34 2289.44 975.941 871.846 650.963 436.802 2176.98 578.166 817.96 644.506 538.255 507.386 767.013 432.868 744.902 601.131 623.584 1292.67 440.719 322.578 2000.01 916.156 1338.59 672.038 805.427 2531.95 535.146 856.334 461.284 314.461
threshold=1.0000000180025095e-35 9.5000000000000018 185.00000000000003 1.0000000180025095e-35 4.5000000000000009 7.5000000000000009 2.5000000000000004 1.5000000000000002 9.5000000000000018 1.0000000180025095e-35 3.5000000000000004 99.500000000000014 1.5000000000000002 162.50000000000003 185.00000000000003 97.500000000000014 109.00000000000001 105.50000000000001 1.5000000000000002 5.5000000000000009 5.5000000000000009 0.87500000000000011 3.5000000000000004 1.5000000000000002 1.5000000000000002 7.5000000000000009 2.5000000000000004 27.500000000000004 1.5000000000000002 15.500000000000002
decision_type=2 2 2 2 2 2 2 2 2 2 2 2 2 2 2 2 2 2 2 2 2 2 2 2 2 2 2 2 2 2
left_child=1 3 5 -1 13 19 -7 8 11 -9 -11 -8 -13 15 -15 18 17 -17 -3 20 -2 22 26 -23 25 -25 27 -22 -29 -10
right_child=2 4 -4 -5 -6 6 7 9 29 10 -12 12 -14 14 -16 16 -18 -19 -20 -21 21 23 -24 24 -26 -27 -28 28 -30 -31
leaf_value=0.034674449546264981 0.022947046858448852 0.060057097420187597 -0.077679615176418165 -0.0067622600692769487 -0.075717058261457804 -0.090779343951065863 0.034262857483594394 0.076281137948641761 -0.143372218939533 -0.042391687091505245 0.031368449998763343 0.020560194157522946 -0.12045670304696891 0.092367083311323595 -0.030340122336599051 0.033105110651151654 0.047781581315244688 -0.088158970614402504 -0.031010928450034794 0.03257481772655272 -0.048575599746077058 -0.13353165892930571 0.002269114022184941 0.46647391288722606 0.015560737331364002 -0.057688656476467204 0.020975670223413311 -0.23118885782576684 -0.11292171394648277 -0.038133032085719144
leaf_weight=34807.970111966133 17884.568061932456 3839.1036783726886 91.067661918699741 463.07495072856545 35.318480262067169 186.42122858040966 309.97238534502685 236.29902958287857 42.210993983317167 109.4851689953357 476.82826824486256 90.683493698947132 56.244266132358462 451.83651100937277 49.39192377217114 455.41785121848807 2164.4379000011832 95.75003257393837 48.430226982571185 2258.2394901309162 171.94143660832196 23.769068265799433 352.97010717820376 14.686288217548279 288.92467518383637 19.055710948538035 41.544690281152725 42.263467400334775 99.699101556558162 64.755617646500468
leaf_count=103890 17962 113059 722 1480 837 1792 317 61 297 362 273 177 394 649 4796 2396 48196 427 4017 1424 1076 704 758 174 951 507 23 1137 3747 3602
internal_value=0.0313357 0.0372664 0.0203335 0.0341304 0.0527588 0.0207255 0.00547197 0.0184136 -0.00498558 0.0344527 0.0175949 0.0124973 -0.0334214 0.0533975 0.0802753 0.0513573 0.0405271 0.0120389 0.0589226 0.0218573 0.0205794 -0.0195623 -0.0391136 0.0204177 0.0317583 0.170454 -0.0802078 -0.0935993 -0.148131 -0.0796624
internal_weight=65272.4 42410.7 22861.6 35271 7139.69 22770.6 1572.9 1386.48 563.867 822.612 586.313 456.9 146.928 7104.37 501.228 6603.14 2715.61 551.168 3887.53 21197.7 18939.4 1054.85 708.419 346.436 322.667 33.742 355.449 313.904 141.963 106.967
internal_count=316207 279747 36460 105370 174377 35738 7275 5483 4787 696 635 888 571 173540 5445 168095 51019 2823 117076 28463 27039 9077 6741 2336 1632 681 5983 5960 4884 3899
is_linear=0
shrinkage=0.03


Tree=16
num_leaves=31
num_cat=0
split_feature=2 8 5 2 4 2 4 10 2 5 4 8 0 2 8 5 6 8 5 5 8 5 1 5 5 4 2 0 8 5
split_gain=4287.84 1151.36 912 495.879 1977.25 739.7 1173.5 656.757 1147.05 652.684 685.599 641.05 537.464 705.353 2729.11 452.374 361.514 322.655 348.217 310.479 845.347 436.616 310.041 641.439 545.699 487.516 291.762 534.389 690.464 609.802
threshold=1.0000000180025095e-35 0.83333333333333337 185.00000000000003 7.5000000000000009 2.5000000000000004 5.5000000000000009 5.5000000000000009 0.87500000000000011 3.5000000000000004 161.00000000000003 15.500000000000002 0.83333333333333337 1.5000000000000002 1.5000000000000002 0.83333333333333337 8.5000000000000018 1.5000000000000002 0.0050568980948727795 29.500000000000004 162.50000000000003 0.36666666666666675 169.50000000000003 4.5000000000000009 99.500000000000014 113.00000000000001 10.500000000000002 1.5000000000000002 2.5000000000000004 0.83333333333333337 115.50000000000001
decision_type=2 2 2 2 2 2 2 2 2 2 2 2 2 2 2 2 2 2 2 2 2 2 2 2 2 2 2 2 2 2
left_child=1 19 3 5 -5 6 15 8 11 22 -11 -8 -9 14 -14 -2 -3 -15 -19 20 -1 -21 23 -6 -25 -26 27 28 29 -17
right_child=2 16 -4 4 9 -7 7 12 -10 10 -12 -13 13 17 -16 26 -18 18 -20 21 -22 -23 -24 24 25 -27 -28 -29 -30 -31
leaf_value=0.034591426845942727 0.059909090118723286 0.049310123741735351 -0.074419077461678043 -0.086837768953990827 0.024824176490431282 0.036837910820225535 -0.048508816376964622 -0.129925393615926 0.0064489112716476747 -0.11480116157625987 0.11253059922703793 -0.15225911852192947 -0.06013707569991647 0.039249293206360086 0.47015489960369244 -0.020317851318697382 -0.032789468075718427 0.01394787351470299 -0.10783216566901441 0.1086211030584162 -0.0087301930417715071 -0.030832212693592133 0.034743943050822193 -0.10695631560874842 0.01140926819299346 -0.066717396097111484 0.023311489398147249 0.042412570936446556 0.018227276852506712 0.032888540667307044
leaf_weight=37705.736454020254 271.50347816944122 5755.5492448462173 91.25593033246696 188.62100857379846 476.93758696992882 2584.0657342667691 227.94387797475792 19.515458433423191 364.40357540361583 13.548898351378737 100.52576472517103 70.076817579567432 21.335170781705528 179.21266880631447 14.788819660432635 895.72256178152747 48.679219299927354 58.627432064386085 33.041776621947065 102.17756652832031 409.79143454227597 25.187044792808592 342.95482398569584 63.803098047152162 245.22048211470246 101.69496985990554 12694.84145259182 559.42991447588429 3323.459988001734 247.41680909483694
leaf_count=126653 9 133534 706 1802 2608 1454 3409 647 674 272 758 1551 513 37 118 3382 2571 222 601 2 15002 2156 135 610 252 812 11978 539 2352 1034
internal_value=0.0306745 0.0361715 0.0202334 0.0206073 0.00412271 0.0217794 0.0197294 -0.0120876 -0.0292518 0.0168819 0.0855299 -0.0729047 0.0227341 0.0324383 0.156959 0.0214782 0.0486216 0.0158325 -0.0299472 0.0342819 0.0341257 0.0810435 0.0105184 0.00115856 -0.0263226 -0.0114928 0.0208894 0.0147716 0.0113096 -0.00880206
internal_weight=67237.1 44047.1 23189.9 23098.7 1533.31 21565.4 18981.3 988.946 662.424 1344.69 114.075 298.021 326.521 307.006 36.124 17992.4 5804.23 270.882 91.6692 38242.9 38115.5 127.365 1230.61 887.656 410.719 346.915 17720.9 5026.03 4466.6 1143.14
internal_count=316393 279918 36475 35769 7249 28520 27066 7772 5634 5447 1030 4960 2138 1491 631 19294 136105 860 823 143813 141655 2158 4417 4282 1674 1064 19285 7307 6768 4416
is_linear=0
shrinkage=0.03


Tree=17
num_leaves=31
num_cat=0
split_feature=2 5 5 2 3 2 8 2 3 2 5 5 8 5 5 5 3 3 3 7 5 5 5 5 8 5 5 0 1 5
split_gain=2859.44 1090.29 898.135 552.87 1794.41 549.338 549.164 540.974 1403.6 1059.45 1086.06 3612.79 631.131 618.946 1016.29 1609.92 526.35 632.301 566.332 476.213 443.491 387.727 299.863 787.829 693.136 328.156 1402.99 440.476 716.152 435.204
threshold=1.0000000180025095e-35 144.00000000000003 185.00000000000003 7.5000000000000009 2.5000000000000004 12.500000000000002 0.45000000000000007 5.5000000000000009 5.5000000000000009 2.5000000000000004 89.000000000000014 29.500000000000004 0.36666666666666675 99.500000000000014 101.50000000000001 100.50000000000001 21.500000000000004 13.500000000000002 23.500000000000004 4.5000000000000009 116.50000000000001 185.00000000000003 9.5000000000000018 94.500000000000014 0.12132352941176472 113.00000000000001 105.50000000000001 1.5000000000000002 1.0000000180025095e-35 136.50000000000003
decision_type=2 2 2 2 2 2 2 2 2 2 2 2 2 2 2 2 2 2 2 2 2 2 2 2 2 2 2 2 2 2
left_child=1 19 3 7 -5 16 -3 8 12 10 11 -10 13 -2 15 -15 17 -6 20 22 -18 -8 24 -24 -1 26 27 -25 -29 -27
right_child=2 6 -4 4 5 -7 21 -9 9 -11 -12 -13 -14 14 -16 -17 18 -19 -20 -21 -22 -23 23 25 -26 29 -28 28 -30 -31
leaf_value=0.032486138717997243 0.044704013452398779 -0.031157453766190994 -0.070794264582471733 -0.083286827116697507 0.015346637224921744 -0.084993244489055819 0.062708337729071514 0.036304593831699671 -0.05487677145762776 0.0062939873669110259 -0.12908374963668223 0.39041914485712337 0.01992345285082054 -0.14508094656118586 0.028055359176948947 0.035318888835215285 -0.043913799724380725 -0.070953373723967345 0.026856184177740491 -0.074037072230296902 0.1347685154208757 -0.030333404613038083 0.051919963677492867 0.017784875653265555 -0.0074907528790571125 0.058024518781660442 -0.086038094663207068 0.0141783306706321 0.074117245865984754 0.015569502027184663
leaf_weight=36584.322418570518 2100.3851753189228 61.090085458941758 95.712704717880115 186.71539578423835 835.25655990024097 46.789967387914658 1634.7479404713959 2292.1513507072814 180.38762192847207 912.49577203276567 118.81315753632225 18.037573591340333 13937.756907466799 81.533154159784317 1918.4098381963558 98.079551696777344 14.557802404742686 84.102652666624635 269.73663560440764 37.41263798577711 88.508284945040941 41.32910428289324 2528.7557058758102 1302.6060676039197 394.54969015903771 647.5750293135643 101.5836046487093 327.91069094231352 396.12926554563455 327.06182487402111
leaf_count=103857 3065 4310 713 1750 1197 223 21571 1418 2190 2707 3949 169 12720 498 1709 3 518 1048 2375 852 222 4012 64839 41508 1308 15317 448 7729 5508 8607
internal_value=0.0294304 0.0338967 0.0209149 0.0212935 0.00383844 0.015988 0.0571938 0.0225231 0.0208919 -0.0101245 -0.0573503 -0.0143977 0.022995 0.0331917 0.0216665 -0.0465716 0.0196446 0.00745194 0.0497125 0.0329478 0.10953 0.0604141 0.0330417 0.0394906 0.0320596 0.029361 0.0227588 0.0282121 0.0469715 0.0437778
internal_weight=67664.5 44385.1 23279.4 23183.7 1525.67 1338.95 1737.17 21658.1 19365.9 1229.73 317.238 198.425 18136.2 4198.41 2098.02 179.613 1292.16 919.359 372.803 42647.9 103.066 1676.08 42610.5 5631.62 36978.9 3102.87 2128.23 2026.65 724.04 974.637
internal_count=316340 279866 36474 35761 7333 5583 29893 28428 27010 9015 6308 2359 17995 5275 2210 501 5360 2245 3115 249973 740 25583 249121 143956 105165 79117 55193 54745 13237 23924
is_linear=0
shrinkage=0.03


Tree=18
num_leaves=31
num_cat=0
split_feature=10 5 5 5 8 8 5 5 5 8 5 5 5 5 6 5 8 5 9 8 8 8 1 5 8 5 5 5 4 1
split_gain=1646.45 804.621 362.838 714.591 448.684 426.842 441.172 911.92 392.804 850.502 326.546 290.703 398.892 397.82 703.539 406.854 358.972 380.189 260.76 691.971 291.085 617.571 1115.99 633.341 558.014 874.69 515.151 413.838 415.975 405.657
threshold=1.0000000180025095e-35 185.00000000000003 99.500000000000014 115.50000000000001 0.0076408856713324489 0.0078380177136128607 105.50000000000001 109.00000000000001 100.50000000000001 0.36666666666666675 9.5000000000000018 162.50000000000003 185.00000000000003 129.50000000000003 1.5000000000000002 144.00000000000003 0.83333333333333337 161.00000000000003 3.5000000000000004 0.0033277962347729793 0.36666666666666675 0.58333333333333337 1.0000000180025095e-35 163.50000000000003 0.23611111111111113 113.00000000000001 99.500000000000014 100.50000000000001 4.5000000000000009 1.5000000000000002
decision_type=2 2 2 2 2 2 2 2 2 2 2 2 2 2 2 2 2 2 2 2 2 2 2 2 2 2 2 2 2 2
left_child=2 10 -1 4 -4 -6 8 -8 9 -7 -2 13 -13 -5 15 -15 -17 -18 20 -20 24 22 23 -22 25 -12 -26 28 -28 -23
right_child=1 -3 3 11 5 6 7 -9 -10 -11 18 12 -14 14 -16 16 17 -19 19 -21 21 29 -24 -25 26 -27 27 -29 -30 -31
leaf_value=0.032715025329868808 -0.046470961935370036 -0.067611856072693016 -0.060623275781429453 0.048763240404372042 0.080317021805792296 -0.09572045900936578 -0.080867017291751983 0.0081390302810047822 0.034256963313536205 0.015672685905256886 -0.045725654161563864 0.050179238278789597 -0.035250413241509744 -0.0057274351107337593 -0.09823166820002345 -0.031124392037013487 0.069922983304351843 0.027170446399612525 0.027691647826276377 -0.10213609709973644 -0.06583101944077574 0.020669093096814813 0.01976483887907942 0.033542054484367798 0.046792354848235518 0.023519491769035977 -0.1325023836657172 0.023825897170659083 0.0085039214309655525 0.058004603438371799
leaf_weight=46615.75312223041 63.540472108870745 91.909501248504966 75.501380358356982 603.12497261166573 83.410034781321883 70.727759211789817 127.97854024171829 543.86697092792019 806.38229560852051 482.65218785731122 175.97612426849082 1019.2084074076265 51.68491167598404 348.24846297781914 43.617208980140276 81.693536838516593 219.50327676627785 1272.2751327715814 110.45972041785717 55.519456282258034 284.11408731166739 9780.1855821197387 687.4208523388952 72.439340591430664 1742.5967343766242 2449.0817888760939 33.225513264536858 379.02045026933774 43.456398412585258 269.12017348408699
leaf_count=226118 507 706 3445 75 89 1303 551 13002 31 1596 2181 744 4826 8616 1400 5608 530 18732 36 289 4168 12153 3072 3 3183 1904 191 970 42 319
internal_value=0.0292481 0.0209005 0.0318326 0.0247766 0.0112384 0.0138037 0.0110729 -0.00881556 0.0208997 0.00143547 0.0214044 0.0329251 0.0460561 0.0274503 0.0209098 0.0236139 0.0301079 0.0334611 0.0216726 -0.0157353 0.0220626 0.0193875 -0.00257381 -0.0456418 0.0282153 0.0188775 0.0393658 0.0109668 -0.0525927 0.0216689
internal_weight=68683.7 16238.1 52445.6 5829.88 2190.52 2115.02 2031.61 671.846 1359.76 553.38 16146.2 3639.36 1070.89 2568.46 1965.34 1921.72 1573.47 1491.78 16082.6 165.979 15916.6 11093.3 1043.97 356.553 4823.36 2625.06 2198.3 455.702 76.6819 10049.3
internal_count=316390 29724 286666 60548 20017 16572 16483 13553 2930 2899 29018 40531 5570 34961 34886 33486 24870 19262 28511 325 28186 19715 7243 4171 8471 4085 4386 1203 233 12472
is_linear=0
shrinkage=0.03


Tree=19
num_leaves=31
num_cat=0
split_feature=2 5 5 5 7 5 5 5 0 2 4 2 3 10 2 0 5 5 3 8 2 8 5 5 8 0 5 2 3 5
split_gain=2361.27 923.126 798.178 536.291 490.824 366.19 539.43 530.432 344.351 287.452 1829.98 552.044 1613.84 1122.59 1437.52 608.709 541.137 461.949 584.173 396.452 942.93 295.254 498.221 2096.14 416.558 289.63 527.841 286.585 254.214 243.172
threshold=1.0000000180025095e-35 9.5000000000000018 185.00000000000003 8.5000000000000018 4.5000000000000009 162.50000000000003 185.00000000000003 161.00000000000003 1.5000000000000002 7.5000000000000009 2.5000000000000004 5.5000000000000009 5.5000000000000009 0.87500000000000011 3.5000000000000004 1.5000000000000002 27.500000000000004 161.00000000000003 20.500000000000004 0.83333333333333337 1.5000000000000002 0.36666666666666675 99.500000000000014 100.50000000000001 0.21111111111111114 1.5000000000000002 114.50000000000001 2.5000000000000004 29.500000000000004 154.00000000000003
decision_type=2 2 2 2 2 2 2 2 2 2 2 2 2 2 2 2 2 2 2 2 2 2 2 2 2 2 2 2 2 2
left_child=1 3 9 -1 5 7 -7 29 -9 11 -11 12 21 14 16 -15 -14 28 -19 27 -21 22 24 -24 -2 -16 -27 -17 -12 -3
right_child=2 4 -4 -5 -6 6 -8 8 -10 10 17 -13 13 15 25 19 -18 18 -20 20 -22 -23 23 -25 -26 26 -28 -29 -30 -31
leaf_value=0.030482329448117212 -0.0018123830497194812 0.042827088324361058 -0.066108463372321458 -0.0073556103275522009 -0.070715173256592476 0.07774458988291702 -0.030316018170257655 0.026623745185148436 -0.03096616844049415 -0.078987944648169342 0.017256936163459084 0.03535556147615164 -0.046851294454909223 -0.12966239576698335 0.02345118583426321 -0.062844864283855717 -0.12469592434694622 -0.098721188834761942 0.099403487956577982 0.23067843042615047 0.014181567663123189 0.020046025660192562 -0.12082669790769686 0.025630787794119606 0.043761325145348515 -0.12337410113715776 0.0078352917518168513 0.025966300517532848 -0.052963205267821986 0.08673115885661925
leaf_weight=38185.855989962816 199.81765712844208 6210.1255159405991 95.955950518720783 340.12563174357638 35.018257196061313 431.20466129481792 46.012440822087228 1049.0829031392932 102.58095256937668 190.07855354319327 1330.1264772259165 2321.9914538925514 162.1335339595098 22.521226622629911 219.79228338389657 36.758218717062846 159.36908624507487 15.264004073804243 109.32144375890493 28.034526946954429 51.123494301922619 13603.660534938565 93.449038833379745 1494.7576121441089 1867.5861526546068 40.187292638467625 88.05750851565972 296.26850545662455 48.077152659185231 115.65408742427826
leaf_count=104040 928 145293 720 1103 849 639 4811 18000 4880 1785 4229 1444 1047 691 133 863 4856 351 694 139 335 12753 502 1679 2131 448 167 306 200 6
internal_value=0.028215 0.0320729 0.0202304 0.0301483 0.0413532 0.0418466 0.0673256 0.0402205 0.0214941 0.0206006 0.00871523 0.0215732 0.0198305 -0.0153298 -0.0397027 0.0222098 -0.0854389 0.0198083 0.0751296 0.0305079 0.0908559 0.0220801 0.0296494 0.0170133 0.0393566 0.0025465 -0.033281 0.0161637 0.0148074 0.0436298
internal_weight=68990 46515.7 22474.3 38526 7989.68 7954.66 477.217 7477.44 1151.66 22378.4 1692.87 20685.5 18363.5 1104.25 669.54 434.706 321.503 1502.79 124.585 412.185 79.158 17259.3 3655.61 1588.21 2067.4 348.037 128.245 333.027 1378.2 6325.78
internal_count=316022 279621 36401 105143 174478 173629 5450 168179 22880 35681 7259 28422 26978 8985 6651 2334 5903 5474 1045 1643 474 17993 5240 2181 3059 748 615 1169 4429 145299
is_linear=0
shrinkage=0.03


Tree=20
num_leaves=31
num_cat=0
split_feature=2 5 5 5 5 8 7 5 5 2 4 5 3 2 3 10 2 8 5 5 8 8 8 5 8 2 5 5 5 5
split_gain=1463.24 800.448 778.906 491.637 415.55 594.39 424.492 389.847 526.9 319.285 1653.67 446.915 491.443 421.628 1674.66 923.718 855.529 562.527 333.195 1458.03 599.488 301.984 295.698 508.967 285.946 571.027 485.149 247.98 470.256 647.004
threshold=1.0000000180025095e-35 162.50000000000003 185.00000000000003 185.00000000000003 9.5000000000000018 0.23611111111111113 4.5000000000000009 8.5000000000000018 9.5000000000000018 7.5000000000000009 2.5000000000000004 161.00000000000003 20.500000000000004 5.5000000000000009 5.5000000000000009 0.87500000000000011 3.5000000000000004 0.83333333333333337 29.500000000000004 71.500000000000014 0.58333333333333337 0.0025673983257530819 0.83333333333333337 120.50000000000001 0.36666666666666675 1.5000000000000002 95.500000000000014 10.500000000000002 23.000000000000004 95.500000000000014
decision_type=2 2 2 2 2 2 2 2 2 2 2 2 2 2 2 2 2 2 2 2 2 2 2 2 2 2 2 2 2 2
left_child=1 4 7 -3 5 -1 -6 -2 -9 13 -11 -12 -13 14 24 16 17 21 -17 -20 -21 -16 23 -18 25 -10 -27 -26 -29 -30
right_child=2 3 -4 -5 6 -7 -8 8 9 10 11 12 -14 -15 15 18 22 -19 19 20 -22 -23 -24 -25 27 26 -28 28 29 -31
leaf_value=0.027756542751319207 0.056137149287340204 0.073674901208555368 -0.06441423247530137 -0.030307854317965063 0.035649622381342908 -0.014905684058772075 -0.068822168534424799 -0.052896399357662348 0.0066317353621704383 -0.076116345697594817 0.012870470177365615 -0.094764169842598708 0.092142877078511751 0.033228028975661253 0.023447663798663598 -0.058187568333972615 -0.11766373093872404 -0.13022963439069146 0.23550672709358175 0.022915388880141774 -0.12919944163623839 -0.06146196461685341 0.015754002001816314 0.035156610220258115 0.0078526959910957018 0.048851996907795889 0.02426590906459615 0.032881147551206011 0.0061113506254018663 0.023401527930615784
leaf_weight=38205.750681713223 266.83125074952841 502.1460520112887 98.593928202870302 44.553617722820491 7439.4851092183962 296.19700117921457 35.169133966322988 89.72382877767086 800.13210697518662 189.69918275694363 1259.0941994963214 14.231732095358891 114.70753416931257 2245.6736436667852 45.666845437837765 44.328500444535166 45.208212686236948 100.21603652089834 28.315393254160881 297.17715098871849 25.302714665653184 216.0185626691673 227.13246767502278 34.645660687237978 1426.2920541781932 1304.1336163179949 1619.1525923525915 2414.1370792388916 2837.9407184370793 6210.2471850889269
leaf_count=104039 10 617 707 4805 168049 1260 850 634 2169 1792 4152 346 708 1451 54 763 369 1836 62 814 651 4031 306 62 1694 1574 1333 119 5971 4639
internal_value=0.0261016 0.0291141 0.0197178 0.0652008 0.028685 0.0274283 0.0351581 0.0200973 0.0196519 0.0199547 0.00696363 0.018318 0.0715129 0.0209835 0.0194279 -0.0170585 -0.0385421 -0.0697904 0.0193102 0.0291033 0.01098 -0.0466443 -0.00170398 -0.0513606 0.0217649 0.0290878 0.0352342 0.0196493 0.0211172 0.0179785
internal_weight=68477.9 46523.3 21954.6 546.7 45976.6 38501.9 7474.65 21856 21589.2 21499.5 1577.73 1388.03 128.939 19921.7 17676 1064.01 668.888 361.901 395.124 350.795 322.48 261.685 306.986 79.8539 16612 3723.42 2923.29 12888.6 11462.3 9048.19
internal_count=315867 279620 36247 5422 274198 105299 168899 35540 35530 34896 6998 5206 1054 27898 26447 8948 6658 5921 2290 1527 1465 4085 737 431 17499 5076 2907 12423 10729 10610
is_linear=0
shrinkage=0.03


Tree=21
num_leaves=31
num_cat=0
split_feature=2 5 5 4 4 2 10 5 5 5 8 5 8 9 5 5 1 5 5 5 1 5 2 3 8 5 3 3 8 2
split_gain=1580.32 952.413 705.986 504.983 494.155 850.666 594.513 363.009 495.182 361.447 480.883 354.515 563.598 555.187 461.728 402.092 352.013 341.861 322.509 287.835 282.29 277.026 264.809 3194.73 680.911 544.297 307.196 940.078 326.564 244.054
threshold=1.0000000180025095e-35 115.50000000000001 185.00000000000003 23.500000000000004 15.500000000000002 8.5000000000000018 0.41666666666666669 8.5000000000000018 9.5000000000000018 136.50000000000003 0.45000000000000007 97.500000000000014 0.093073593073593086 1.5000000000000002 105.50000000000001 109.00000000000001 1.0000000180025095e-35 96.500000000000014 27.500000000000004 116.50000000000001 1.5000000000000002 113.00000000000001 4.5000000000000009 5.5000000000000009 0.0053262411347517738 89.000000000000014 2.5000000000000004 1.5000000000000002 0.83333333333333337 3.5000000000000004
decision_type=2 2 2 2 2 2 2 2 2 2 2 2 2 2 2 2 2 2 2 2 2 2 2 2 2 2 2 2 2 2
left_child=1 11 3 4 5 7 -7 -2 -9 -3 -11 17 13 -13 -14 -16 18 -1 -8 20 -6 -17 23 -10 -25 29 27 28 -24 -26
right_child=2 9 -4 -5 19 6 16 8 22 10 -12 12 14 -15 15 21 -18 -19 -20 -21 -22 -23 26 24 25 -27 -28 -29 -30 -31
leaf_value=0.027907227888669006 0.053569483451936011 0.089122107174009618 -0.062189676031087417 -0.048988597360002474 -0.039408607983073149 -0.070630379794316842 0.012783327497975958 -0.052253467445427221 0.020574737063361995 -0.031315036053255023 0.046389831358632179 0.074615371116750498 0.018704599810076189 0.0065259459822850901 -0.080954119689594053 0.037064616061139026 0.011882306162205604 0.078451651199515512 -0.097479714417007479 0.065446952135986197 0.037089363200040311 -0.03056842762174581 -0.050485729334174764 0.0095073756079431214 -0.053878524160621943 -0.10328498139055058 0.029564629426373328 0.037261472265391608 -0.18345972811856032 0.016954080170273635
leaf_weight=44050.767756171059 282.28844781965017 170.50771661475301 96.303343542502262 97.263148341327906 50.586880350019783 136.97525292739738 41.055339306825772 86.642413719557226 15924.91597661213 74.148482290562242 2151.2345917732455 201.19481488876045 359.72789822798222 232.11625248007476 98.765437036752701 78.883578613400459 413.00306562311016 120.76325015258044 57.047411290695891 319.47515218099579 306.22311878111213 176.3765955651179 61.68664176017046 132.22131745447405 191.5374016277492 210.25486809457652 3251.3256156197749 161.10731473029591 22.752597264945507 56.749390747630969
leaf_count=222470 11 5 710 2021 2915 1206 52 437 17379 5075 33318 2544 2092 3406 424 3 695 3 357 1341 243 10387 551 154 2133 4634 1118 140 168 136
internal_value=0.0255302 0.0285924 0.0188582 0.0192162 0.0195218 0.0187101 -0.0151267 0.019786 0.0193115 0.0470261 0.0438007 0.0276178 0.0111522 0.0381412 -0.00523243 -0.029555 -0.000251832 0.0280454 -0.0513354 0.0447633 0.0262438 -0.00966765 0.0196213 0.0180334 -0.0504715 -0.0677666 0.0271211 -0.00523479 -0.0863163 -0.0376887
internal_weight=69613.9 47714.5 21899.4 21803.1 21705.8 21029.6 648.081 20381.5 20099.2 2395.89 2225.38 45318.6 1147.06 433.311 713.754 354.026 511.106 44171.5 98.1028 676.285 356.81 255.26 20012.6 16515.7 590.763 458.542 3496.87 245.547 84.4392 248.287
internal_count=316128 279727 36401 35691 33670 29171 2310 26861 26850 38398 38393 241329 18856 5950 12906 10814 1104 222473 409 4499 3158 10390 26413 24436 7057 6903 1977 859 719 2269
is_linear=0
shrinkage=0.03


Tree=22
num_leaves=31
num_cat=0
split_feature=2 5 5 8 8 0 0 4 2 10 3 2 3 3 5 10 2 0 8 5 5 8 10 5 0 0 5 8 5 5
split_gain=1489.78 655.641 369.224 398.073 565.74 488.002 411.429 304.858 848.635 482.013 450.524 328.778 2078.09 696.868 831.443 629.389 681.627 527.531 722.044 345.657 312.854 475.991 321.792 307.501 250.97 334.013 252.663 239.07 231.697 260.757
threshold=1.0000000180025095e-35 185.00000000000003 10.500000000000002 0.12132352941176472 0.83333333333333337 2.5000000000000004 2.5000000000000004 15.500000000000002 8.5000000000000018 0.41666666666666669 29.500000000000004 4.5000000000000009 5.5000000000000009 2.5000000000000004 115.50000000000001 0.87500000000000011 3.5000000000000004 1.5000000000000002 0.83333333333333337 27.500000000000004 23.000000000000004 0.0073597118405373209 0.58333333333333337 118.50000000000001 1.5000000000000002 2.5000000000000004 116.50000000000001 0.0055071145146207709 8.5000000000000018 10.500000000000002
decision_type=2 2 2 2 2 2 2 2 2 2 2 2 2 2 2 2 2 2 2 2 2 2 2 2 2 2 2 2 2 2
left_child=2 7 3 5 6 -1 -5 8 11 -10 24 12 28 14 -13 16 19 -17 23 -14 -11 -22 -23 -19 -9 26 -26 -4 -2 -30
right_child=1 -3 27 4 -6 -7 -8 10 9 20 -12 13 15 -15 -16 17 -18 18 -20 -21 21 22 -24 -25 25 -27 -28 -29 29 -31
leaf_value=0.026882908093437064 0.050165928228849847 -0.060203078787785226 -0.037882271677351656 -0.055262851265859052 0.022549820786884531 0.12345443682390569 0.024602168299399905 -0.030663232990997442 -0.068326537780905569 0.038110325030563753 -0.051050349223999036 -0.10585765596081904 -0.045541178494033399 0.030408881949097487 0.021567335204838708 -0.12749462451093119 -0.0014086075864486241 -0.083966185133443588 0.14334203067537735 -0.10761178156885798 0.011703147821988821 -0.023999784667730312 -0.11530434200120628 0.027606382915064041 -0.030413830488352816 0.033825083407667385 0.090333295314307976 0.034051147775229162 0.0085533978271308316 0.020304249099530085
leaf_weight=39702.656068973243 214.78128090500832 95.673529479885474 41.804941673763096 182.22915575420484 607.13333171140403 47.149927389342338 85.192918920889497 42.149026031605899 130.14955080777872 122.63220269978046 51.030096161179245 75.559338923310861 154.41053883545101 3302.6665079470258 118.14604315906763 20.567920919740573 154.4953499562107 32.035648799501359 39.974630328826606 169.25036789872684 208.69431261718273 91.373280793894082 56.050971826305613 72.645619148155674 17.154773434624076 623.19931745529175 171.71714047854766 7798.9289483269677 1951.6957123382017 13156.465619534487
leaf_count=104265 9 709 2638 5269 27377 17 269 3519 1190 193 215 656 1015 1150 232 237 523 470 310 4475 179 350 390 131 1817 475 547 139814 3036 14666
internal_value=0.0248119 0.0181526 0.0277073 0.026557 0.00653609 0.0269975 -0.0298202 0.01851 0.0177419 -0.0171335 0.0355396 0.018833 0.0170084 0.0271653 -0.0281378 -0.0358104 -0.0532525 0.0146669 0.0348801 -0.0779994 -0.00321655 -0.0174478 -0.0587139 -0.00653821 0.0407124 0.044417 0.0793661 0.0336676 0.0192261 0.0187863
internal_weight=69537.6 21072.5 48465.1 40624.4 874.555 39749.8 267.422 20976.8 20071.6 608.9 905.25 19462.7 15966.3 3496.37 193.705 643.38 478.156 165.224 144.656 323.661 478.751 356.119 147.424 104.681 854.22 812.071 188.872 7840.73 15322.9 15108.2
internal_count=316143 36494 279649 137197 32915 104282 5538 35785 29212 2302 6573 26910 24872 2038 888 7161 6013 1148 911 5490 1112 919 740 601 6358 2839 2364 142452 17711 17702
is_linear=0
shrinkage=0.03


Tree=23
num_leaves=31
num_cat=0
split_feature=5 2 4 5 5 2 8 8 5 9 2 0 5 8 4 4 2 5 5 8 8 1 2 2 1 2 4 0 5 5
split_gain=846.959 654.63 1362.16 410.866 1297.99 1183.63 1051.71 1846.9 676.942 502.063 458.3 399.353 1560.1 400.454 821.94 417.935 387.038 386.078 1122.76 1036.11 814.357 1594.83 549.238 866.966 1325.21 786.878 1141.26 912.741 473.278 378.874
threshold=185.00000000000003 7.5000000000000009 2.5000000000000004 114.50000000000001 105.50000000000001 1.0000000180025095e-35 0.093073593073593086 0.58333333333333337 109.00000000000001 1.0000000180025095e-35 1.0000000180025095e-35 2.5000000000000004 100.50000000000001 0.36666666666666675 11.500000000000002 10.500000000000002 5.5000000000000009 95.500000000000014 94.500000000000014 0.58333333333333337 0.58333333333333337 1.0000000180025095e-35 4.5000000000000009 1.0000000180025095e-35 1.0000000180025095e-35 2.5000000000000004 4.5000000000000009 1.5000000000000002 10.500000000000002 10.500000000000002
decision_type=2 2 2 2 2 2 2 2 2 2 2 2 2 2 2 2 2 2 2 2 2 2 2 2 2 2 2 2 2 2
left_child=1 3 -3 4 11 -5 9 10 -9 -6 -8 13 29 14 -1 17 -16 18 19 -15 21 -20 23 -22 -25 26 27 -26 -21 -13
right_child=-2 2 -4 5 6 -7 7 8 -10 -11 -12 12 -14 15 16 -17 -18 -19 20 28 22 -23 -24 24 25 -27 -28 -29 -30 -31
leaf_value=0.025463371892907923 -0.049444566334584591 -0.069253919222773616 0.015281802975089489 0.047256507986494271 0.042501336684566939 0.022278308666445056 -0.03051661367488509 -0.078979496393156962 0.0032143253814141768 0.0037127499651972767 -0.16926703275703997 0.055642761824677478 0.23979702270921038 -0.02930446534113821 -0.038998781473782031 -0.10003123160831963 0.20917109330281428 0.029609873770851829 -0.041049971458373281 0.015009481047392989 0.0051748050932313482 0.054804283123617951 0.026961825780944641 -0.016936065788246753 -0.35707690511795792 -0.043607305763943068 -0.037552804121393939 -0.073897136423806881 0.030637432250369318 0.017020832551593094
leaf_weight=43422.427684965078 141.70240671653301 194.76689320313744 1439.0767803759081 2631.4523442741483 488.40255117928609 4862.1939474097453 28.353579193819314 103.47214991599321 702.06760812643915 779.89510394260287 87.679265938699245 454.17743339482695 35.177085310220718 320.97491435660049 6.8978990734321988 26.114090424031019 31.410840811207891 3046.0967579917051 212.16969274333678 2558.7273996206932 1272.783227452077 592.39676317968406 408.40706169605255 775.76955292909406 33.47261218726635 75.298186662141234 31.192444711457938 14.761488342890514 5477.5144237719942 460.24826788902283
leaf_count=120685 5557 1777 5475 33645 716 6787 1923 440 9187 5804 604 719 6 6980 713 1300 29 1962 3326 28835 43161 2356 103 1953 435 295 246 174 28388 2532
internal_value=0.0238258 0.0239729 0.00520449 0.0244177 0.0236089 0.0310496 0.000927611 -0.023462 -0.00734353 0.0186497 -0.135362 0.0244471 0.0437455 0.0241328 0.0255859 0.0198789 0.164485 0.0200902 0.0176272 0.0235504 0.00313724 0.0295269 -0.00499246 -0.0109156 -0.032925 -0.113091 -0.178964 -0.270413 0.0256615 0.0362036
internal_weight=70715.1 70573.4 1633.84 68939.5 61445.9 7493.65 2189.87 921.573 805.54 1268.3 116.033 59256 949.603 58306.4 43460.7 14845.7 38.3087 14819.6 11773.5 8357.22 3416.25 804.566 2611.68 2203.28 930.494 154.725 79.4265 48.2341 8036.24 914.426
internal_count=316113 310556 7252 303304 262872 40432 18674 12154 9627 6520 2527 244198 3257 240941 121427 119514 742 118214 116252 64203 52049 5682 46367 46264 3103 1150 855 609 57223 3251
is_linear=0
shrinkage=0.03


Tree=24
num_leaves=31
num_cat=0
split_feature=2 4 3 4 2 2 3 10 2 1 8 7 4 1 2 4 8 8 0 6 4 0 0 6 8 1 8 1 0 7
split_gain=928.615 1158.03 416.576 776.179 411.437 511.02 1542.63 781.409 1236.77 563.246 361.728 346.14 307.93 827.131 303.992 543.963 298.365 385.273 394.377 1028.19 260.176 1033.18 370.845 350.596 412.861 259.381 253.797 223.664 170.552 170.074
threshold=7.5000000000000009 2.5000000000000004 24.500000000000004 19.500000000000004 1.0000000180025095e-35 5.5000000000000009 5.5000000000000009 0.87500000000000011 3.5000000000000004 1.0000000180025095e-35 0.36666666666666675 4.5000000000000009 10.500000000000002 5.5000000000000009 1.5000000000000002 7.5000000000000009 0.83333333333333337 0.36666666666666675 1.5000000000000002 1.0000000180025095e-35 4.5000000000000009 2.5000000000000004 2.5000000000000004 1.5000000000000002 0.83333333333333337 1.5000000000000002 0.21111111111111114 2.5000000000000004 2.5000000000000004 2.5000000000000004
decision_type=2 2 2 2 2 2 2 2 2 2 2 2 2 2 2 2 2 2 2 2 2 2 2 2 2 2 2 2 2 2
left_child=4 -2 3 12 11 6 10 8 -8 -9 26 16 -3 -14 15 -11 17 18 19 -1 22 -22 -12 -24 -25 -19 -6 -10 -5 -20
right_child=1 2 -4 28 5 -7 7 9 27 14 20 -13 13 -15 -16 -17 -18 25 29 -21 21 -23 23 24 -26 -27 -28 -29 -30 -31
leaf_value=0.024794052097742075 -0.068014821416224225 0.011459673121192612 -0.047845287111644159 0.087995016096058157 0.019941687019278186 0.034231183518654555 -0.071545347599141107 -0.076480999974144398 0.014136155507039337 0.1549660154748812 0.017824102461126232 -0.067496912725428085 -0.095069783393126508 0.032712069845546816 0.0198883895763423 -0.065988743256773993 0.031172054819322909 -0.01385872903978444 0.045325278883865047 -0.029444490239925403 0.022299033700098558 0.10774864837097838 0.019063217531506176 -0.024323355589277226 -0.16100679412234387 0.044312505551042138 0.035422459291251616 -0.046166206979097707 0.038739618404359209 0.0107925254958883
leaf_weight=40407.151261001825 197.57156550872605 655.05766846321058 101.14333961042576 118.5492396436166 1617.9945410599466 2145.8681316862348 371.21780741482507 50.140388337080367 338.53699508495629 38.690494251670316 11181.423568500672 36.00949795730412 93.268911750172265 89.186203226447105 335.31296590319835 13.536041996325364 7252.3789029130712 367.66096059372649 1121.3234947868623 317.02539506694302 1299.5071643292904 141.18540023034438 83.39725996972993 66.386911086272448 28.396435674279928 84.920604888815433 2319.3912461176515 66.177916163345799 135.6823585703969 144.94893709011376
leaf_count=103654 1802 1082 2227 994 1967 1425 6154 1137 606 102 10773 843 1364 11 647 533 135685 15617 12514 8081 1100 90 105 343 383 484 3334 193 61 2444
internal_value=0.023534 -0.000742089 0.0103999 0.015796 0.0240174 0.0203949 0.0187409 -0.0139187 -0.0319982 0.0181332 0.021109 0.0254813 0.00185926 -0.0326085 0.0303745 0.0976991 0.0255486 0.0245878 0.0248845 0.0243718 0.018663 0.0306729 0.0171398 -0.0257994 -0.0652728 -0.00294371 0.0290609 0.00427567 0.0617076 0.0413723
internal_weight=71219 1390.46 1192.89 1091.74 69828.6 20097.2 17951.3 1213.61 775.933 437.68 16737.7 49731.4 837.513 182.455 387.54 52.2265 49695.4 42443 41990.4 40724.2 12800.3 1440.69 11359.6 178.181 94.7833 452.582 3937.39 404.715 254.232 1266.27
internal_count=315755 7541 5739 3512 308214 28892 27467 9372 6953 2419 18095 279322 2457 1375 1282 635 278479 142794 126693 111735 12794 1190 11604 831 726 16101 5301 799 1055 14958
is_linear=0
shrinkage=0.03


Tree=25
num_leaves=31
num_cat=0
split_feature=5 2 5 5 5 7 5 5 5 5 2 2 4 8 3 3 3 8 2 4 4 2 3 2 8 5 5 4 3 3
split_gain=796.548 639.545 782.385 328.746 486.637 310.358 239.065 368.396 333.31 462.406 222.686 233.824 456.429 278.808 258.429 342.193 329.508 232.617 206.318 1478.6 363.55 314.437 783.826 798.367 416.606 289.521 466.246 364.263 264.177 233.046
threshold=185.00000000000003 1.0000000180025095e-35 162.50000000000003 8.5000000000000018 9.5000000000000018 4.5000000000000009 9.5000000000000018 8.5000000000000018 94.500000000000014 91.500000000000014 12.500000000000002 1.5000000000000002 7.5000000000000009 0.58333333333333337 5.5000000000000009 4.5000000000000009 3.5000000000000004 0.0040363310524600855 7.5000000000000009 2.5000000000000004 15.500000000000002 5.5000000000000009 5.5000000000000009 2.5000000000000004 0.83333333333333337 99.500000000000014 100.50000000000001 3.5000000000000004 29.500000000000004 1.5000000000000002
decision_type=2 2 2 2 2 2 2 2 2 2 2 2 2 2 2 2 2 2 2 2 2 2 2 2 2 2 2 2 2 2
left_child=1 2 5 -3 -5 6 7 -1 9 -8 11 12 13 14 15 16 -6 -12 21 -20 -21 22 24 -24 25 29 27 -27 -22 -13
right_child=-2 3 -4 4 10 -7 8 -9 -10 -11 17 18 -14 -15 -16 -17 -18 -19 19 20 28 -23 23 -25 -26 26 -28 -29 -30 -31
leaf_value=0.023880517370368885 -0.04829977897797124 0.054759424979640613 0.063732823435025315 -0.051270094904925741 0.0021375821402595686 -0.064715595144382923 0.033359929292193287 -0.0079344732672835556 0.024761380963482921 0.073312495623193516 0.024458483434166723 0.048111078930350132 -0.065884897148552918 0.018630582720645286 -0.057666941066395111 0.034783663073860792 -0.063481498647606285 -0.079167714872223252 -0.065977431897798297 0.0089601861227406061 0.045245912579057343 0.03286329255727307 -0.072024835454346098 0.005265589741521093 0.01798418079531908 -0.072988752197247833 0.025826397270713668 0.020334047600520114 -0.049635194347450597 0.028230845352938093
leaf_weight=41065.27740098536 141.20305442041717 224.48733226209879 461.78397611435503 90.200979562941939 948.41116415313445 35.065994588658214 2700.4957105810754 330.19601247785613 5475.2094492311589 288.58264394849539 35.881014317274094 998.31115380581468 65.14594561047852 3424.2351679820567 61.179246871732175 280.36864805826917 74.265976147726178 42.693477004766464 200.1499785828637 848.79666073934641 515.5974274193868 1944.6978350663558 139.00774926552549 892.78842425264884 7425.757294703275 80.282971739768982 1643.3449862089474 70.873923160135746 27.83649270888418 1132.9556832094677
leaf_count=104063 5510 8 619 658 2797 822 64903 1051 103340 10 18 1121 1903 3166 1134 541 578 202 1821 1350 3526 1433 2738 2719 4923 297 2323 38 119 2303
internal_value=0.0228833 0.0230239 0.0248631 0.0186484 0.0182613 0.0245033 0.0245661 0.0236267 0.02916 0.0372172 0.018562 0.0187527 0.0129884 0.0140614 0.0025927 0.00542194 -0.00262762 -0.0318468 0.0205101 0.0102658 0.0212266 0.0216486 0.0198874 -0.00514729 0.022163 0.0300673 0.0211887 -0.0292319 0.0403858 0.037543
internal_weight=71665.1 71523.9 50356.6 21167.3 20942.8 49894.8 49859.8 41395.5 8464.29 2989.08 20852.6 20774 4853.61 4788.46 1364.23 1303.05 1022.68 78.5745 15920.4 1592.38 1392.23 14328 12383.3 1031.8 11351.5 3925.77 1794.5 151.157 543.434 2131.27
internal_count=316034 310524 274808 35716 35708 274189 273367 105114 168253 64913 35050 34830 10119 8216 5050 3916 3375 220 24711 6816 4995 17895 16462 5457 11005 6082 2658 335 3645 3424
is_linear=0
shrinkage=0.03


Tree=26
num_leaves=31
num_cat=0
split_feature=2 4 5 5 5 5 5 5 5 8 8 2 3 5 5 8 5 5 5 9 7 2 5 6 8 2 3 2 2 3
split_gain=866.213 988.779 716.897 462.247 564.584 818.863 715.833 603.677 589.916 1913.26 1016.97 459.845 915.107 431.497 996.281 706.906 661.568 1138.77 497.809 608.636 409.943 388.043 352.633 1531.18 383.826 380.193 346.381 343.248 328.434 519.935
threshold=7.5000000000000009 2.5000000000000004 185.00000000000003 162.50000000000003 94.500000000000014 91.500000000000014 89.000000000000014 29.500000000000004 95.500000000000014 0.36666666666666675 0.23611111111111113 3.5000000000000004 1.0000000180025095e-35 99.500000000000014 100.50000000000001 0.83333333333333337 105.50000000000001 109.00000000000001 114.50000000000001 3.5000000000000004 1.0000000180025095e-35 1.0000000180025095e-35 129.50000000000003 1.5000000000000002 0.83333333333333337 1.0000000180025095e-35 24.500000000000004 1.5000000000000002 4.5000000000000009 4.5000000000000009
decision_type=2 2 2 2 2 2 2 2 2 2 2 2 2 2 2 2 2 2 2 2 2 2 2 2 2 2 2 2 2 2
left_child=2 -2 3 4 5 6 7 -1 9 10 -6 12 20 -10 15 27 -16 -18 19 -19 -11 -5 -20 24 -24 -26 -3 -15 29 -27
right_child=1 26 -4 21 8 -7 -8 -9 13 11 -12 -13 -14 14 16 -17 17 18 22 -21 -22 -23 23 -25 25 28 -28 -29 -30 -31
leaf_value=0.02249794299204344 -0.064219966459428721 0.012707338962036612 -0.047584579941282859 0.060021672551762793 -0.037873727236106464 0.068563593103621118 -0.037244922750580216 0.0453470792390651 0.036563947338579234 -0.00081145543679474533 0.048258744914779668 0.020687350733623606 -0.036384478532734452 -0.10581424497836561 0.037521815249428853 0.006122969634383039 -0.079937382518972533 0.0088726916099764273 0.034112933469366995 -0.091105018619209402 0.077623605215154268 0.028913726506127252 -0.03112328442699917 -0.1116497235447544 0.031031514749451376 0.007545331475000464 -0.046675335863706674 -0.031608599013692118 0.031049294313523615 -0.069329387267331122
leaf_weight=50282.47040561249 195.89748817571672 1168.3873842811445 133.60312804148998 467.66576237604022 138.39251036394853 353.73074558377266 178.2951237638481 1062.6502899462357 1301.038151265122 1949.0166170652956 1136.6922871461138 555.76963928784244 796.97321259626187 83.695161825977266 1739.194220289588 467.04015478934161 107.46556746959686 2119.6001268988475 1803.0903017036617 56.256184033118188 61.875424914993346 1580.7268288126215 123.58413704799023 80.321743676788174 2015.2183664552867 837.40379706211388 95.64168478641659 170.16588745824993 471.16126559115946 87.450647176709026
leaf_count=173503 1809 3525 5265 637 2580 10 3784 2593 63 48036 4184 697 4771 2274 82 978 461 16923 367 1116 129 441 8937 2099 26314 818 2174 515 176 658
internal_value=0.0213663 -0.00150524 0.0218423 0.0219747 0.0215516 0.0230748 0.0227625 0.0229708 0.0166442 0.00761747 0.0389103 -0.00424499 -0.00917993 0.0202971 0.0182144 -0.0157791 0.0208101 0.0170362 0.0184085 0.00628779 0.001602 0.0360159 0.023276 0.0178709 0.020814 0.0226956 0.0082142 -0.0560734 0.0106624 0.000276356
internal_weight=71620.5 1459.93 70160.5 70026.9 67978.6 51877.1 51523.4 51345.1 16101.4 4638.72 1275.08 3363.63 2807.87 11462.7 10161.6 720.901 9440.75 7701.55 7594.09 2175.86 2010.89 2048.39 5418.23 3615.14 3534.82 3411.23 1264.03 253.861 1396.02 924.854
internal_count=315919 7508 308411 303146 302068 179890 179880 176096 122178 60397 6764 53633 52936 61781 61718 3767 57951 57869 57408 18039 48165 1078 39369 39002 36903 27966 5699 2789 1652 1476
is_linear=0
shrinkage=0.03


Tree=27
num_leaves=31
num_cat=0
split_feature=5 5 2 2 1 0 2 10 6 1 5 10 5 8 8 2 8 8 5 5 5 5 2 2 2 8 5 7 6 8
split_gain=699.413 467.339 307.387 229.992 700.31 501.604 390.778 493.342 352.245 1048.5 397.35 271.207 192.131 216.23 195.936 188.973 357.389 172.696 170.582 271.622 641.809 398.711 230.151 314.047 195.2 193.642 161.385 183.319 182.414 167.761
threshold=185.00000000000003 162.50000000000003 1.0000000180025095e-35 7.5000000000000009 1.0000000180025095e-35 1.5000000000000002 5.5000000000000009 0.58333333333333337 1.5000000000000002 2.5000000000000004 116.50000000000001 1.0000000180025095e-35 99.500000000000014 0.30952380952380959 0.45000000000000007 11.500000000000002 0.0023391844864190507 0.0049566371029162474 10.500000000000002 71.500000000000014 95.500000000000014 29.500000000000004 3.5000000000000004 1.5000000000000002 4.5000000000000009 0.58333333333333337 136.50000000000003 1.5000000000000002 1.5000000000000002 0.0033277962347729793
decision_type=2 2 2 2 2 2 2 2 2 2 2 2 2 2 2 2 2 2 2 2 2 2 2 2 2 2 2 2 2 2
left_child=1 3 -3 6 5 11 7 -1 10 -10 12 -5 13 -6 -15 -11 -17 -18 22 21 24 -20 23 -9 -21 -25 27 -22 -28 -29
right_child=-2 2 -4 4 8 -7 -8 18 9 15 -12 -13 -14 14 -16 16 17 -19 19 20 26 -23 -24 25 -26 -27 28 29 -30 -31
leaf_value=0.02013509569784511 -0.047148912117283164 0.057732495978070814 0.028503120821589442 -0.080334604396086251 -0.04074943438433537 -0.067856320994138991 0.033455337325615557 -0.00057416251112122404 -0.074993607629632794 0.03606758954122969 0.075852520150406694 0.0082673058977376195 -0.070807979687849507 0.083415899784155173 0.017015186402628852 0.042124868081211339 0.0062022065082079679 -0.074350842454813978 0.017551840067873622 -0.049932931859544213 0.023412881158348605 0.091745930078497989 0.02507873893528963 -0.045813502381809791 0.0098487231512711642 -0.14437108811376698 -0.003543439623510817 0.025542595897926592 -0.11225053970593526 -0.02448892094970119
leaf_weight=62533.289123262861 139.25527517218143 406.99346022773534 1584.300547702238 34.836593821528368 36.78669997304678 148.35554358951049 1888.6040118793026 161.3330014878884 113.90721085446421 401.57765392167494 185.67042937979568 289.30390815902501 20.376793198753148 59.87017336441204 120.48109296197072 92.354753643274307 41.653557643294334 56.366916067898273 378.69666274008341 222.43736170290504 910.79919319576584 78.741383816348389 107.02538537979126 83.65189075563103 63.102343035629019 22.840466773603112 204.63563252042513 97.689632199704647 14.904488503350874 157.66973943263292
leaf_count=292567 5498 639 773 272 563 1685 1293 502 650 130 755 1586 90 23 858 7 52 264 1619 3019 691 180 52 416 63 202 1362 35 230 342
internal_value=0.0200178 0.0201504 0.0344772 0.0197341 0.00849907 -0.0221667 0.0200029 0.0196123 0.0213324 0.00835785 0.0429737 -0.00125507 0.0172716 0.0255372 0.0390578 0.0243969 -0.000221415 -0.04012 0.00655374 0.00983988 0.00423333 0.0303233 -0.0121074 -0.0269673 -0.0367216 -0.0669521 0.0126726 0.0171148 -0.0109235 -0.00534899
internal_weight=70657.5 70518.3 1991.29 68527 1601.54 472.496 66925.4 65036.8 1129.05 705.86 423.185 324.141 237.515 217.138 180.351 591.953 190.375 98.0205 2503.53 2128.68 1671.24 457.438 374.851 267.825 285.54 106.492 1385.7 1166.16 219.54 255.359
internal_count=316418 310920 1412 309508 6935 3543 302573 301280 3392 1103 2289 1858 1534 1444 881 453 323 316 8713 7541 5742 1799 1172 1120 3082 618 2660 1068 1592 377
is_linear=0
shrinkage=0.03


Tree=28
num_leaves=31
num_cat=0
split_feature=10 0 9 0 1 4 3 10 8 11 4 8 6 1 8 8 8 1 3 0 6 4 8 9 8 4 3 3 3 3
split_gain=384.193 195.918 497.76 317.692 401.663 289.818 395.488 305.151 338.184 269.413 416.963 259.555 223.749 673.523 454.602 226.441 211.031 205.008 177.53 171.424 324.425 548.455 382.108 354.266 246.459 479.899 290.938 236.774 871.9 382.713
threshold=0.58333333333333337 2.5000000000000004 1.0000000180025095e-35 4.5000000000000009 1.5000000000000002 4.5000000000000009 5.5000000000000009 1.0000000180025095e-35 0.36666666666666675 1.0000000180025095e-35 9.5000000000000018 0.0049566371029162474 1.5000000000000002 1.0000000180025095e-35 0.83333333333333337 0.072751322751322761 0.0055814001786048065 1.0000000180025095e-35 29.500000000000004 5.5000000000000009 1.5000000000000002 3.5000000000000004 0.002797252042189603 1.0000000180025095e-35 0.30952380952380959 11.500000000000002 12.500000000000002 20.500000000000004 13.500000000000002 22.500000000000004
decision_type=2 2 2 2 2 2 2 2 2 2 2 2 2 2 2 2 2 2 2 2 2 2 2 2 2 2 2 2 2 2
left_child=1 9 5 11 -5 7 -7 -3 -9 12 -11 -4 -1 -14 15 -15 -13 -18 19 20 24 -22 -23 -24 25 -2 -27 28 -26 -29
right_child=18 2 3 4 -6 6 -8 8 -10 10 -12 16 13 14 -16 -17 17 -19 -20 -21 21 22 23 -25 27 26 -28 29 -30 -31
leaf_value=0.02051806561558454 0.023359412023045246 0.038151111764600822 -0.10609552285102798 0.099312508097218241 0.013711470006219273 0.10170908315076818 0.036616763892305185 0.022446685302889555 -0.074561552828463051 -0.13318328266218232 0.02698418521864281 0.025511555335880006 -0.075881887846223517 -0.024260149838282619 -0.04063219112506572 0.038337134528599978 0.018965210692111226 -0.074688423537863327 -0.047028942254496803 0.026775610145268976 0.023998056197501533 0.019864601109440518 -0.025278770871959833 -0.097330593113414826 0.010212811489480163 0.1595256502325674 -0.03618909721056935 0.069224698531065082 -0.12387349979943184 -0.032179893443344501
leaf_weight=64258.496768693207 343.91960038710386 1013.3633948476054 28.44453275820706 53.957902731373906 575.69584038807079 142.95574198896065 203.72466252010781 104.82509314198978 46.774871123838238 26.154324026836548 33.193425117875449 85.088565912097692 85.406892433820758 60.964758281246759 105.37425340292975 354.08712123846635 33.246126864571124 57.277848302386701 46.337714164983481 607.19369817525148 237.83883867936675 85.01617133198306 156.93547559820581 100.90486929705366 2481.9902101582848 39.037235260009766 8.2870827016886306 132.96014144958463 44.426811723271385 44.777273207204416
leaf_count=284579 707 3420 935 20 2631 85 243 119 500 297 46 170 2297 1077 1316 1727 122 1438 207 373 200 58 1152 616 5566 1 603 775 875 3918
internal_value=0.0200387 0.0205962 0.0291144 0.0105046 0.021047 0.0393783 0.063458 0.0322124 -0.00748438 0.0202885 -0.043601 -0.022026 0.020347 0.00220069 0.0150148 0.0291426 -0.00840903 -0.0402929 0.0113766 0.0120084 0.00956926 -0.0110071 -0.0352901 -0.053476 0.0134294 0.0356844 0.125254 0.0102095 0.00785492 0.0436779
internal_weight=71598.7 67269 2345.35 833.711 629.654 1511.64 346.68 1164.96 151.6 64923.7 59.3477 204.057 64864.3 605.833 520.426 415.052 175.613 90.524 4329.63 4283.29 3676.09 580.695 342.857 257.84 3095.4 391.244 47.3243 2704.15 2526.42 177.737
internal_count=316073 301022 9683 5316 2651 4367 328 4039 619 291339 343 2665 290996 6417 4120 2804 1730 1560 15051 14844 14471 2026 1826 1768 12445 1311 604 11134 6441 4693
is_linear=0
shrinkage=0.03


Tree=29
num_leaves=31
num_cat=0
split_feature=4 4 3 9 4 0 8 11 1 6 1 8 8 4 1 3 4 8 3 8 8 0 9 8 8 8 8 8 8 6
split_gain=414.791 317.816 352.619 199.104 624.621 328.299 304.112 237.354 435.403 230.069 697.059 375.382 269.547 212.882 174.851 164.002 648.434 169.133 294.584 148.515 340.852 157.012 287.139 345.308 271.971 135.551 262.515 172.994 410.04 283.582
threshold=23.500000000000004 19.500000000000004 18.500000000000004 1.0000000180025095e-35 13.500000000000002 2.5000000000000004 0.00245399142457966 1.0000000180025095e-35 1.5000000000000002 1.5000000000000002 1.0000000180025095e-35 0.83333333333333337 0.58333333333333337 15.500000000000002 1.0000000180025095e-35 5.5000000000000009 4.5000000000000009 0.83333333333333337 1.0000000180025095e-35 0.0029455144889814337 0.0040363310524600855 7.5000000000000009 3.5000000000000004 0.0040941701029199784 0.0048840121653050276 0.0057664597650188441 0.0067189333975381472 0.072751322751322761 0.012760529743812419 3.5000000000000004
decision_type=2 2 2 2 2 2 2 2 2 2 2 2 2 2 2 2 2 2 2 2 2 2 2 2 2 2 2 2 2 2
left_child=1 2 3 4 5 7 -5 9 -9 -1 -11 12 -12 19 -3 16 17 -7 -19 -8 -21 22 24 -24 -22 -26 -27 28 29 -28
right_child=-2 14 -4 6 -6 15 13 8 -10 10 11 -13 -14 -15 -16 -17 -18 18 -20 20 21 -23 23 -25 25 26 27 -29 -30 -31
leaf_value=0.019114850434238783 -0.045150806513362444 -0.037690969455431919 -0.057545229447529961 -0.074016493078013473 -0.1082282669932905 0.035386611126399327 0.028663977370906868 -0.13573950478724475 0.03278476284163901 -0.074331830241257404 -0.062440784868958689 -0.024483185618337858 0.041519866273361558 0.045646715008463547 0.046668841675378471 0.00093267426379072883 0.096186426040439393 0.017630318584219113 -0.097559547612460468 -0.10654039822645879 -0.10851585532836601 0.032940664919605317 0.032927851548445478 -0.10069622243128934 0.024482885945627298 -0.089497349171928614 -0.10156901857270881 0.028657594015292123 -0.094894397276296311 0.010185860896833061
leaf_weight=67321.851038974361 90.790142934478354 23.181197261321358 54.342448215407785 39.271627678885125 34.632895879738498 907.7394584689755 237.40401555225253 25.063505103287753 30.69666962698102 94.834786879247986 24.32720737264026 147.79169879900292 290.27210529684089 141.14915638975799 479.65539502783213 128.82504235906526 145.38648804463446 261.38827958051115 21.635144454427063 25.177053329767659 18.511010924354196 156.86580497771502 26.481968495063484 50.780712580773979 291.47782800253481 28.368280154187232 21.73902549338527 177.47528959851479 42.610152866924182 340.83762353938073
leaf_count=290059 2107 1527 1355 1205 429 2557 281 269 5 2317 627 1457 1353 60 1677 597 102 1289 306 635 458 24 7 939 459 518 412 777 937 1276
internal_value=0.018932 0.0190133 0.0188452 0.0189036 0.0191446 0.0192081 0.00843445 0.0189051 -0.0429648 0.018956 -0.000241564 0.0149541 0.0334808 0.0105116 0.0427798 0.0332592 0.0363759 0.0290734 0.00882487 0.00701351 0.00265886 0.00503891 0.000654551 -0.0548963 0.00531461 0.00764934 -0.000380706 0.00395815 -0.00686042 0.00348537
internal_weight=71680.6 71589.8 71086.9 71032.6 69434.4 69399.8 1598.15 67934.8 55.7602 67879.1 557.226 462.391 314.599 1558.88 502.837 1464.97 1336.15 1190.76 283.023 1417.73 1180.32 1155.15 998.282 77.2627 921.019 902.508 611.03 582.662 405.187 362.577
internal_count=316021 313914 310710 309355 301367 300938 7988 296087 274 295813 5754 3437 1980 6783 3204 4851 4254 4152 1595 6723 6442 5807 5783 946 4837 4379 3920 3402 2625 1688
is_linear=0
shrinkage=0.03


Tree=30
num_leaves=31
num_cat=0
split_feature=5 5 2 3 3 2 4 2 3 2 10 2 2 8 5 6 5 5 5 5 5 8 2 8 8 2 8 5 2 5
split_gain=611.782 543.094 278.24 212.453 298.096 544.338 916.1 411.064 1269.09 1119.09 541.617 503.394 336.013 287.795 212.082 969.115 514.67 623.327 722.852 581.409 428.079 959.226 524.902 396.672 1869.73 531.806 453.657 382.334 378.049 369.976
threshold=185.00000000000003 162.50000000000003 1.0000000180025095e-35 29.500000000000004 20.500000000000004 7.5000000000000009 2.5000000000000004 5.5000000000000009 5.5000000000000009 4.5000000000000009 0.87500000000000011 1.5000000000000002 5.5000000000000009 0.002797252042189603 136.50000000000003 1.5000000000000002 114.50000000000001 105.50000000000001 109.00000000000001 100.50000000000001 99.500000000000014 0.36666666666666675 3.5000000000000004 0.093073593073593086 0.83333333333333337 1.0000000180025095e-35 0.0048840121653050276 144.00000000000003 1.0000000180025095e-35 10.500000000000002
decision_type=2 2 2 2 2 2 2 2 2 2 2 2 2 2 2 2 2 2 2 2 2 2 2 2 2 2 2 2 2 2
left_child=1 3 -3 4 5 7 -7 8 14 10 -10 -12 -6 -13 16 27 17 19 -19 20 29 22 -22 26 25 -25 -20 -16 -29 -1
right_child=-2 2 -4 -5 12 6 -8 -9 9 -11 11 13 -14 -15 15 -17 -18 18 23 -21 21 -23 -24 24 -26 -27 -28 28 -30 -31
leaf_value=0.017484593526917482 -0.046418299903663203 0.05412524970285041 0.027698202446077215 -0.045510544891689542 -0.047908474352547463 -0.061599408403434086 0.0095070782812749534 0.032413984797200257 -0.062426592777756251 0.018832646611071278 0.069583749877195525 0.026143939878711751 0.043015177115804527 -0.091148079045127381 -0.011439932756217769 -0.10857421257223926 0.036005310127849195 -0.076977067880380848 -0.084987330143751455 0.038169931060832052 -0.10713596766179669 0.01179926600527488 0.023828557261351076 -0.030543645234214069 0.0091169518666525777 -0.17821299293227949 0.025322582335193439 0.025252139102233482 0.00031061246852493124 0.023547896376226039
leaf_weight=45046.891481862869 130.83991313260049 475.13889050483704 1461.4224144467153 47.259586743544787 38.784192924387753 195.52028077031719 982.43626508547459 1801.3057230929844 402.87213264696766 460.61191380466335 62.317398850107566 31.228191062808037 643.67542750714347 47.411411320674233 480.95997080719098 60.044201343087479 1524.910491572693 103.7297994941473 35.210444754455239 1369.3748472668231 106.91770999017172 682.8887571929954 37.100668236613274 32.318278057035059 584.25717262551188 68.409369796514511 713.12038607196882 1803.270334424451 785.06162891816348 11336.674980936572
leaf_count=140386 5474 650 770 217 1541 1811 1908 736 5963 276 426 10 3591 762 8779 1831 146 437 1854 71 1516 1848 16 2086 8789 489 4176 23491 2997 93127
internal_value=0.0183932 0.0185119 0.0341821 0.0180752 0.0181185 0.0179227 -0.00229536 0.0182751 0.0178879 -0.015575 -0.0447175 0.00589717 0.037848 -0.0445708 0.0184068 0.0107879 0.0187936 0.018357 -0.00050169 0.0188518 0.0183894 -0.00303915 -0.0733981 0.00503287 -0.0114629 -0.130834 0.0201323 0.0131229 0.0176872 0.0187037
internal_weight=71552 71421.1 1936.56 69484.6 69437.3 68754.8 1177.96 67576.9 65775.6 1004.44 543.829 140.957 682.46 78.6396 64771.1 3129.34 61641.8 60116.9 1537.05 58579.8 57210.5 826.907 144.018 1433.32 684.985 100.728 748.331 3069.29 2588.33 56383.6
internal_count=316174 310700 1420 309280 309063 303931 3719 300212 299476 7437 7161 1198 5132 772 292039 37098 254941 254795 17831 236964 236893 3380 1532 17394 11364 2575 6030 35267 26488 233513
is_linear=0
shrinkage=0.03


Tree=31
num_leaves=31
num_cat=0
split_feature=5 5 2 5 6 5 9 0 0 4 8 5 5 8 8 5 5 8 5 2 3 8 2 5 8 5 2 4 4 3
split_gain=572.394 476.453 413.297 297.771 1276.45 650.647 525.3 436.977 435.561 931.331 582.838 418.68 988.444 505.057 1892.32 432.147 879.309 1474.25 382.075 361.489 336.813 339.324 295.354 281.723 281.55 267.314 258.683 572.409 521.445 432.807
threshold=185.00000000000003 162.50000000000003 11.500000000000002 129.50000000000003 1.5000000000000002 114.50000000000001 2.5000000000000004 7.5000000000000009 2.5000000000000004 10.500000000000002 0.0043336995614652891 105.50000000000001 109.00000000000001 0.093073593073593086 0.58333333333333337 100.50000000000001 99.500000000000014 0.83333333333333337 95.500000000000014 10.500000000000002 1.5000000000000002 0.36666666666666675 1.0000000180025095e-35 120.50000000000001 0.83333333333333337 169.50000000000003 4.5000000000000009 2.5000000000000004 7.5000000000000009 2.5000000000000004
decision_type=2 2 2 2 2 2 2 2 2 2 2 2 2 2 2 2 2 2 2 2 2 2 2 2 2 2 2 2 2 2
left_child=1 2 3 5 24 6 8 19 9 11 -10 15 -13 -14 22 16 18 20 26 -8 21 -18 -15 -4 -5 -3 28 29 -1 -28
right_child=-2 25 23 4 -6 -7 7 -9 10 -11 -12 12 13 14 -16 -17 17 -19 -20 -21 -22 -23 -24 -25 -26 -27 27 -29 -30 -31
leaf_value=0.015824926910560005 -0.045954914248824801 0.038842605193753363 -0.070911669709359804 -0.031146127110499425 -0.089279796606805725 0.03362733498390949 -0.088310602990538653 0.031301178065516161 -0.085846370157842508 -0.0779799608077376 0.032628423476764902 -0.073066218588653808 0.034247943484325277 -0.030507348567688428 0.012920866748453115 0.03300073163099277 -0.085380363609188825 0.014805908104859811 0.03468662432360272 0.022632954602680205 -0.11014917124371519 -0.0036341839979835409 -0.14012735465350626 0.035005341989289958 0.012755151653855048 0.012103954874941399 -0.067988875122954651 0.034098478832425408 -0.064920854113400553 0.026102360937516562
leaf_weight=54276.468063316657 132.51065452542389 1297.0852957703173 81.127954483032227 136.74408696830506 117.8856515790103 1964.3299907622859 107.56996120745316 68.14776287227869 38.124788831803016 95.143170516006649 1890.9594038189389 149.11404418200254 449.61465424112976 28.971478709019721 753.05273672705516 1370.0067014694214 89.846067646984011 538.53742562606931 1010.1069467589259 35.042979061603546 110.4503832384944 93.011440528556705 93.552879065275192 31.32921028137207 3412.1875852982048 454.37866799812764 92.321781742037274 1445.9559578218032 72.0755111501785 84.059641339117661
leaf_count=233262 5505 59 382 9923 2271 684 2377 19 678 4716 6368 634 1085 1911 8832 69 1386 925 54 21 569 910 560 1 28235 1357 876 529 1416 60
internal_value=0.0163375 0.0164548 0.0160605 0.0161548 0.00783762 0.016625 0.016094 -0.0311886 0.016253 0.0158073 0.030287 0.0159544 0.000162864 0.00840279 -0.00486886 0.0163478 0.0159532 -0.0146681 0.0164002 -0.0610495 -0.0687848 -0.0437997 -0.114207 -0.0414045 0.0110636 0.0319059 0.0160702 0.0278747 0.0157178 -0.023147
internal_weight=70519.7 70387.2 68635.7 68523.3 3666.82 64856.5 62892.1 210.761 62681.4 60752.3 1929.08 60657.1 1474.31 1325.19 875.577 59182.8 57812.8 831.845 56981 142.613 293.308 182.858 122.524 112.457 3548.93 1751.46 55970.9 1622.34 54348.5 176.381
internal_count=315674 310169 308753 308370 40429 267941 267257 2417 264840 257794 7046 253078 13022 12388 11303 240056 239987 3790 236197 2398 2865 2296 2471 383 38158 1416 236143 1465 234678 936
is_linear=0
shrinkage=0.03


Tree=32
num_leaves=31
num_cat=0
split_feature=5 5 2 2 4 2 1 2 3 0 2 3 3 4 10 10 0 2 10 1 5 2 0 4 11 5 5 9 2 3
split_gain=580.552 421.471 265.195 194.103 153.252 566.042 434.052 402.437 293.815 561.303 268.599 1418.05 584.339 437.342 370.738 630.272 357.216 253.47 214.09 193.561 187.067 270.684 178.459 723.676 480.755 436.197 174.211 151.446 153.511 179.659
threshold=185.00000000000003 162.50000000000003 11.500000000000002 1.0000000180025095e-35 15.500000000000002 8.5000000000000018 1.0000000180025095e-35 5.5000000000000009 13.500000000000002 5.5000000000000009 4.5000000000000009 5.5000000000000009 8.5000000000000018 7.5000000000000009 0.41666666666666669 1.0000000180025095e-35 4.5000000000000009 2.5000000000000004 0.41666666666666669 1.0000000180025095e-35 116.50000000000001 9.5000000000000018 2.5000000000000004 4.5000000000000009 1.0000000180025095e-35 142.50000000000003 27.500000000000004 1.5000000000000002 1.5000000000000002 1.0000000180025095e-35
decision_type=2 2 2 2 2 2 2 2 2 2 2 2 2 2 2 2 2 2 2 2 2 2 2 2 2 2 2 2 2 2
left_child=1 2 4 -3 5 8 -7 -6 10 -10 11 22 16 -14 15 -12 26 -15 -8 -9 21 -21 24 25 -1 27 -13 28 29 -24
right_child=-2 3 -4 -5 7 6 18 19 9 -11 14 12 13 17 -16 -17 -18 -19 -20 20 -22 -23 23 -25 -26 -27 -28 -29 -30 -31
leaf_value=0.017671140149667888 -0.045622437126559751 0.050574714259931389 -0.023635416502365728 0.026935619226228225 -0.048796768510029273 -0.05134490073546346 -0.056875451462155467 -0.034406530187626731 -0.12393636731296412 0.013536398733029704 -0.092217983915225094 -0.04426470831462119 0.071841019043222917 -0.065568579326560628 0.031041354892975184 0.01637317662814149 0.017161297806263107 0.0019277787539006971 0.015103396430294073 -0.051902579031782248 0.062939722079376093 0.038660605645659971 0.040816941701292589 0.11319073238068177 -0.11897954705096682 -0.080415115672306942 -0.093675626947549273 0.0079088496122919176 0.014465477243122927 -0.028881779326005733
leaf_weight=63500.834991608746 129.66629490192281 411.9502963386476 140.39858084917068 1296.4732376839966 49.782329404726624 179.80285376909887 42.440515427791979 29.492731726029888 38.237255195854232 88.825712226331234 58.427716821082868 118.33762030792423 62.969115243759006 68.956344899605028 2432.8919289630139 272.24827270384412 49.128053650259972 182.85912387061398 300.6317022186704 34.223787968046963 253.6862588590011 224.8654119875282 776.74230496678501 84.408598210662603 23.179327527293935 35.861693539191037 140.42927400511689 343.53705294802785 367.77430017711595 34.774710284546018
leaf_count=282685 5556 632 375 761 1712 1137 468 2273 371 65 571 823 282 1347 921 302 36 729 549 1180 500 177 3590 134 218 886 3630 3559 456 214
internal_value=0.0177989 0.0179137 0.0175541 0.0326357 0.0176369 0.0175069 -0.0135888 0.0328352 0.0177436 -0.0278335 0.0178281 0.0174432 -0.0276145 0.00112746 0.0269904 -0.00281398 -0.0569996 -0.0165552 0.00619909 0.0403294 0.0446279 0.0266979 0.0178738 0.0276352 0.0176213 0.0230021 -0.0710793 0.0254375 0.0305437 0.0378302
internal_weight=71773.8 71644.2 69935.7 1708.42 69795.3 69203.3 522.875 592.051 68680.4 127.063 68553.4 65789.8 622.68 314.785 2763.57 330.676 307.895 251.815 343.072 542.268 512.775 259.089 65167.1 1643.1 63524 1558.69 258.767 1522.83 1179.29 811.517
internal_count=316139 310583 309190 1393 308815 302973 2154 5842 300819 436 300383 298589 6847 2358 1794 873 4489 2076 1017 4130 1857 1357 291742 8839 282903 8705 4453 7819 4260 3804
is_linear=0
shrinkage=0.03


Tree=33
num_leaves=31
num_cat=0
split_feature=5 5 9 5 9 1 3 2 4 3 2 2 3 0 2 5 5 2 5 6 5 0 1 3 10 2 5 5 0 3
split_gain=517.548 516.711 240.552 270.174 322.159 269.72 246.468 710.863 593.559 392.778 1395.62 298.496 438.64 331.772 271.521 270.044 441.662 424.208 618.575 555.002 550.793 388.32 324.253 399.022 320.794 1201.33 298.069 651.147 557.362 293.453
threshold=185.00000000000003 162.50000000000003 2.5000000000000004 120.50000000000001 3.5000000000000004 6.5000000000000009 20.500000000000004 7.5000000000000009 2.5000000000000004 6.5000000000000009 4.5000000000000009 4.5000000000000009 5.5000000000000009 4.5000000000000009 6.5000000000000009 10.500000000000002 27.500000000000004 1.0000000180025095e-35 151.50000000000003 1.5000000000000002 29.500000000000004 1.5000000000000002 1.5000000000000002 3.5000000000000004 0.41666666666666669 1.5000000000000002 91.500000000000014 94.500000000000014 1.5000000000000002 1.0000000180025095e-35
decision_type=2 2 2 2 2 2 2 2 2 2 2 2 2 2 2 2 2 2 2 2 2 2 2 2 2 2 2 2 2 2
left_child=1 2 6 4 -4 -6 7 9 -9 11 -11 12 15 -14 -8 22 -17 26 20 24 21 -19 23 -1 25 -20 28 -28 -18 -23
right_child=-2 -3 3 -5 5 -7 14 8 -10 10 -12 -13 13 -15 -16 16 17 18 19 -21 -22 29 -24 -25 -26 -27 27 -29 -30 -31
leaf_value=0.016142743738290603 -0.044973428609145841 0.033400710690299096 0.0017333709839089683 0.034095222057922814 -0.080643255005547171 0.030896246730594309 -0.04587715593263076 -0.057280893760913269 0.0028446473728410892 -0.044628789857625105 0.024334729411971991 0.030598063460897003 -0.065778481446870221 0.034307488417710329 0.040516974675788908 0.032879558990450919 0.018978859363984073 -0.012542961130586531 -0.26805578384868833 -0.12611019871247747 0.018013567679187607 -0.25459938175414054 0.054780741724395857 -0.013193158363331724 0.0075300217836344781 -0.014990649197050921 0.060277521730376066 0.023824241021616104 -0.031818754260482238 -0.030530989787257753
leaf_weight=45427.096954740584 120.56522457068786 1736.364894321654 291.72473151609302 132.82995986938477 92.582035403698683 24.722016409039497 34.659737199661322 187.52503783698194 697.05119893793017 409.92765274696285 742.40072327433154 1522.541222109925 98.848896532319486 42.677938669919968 591.07829667627811 2216.4006912759505 1584.7695063650608 327.43311052513309 18.602744126925245 37.385354958707467 7455.0565970172174 10.79939033649862 193.59340141806751 421.16085496358573 428.59077808912843 182.57867116294801 476.74563669040799 5883.441517197527 221.57918825745583 10.256243637995793
leaf_count=139083 5435 1424 1408 5 1275 4 1604 1782 1790 5371 343 644 1655 6 3597 1488 24361 833 611 513 8739 233 170 940 1150 1015 12 102140 7378 808
internal_value=0.0171306 0.0172353 0.016833 -0.00307786 -0.0151496 -0.0571361 0.0169888 0.0168179 -0.00990162 0.0171669 -0.000198255 0.0174676 0.0171602 -0.0355972 0.0357316 0.0172752 0.0202994 0.0186235 0.0139199 -0.0138062 0.0162904 -0.0205735 0.0160369 0.0158733 -0.00713948 -0.038391 0.0235023 0.0265567 0.0127477 -0.145455
internal_weight=71621 71500.4 69764.1 541.859 409.029 117.304 69222.2 68596.5 884.576 67711.9 1152.33 66559.6 65037 141.527 625.738 64895.5 18853.6 16637.2 8470.7 667.158 7803.55 348.489 46041.9 45848.3 629.772 201.181 8166.54 6360.19 1806.35 21.0556
internal_count=315817 310382 308958 2692 2687 1279 306266 301065 3572 297493 5714 291779 291135 1661 5201 289474 149281 147793 13902 3289 10613 1874 140193 140023 2776 1626 133891 102152 31739 1041
is_linear=0
shrinkage=0.03


Tree=34
num_leaves=31
num_cat=0
split_feature=5 5 5 5 2 1 5 6 2 5 5 5 5 5 5 2 3 2 2 3 4 6 2 5 5 10 1 4 3 6
split_gain=512.434 914.571 491.778 752.131 373.219 395.403 329.342 880.954 771.318 598.013 445.978 1132.09 892.148 565.007 992.466 529.959 442.307 375.629 354.069 338.011 567.91 330.823 282.059 274.74 383.167 376.836 255.575 405.174 250.85 245.56
threshold=94.500000000000014 29.500000000000004 162.50000000000003 185.00000000000003 10.500000000000002 4.5000000000000009 151.50000000000003 1.5000000000000002 4.5000000000000009 114.50000000000001 105.50000000000001 100.50000000000001 109.00000000000001 99.500000000000014 95.500000000000014 4.5000000000000009 4.5000000000000009 1.0000000180025095e-35 6.5000000000000009 12.500000000000002 11.500000000000002 1.5000000000000002 1.0000000180025095e-35 91.500000000000014 89.000000000000014 0.87500000000000011 1.5000000000000002 10.500000000000002 5.5000000000000009 1.5000000000000002
decision_type=2 2 2 2 2 2 2 2 2 2 2 2 2 2 2 2 2 2 2 2 2 2 2 2 2 2 2 2 2 2
left_child=1 26 4 -4 6 -6 9 8 28 10 11 13 -12 14 16 21 17 -2 22 20 -18 -15 -14 24 25 -3 27 -1 -8 -19
right_child=2 23 3 -5 5 -7 7 -9 -10 -11 12 -13 18 15 -16 -17 19 29 -20 -21 -22 -23 -24 -25 -26 -27 -28 -29 -30 -31
leaf_value=0.017039576247627607 0.0091862322924975703 0.036477645312683611 0.032406780410270244 -0.044649175089304376 -0.072873780625864581 0.017040004678745939 -0.00071446159588055616 -0.084697031694506514 0.038502852887257133 0.026467862754060576 -0.071828704839519031 0.037658438070668598 0.012590889827330535 -0.001513668244005204 0.036265805509156368 -0.075994419643191119 0.021438436298116103 -0.0074909300873248017 0.026081200039694916 -0.077921150950782864 0.13094562617339137 -0.098835777783350898 -0.012935632119101965 0.060741491523005113 -0.0030756453800428016 0.12346401130132607 0.043523238337517076 -0.067743046068307833 -0.085230770816120113 -0.072361517102893458
leaf_weight=51896.627051155607 2214.4679880212061 946.52731037151534 1640.1078312173486 122.52153725741664 98.779277198016644 79.400143966078758 2494.9293771497905 101.7668731691665 514.81907334591961 2402.3097391651245 152.966482385993 1406.6772819943726 624.01623776159249 790.60546324565075 1175.0369180487469 108.2376194645185 914.47498361847829 1646.6961610680446 472.72748103225604 28.711304079624824 44.705972153344192 32.736804083222523 1036.9874381849077 422.25629631429911 221.0286081682425 47.050133239012212 327.96293720765971 50.780256149009801 32.011934740934521 54.247644435614347
leaf_count=172408 52375 2447 1395 5462 466 100 26109 1752 1313 11150 652 79 16154 3270 65 881 3212 3997 271 1737 25 330 1940 13 4382 69 401 1856 895 489
internal_value=0.0163457 0.0178148 0.0119917 0.0270506 0.0103759 -0.0328065 0.0108494 0.00212873 0.00503362 0.0129411 0.00990513 0.0130971 -0.00184338 0.00816836 0.0115027 -0.0135874 0.00556842 0.00104252 0.00317384 0.0235064 0.0265424 -0.00538328 -0.00334567 0.0398963 0.0326495 0.0405968 0.0171234 0.0169567 -0.00178514 -0.00955983
internal_weight=72102.2 53912.2 18189.9 1762.63 16427.3 178.179 16249.1 3143.53 3041.76 13105.6 10703.3 8416.6 2286.7 7009.92 6078.34 931.58 4903.3 3915.41 2133.73 987.892 959.181 823.342 1661 1636.86 1214.61 993.577 52275.4 51947.4 2526.94 1700.94
internal_count=315695 181576 134119 6857 127262 566 126696 30069 28317 96627 85477 66460 19017 66381 61900 4481 61835 56861 18365 4974 3237 3600 18094 6911 6898 2516 174665 174264 27004 4486
is_linear=0
shrinkage=0.03


Tree=35
num_leaves=31
num_cat=0
split_feature=5 5 4 2 1 3 1 3 2 3 10 0 3 4 2 4 3 3 0 5 5 0 8 1 7 5 5 2 5 8
split_gain=476.819 513.353 213.664 538.395 551.132 345.403 575.993 279.497 276.506 1019.96 379.116 372.267 371.56 411.12 319.218 318.037 644.347 261.151 390.72 269.702 274.643 262.203 844.428 1590.05 923.092 759.409 522.147 439.431 533.089 283.821
threshold=185.00000000000003 162.50000000000003 15.500000000000002 8.5000000000000018 1.0000000180025095e-35 13.500000000000002 5.5000000000000009 29.500000000000004 4.5000000000000009 5.5000000000000009 0.87500000000000011 4.5000000000000009 8.5000000000000018 7.5000000000000009 3.5000000000000004 1.5000000000000002 1.5000000000000002 4.5000000000000009 1.5000000000000002 113.00000000000001 99.500000000000014 1.5000000000000002 0.36666666666666675 1.0000000180025095e-35 1.0000000180025095e-35 105.50000000000001 114.50000000000001 1.0000000180025095e-35 99.500000000000014 0.83333333333333337
decision_type=2 2 2 2 2 2 2 2 2 2 2 2 2 2 2 2 2 2 2 2 2 2 2 2 2 2 2 2 2 2
left_child=1 2 3 5 -5 8 -7 -4 9 17 11 14 -12 -14 -11 16 -10 21 -19 20 -20 -1 -23 24 27 -25 -27 -24 29 -29
right_child=-2 -3 7 4 -6 6 -8 -9 15 10 12 -13 13 -15 -16 -17 -18 18 19 -21 -22 22 23 25 -26 26 -28 28 -30 -31
leaf_value=0.015422402465518133 -0.044047172799397995 0.031788924997702882 0.034296942605585634 -0.063805327883959692 0.0029605718479121966 -0.1212107302597154 0.022497516721083712 -0.044024549568190706 -0.070618070119214851 -0.06340903472094403 -0.080758386678807234 0.015996188437994281 0.10372579101338704 -0.0019758754458685484 -0.0014534032945252764 0.027258236123177248 0.052317291169721614 0.013974634521090139 0.041063837058507677 0.013635159196600952 0.094605677718817588 0.019498360218573596 -0.031977912139887127 0.021594963624482977 0.050835102704568334 -0.082946013044423783 -0.0059227183613043115 -0.047077228685802323 -0.16470987367841808 -0.16096244626366907
leaf_weight=56518.289544879925 121.70348063047277 1676.6288910489529 780.33214881084859 147.73693613585783 450.82709733035881 44.461167077592108 57.646682806313038 43.281399475876242 87.820162431220524 302.00019839545712 29.339035328594036 102.52126115560532 52.018988446216099 91.137331849196926 99.50712046213448 2487.722237946 68.147215130389668 1281.08741131844 652.31914472952485 279.73189468448982 99.356101689860225 3294.8637564426754 455.89623345155269 1602.742094530724 92.552682906389236 93.280484667047858 525.21502115274779 188.04605207778513 53.972308445721865 21.998842060565948
leaf_count=236617 5559 1358 5835 1148 1194 395 25 208 713 5319 507 81 67 486 457 1051 44 1176 1071 537 54 18617 14775 9694 265 1601 4838 1153 789 602
internal_value=0.0152834 0.0153841 0.0149912 0.0148104 -0.0135185 0.0150576 -0.0400779 0.0301811 0.0151398 0.0147578 -0.0218883 -0.0350262 0.0165005 0.0364331 -0.0480543 0.0246529 -0.0169036 0.0151383 0.0250393 0.0387825 0.048141 0.014774 0.00898316 -0.00243726 -0.0383488 0.0106982 -0.0175392 -0.0498144 -0.0806139 -0.0590049
internal_weight=71802.2 71680.5 70003.9 69180.2 598.564 68581.7 102.108 823.614 68479.6 65835.9 676.524 504.029 172.495 143.156 401.507 2643.69 155.967 65159.4 2312.49 1031.41 751.675 62846.9 6328.57 3033.7 812.466 2221.24 618.496 719.913 264.017 210.045
internal_count=316236 310677 309319 303276 2342 300934 420 6043 300514 298706 6917 5857 1060 553 5776 1808 757 291789 2838 1662 1125 288951 52334 33717 17584 16133 6439 17319 2544 1755
is_linear=0
shrinkage=0.03


Tree=36
num_leaves=31
num_cat=0
split_feature=5 5 5 5 5 0 5 5 0 5 5 1 4 2 10 1 0 5 2 5 4 2 2 2 6 5 1 5 5 7
split_gain=472.757 499.714 328.093 864.112 489.259 594.09 517.448 997.403 743.296 727.973 1154.74 653.805 269.578 329.525 915.729 267.056 1604.07 917.868 342.567 259.557 345.442 285.671 259.075 342.204 502.386 277.335 1067.61 399.956 271.937 325.858
threshold=185.00000000000003 162.50000000000003 94.500000000000014 30.500000000000004 95.500000000000014 1.5000000000000002 99.500000000000014 100.50000000000001 1.5000000000000002 105.50000000000001 109.00000000000001 1.0000000180025095e-35 8.5000000000000018 4.5000000000000009 0.29166666666666669 1.0000000180025095e-35 1.5000000000000002 23.000000000000004 1.0000000180025095e-35 10.500000000000002 9.5000000000000018 1.0000000180025095e-35 1.0000000180025095e-35 1.5000000000000002 1.5000000000000002 151.50000000000003 1.0000000180025095e-35 114.50000000000001 161.00000000000003 4.5000000000000009
decision_type=2 2 2 2 2 2 2 2 2 2 2 2 2 2 2 2 2 2 2 2 2 2 2 2 2 2 2 2 2 2
left_child=1 2 3 15 5 12 -6 8 -8 -9 -11 -10 13 14 -4 16 19 -17 -18 21 -21 -1 28 24 25 27 -27 -24 29 -12
right_child=-2 -3 4 -5 6 -7 7 9 11 10 22 -13 -14 -15 -16 17 18 -19 -20 20 -22 -23 23 -25 -26 26 -28 -29 -30 -31
leaf_value=0.016478934500074406 -0.043560963849845188 0.032589222133890358 0.00099749314896387044 0.040330505787021236 0.036735953943518113 0.017038753278311718 0.0089836742442762282 0.037990388310661871 -0.075472043901823813 -0.067868877997901311 0.031722902530242278 0.0031966466269469089 -0.094578280913729135 0.023483597375630078 -0.047805262496904838 0.028162533332361094 -0.0082837509067587665 -0.025196188672091765 -0.052132201485162136 0.026175967723457472 -0.10690824052125203 -0.0010025657119849954 -0.025565222924904634 0.013758719296850786 -0.12361094355250107 0.0092531740634899662 -0.18376823586723079 0.029453952309699691 0.012868007331041872 -0.061345689451765412
leaf_weight=44697.103305448778 117.84288199746516 1712.6641717283055 2121.0678861105116 1429.5598897829768 979.08433060720563 2043.4804171819123 471.70615682238713 1259.1336276344955 256.62978357542306 153.93007069081068 1679.9259995454922 151.0379388590809 29.299387806968298 366.11048850044608 413.49364273063838 3774.8729763708543 309.2970506020356 314.30037087446544 332.99285769806011 2905.3637646724237 17.660215998184867 857.43894301634282 201.39196174452081 4325.0166914325382 32.969501931685954 97.077285760664381 35.119330146641005 290.34959879447706 1681.6225298801437 34.554719380568713
leaf_count=119633 5527 1393 41520 5141 56 17188 1679 76 2253 651 25449 618 1097 483 1472 16546 7638 7707 3967 19367 728 1286 431 8379 449 361 973 375 22943 822
internal_value=0.0164787 0.0165756 0.0161908 0.0173135 0.0125002 0.00462324 0.0158631 0.0139479 -0.0166572 0.0166967 0.0135542 -0.0463259 -0.00403585 -0.00312129 -0.00696429 0.0166951 0.0160819 0.0240613 -0.0310168 0.0167059 0.0253719 0.0161499 0.0150501 0.0106945 -0.00948021 -0.00344943 -0.0420249 0.00692094 0.0214397 0.0298471
internal_weight=73092.1 72974.3 71261.6 54638.6 16623 4973.45 11649.5 10670.5 879.374 9791.09 8531.96 407.668 2929.97 2900.67 2534.56 53209 49119.9 4089.17 642.29 48477.6 2923.02 45554.5 8378.03 4981.92 656.908 623.938 132.197 491.742 3396.1 1714.48
internal_count=316208 310681 309288 182013 127275 61760 65515 65459 4550 60909 60833 2871 44572 43475 42992 176872 152619 24253 11605 141014 20095 120919 60182 10968 2589 2140 1334 806 49214 26271
is_linear=0
shrinkage=0.03


Tree=37
num_leaves=31
num_cat=0
split_feature=4 2 3 0 3 4 2 3 10 0 0 8 4 3 8 0 8 8 2 8 4 4 8 8 2 6 8 0 2 2
split_gain=179.207 657.463 279.225 261.711 454.536 526.921 239.643 1438.3 357.166 397.167 361.401 301.368 287.801 577.827 196.287 192.256 158.156 439.691 262.534 261.182 152.493 271.104 149.742 302.257 149.66 125.024 442.388 224.648 183.323 135.861
threshold=15.500000000000002 8.5000000000000018 29.500000000000004 6.5000000000000009 7.5000000000000009 6.5000000000000009 4.5000000000000009 5.5000000000000009 0.87500000000000011 4.5000000000000009 1.5000000000000002 0.83333333333333337 1.5000000000000002 1.5000000000000002 0.0053262411347517738 1.5000000000000002 0.04819976771196284 0.013259684697884312 1.0000000180025095e-35 0.36666666666666675 3.5000000000000004 2.5000000000000004 0.83333333333333337 0.01251959247648903 3.5000000000000004 1.5000000000000002 0.83333333333333337 2.5000000000000004 2.5000000000000004 2.5000000000000004
decision_type=2 2 2 2 2 2 2 2 2 2 2 2 2 2 2 2 2 2 2 2 2 2 2 2 2 2 2 2 2 2
left_child=1 6 15 4 5 20 7 16 9 24 -10 14 13 -8 -12 -2 17 -1 -18 -20 21 -3 23 -17 -9 -21 27 29 -28 -27
right_child=2 3 -4 -5 -6 -7 12 8 10 -11 11 -13 -14 -15 -16 22 18 -19 19 25 -22 -23 -24 -25 -26 26 28 -29 -30 -31
leaf_value=0.014958518398029605 -0.030848106646530638 -0.050088133491798019 -0.043614137319869066 0.027907801329147521 -0.092119811555597397 0.064135811230929707 -0.064442131586003273 -0.060850967267252996 -0.083499935896194644 0.013632151123384948 0.023355133732913057 0.079877576759114402 0.026850109362624192 0.051489332689731195 -0.067991719512604742 0.03336786758684291 0.02143786098432246 -0.066107476988489164 0.023160289150166422 0.013586962500667803 -0.074062447615578605 0.012639333053084437 0.051758517491076517 -0.046672076509077058 -0.016239111106146543 -0.05873318100659855 -0.028430063341621369 0.031108177518034422 -0.11505942568929517 0.010919994302575023
leaf_weight=44562.889381356072 40.430016254715156 126.81431690242607 45.119374392554164 95.145778447389603 79.142807748867199 65.707460944307968 90.438583656563424 343.61554805201013 31.962464026233647 102.69651526212692 67.471367001533508 60.300588532816619 2602.6802217894001 67.627296053338796 30.85208554205019 427.58245352748781 10425.618314061547 60.297612402588129 2792.6365569226909 9584.5048096312676 56.403365149977617 121.34724091226235 328.80479201412527 47.144294061115943 84.277070366544649 46.814135456690565 139.32753925025463 271.02547096414492 26.104274502024055 54.596093799686059
leaf_count=109616 3537 1254 218 26 426 31 729 5550 269 89 29 302 1271 39 571 309 168715 1570 4759 10800 378 198 1088 1676 488 369 744 396 273 102
internal_value=0.0157118 0.0155465 0.0290981 -0.0172921 -0.0268614 -0.012913 0.0157968 0.0154484 -0.0266953 -0.0393486 0.00853113 0.0270752 0.0244631 -0.0148417 -0.00530782 0.0329855 0.0158956 0.014849 0.0178966 0.015038 -0.0295356 -0.0194154 0.0361973 0.0254192 -0.0520643 0.0127971 -0.00127704 0.0168559 -0.0420997 -0.0212341
internal_weight=72879.4 71990.3 889.081 544.561 449.415 370.272 71445.7 68685 721.176 530.589 190.587 158.624 2760.75 158.066 98.3235 843.962 67963.8 44623.2 23340.6 12915 304.565 248.162 803.532 474.727 427.893 10122.4 537.868 372.436 165.432 101.41
internal_count=315822 308994 6828 2313 2287 1861 306681 304642 7298 6127 1171 902 2039 768 600 6610 297344 111186 186158 17443 1830 1452 3073 1985 6038 12684 1884 867 1017 471
is_linear=0
shrinkage=0.03


Tree=38
num_leaves=31
num_cat=0
split_feature=5 5 2 5 5 4 1 2 5 3 5 5 5 5 5 0 5 0 0 5 1 5 3 2 5 5 4 2 10 4
split_gain=421.523 478.797 324.296 242.272 380.08 266.153 228.547 817.752 220.159 391.723 376.111 431.516 857.882 734.738 1422.32 1222.96 484.078 287.115 285.338 1023.06 696.569 1848.57 520.136 842.163 506.047 419.94 388.705 293.422 281.03 867.868
threshold=185.00000000000003 162.50000000000003 12.500000000000002 169.50000000000003 170.50000000000003 2.5000000000000004 1.0000000180025095e-35 1.0000000180025095e-35 161.00000000000003 20.500000000000004 114.50000000000001 105.50000000000001 109.00000000000001 100.50000000000001 99.500000000000014 1.5000000000000002 95.500000000000014 2.5000000000000004 1.5000000000000002 94.500000000000014 1.0000000180025095e-35 91.500000000000014 1.0000000180025095e-35 4.5000000000000009 30.500000000000004 93.500000000000014 11.500000000000002 1.0000000180025095e-35 0.29166666666666669 2.5000000000000004
decision_type=2 2 2 2 2 2 2 2 2 2 2 2 2 2 2 2 2 2 2 2 2 2 2 2 2 2 2 2 2 2
left_child=1 2 8 -3 5 6 -5 -8 10 17 11 13 -13 14 16 -16 18 -10 19 24 21 27 -21 28 -1 -23 -27 -20 -24 -30
right_child=-2 3 -4 4 -6 -7 7 -9 9 -11 -12 12 -14 -15 15 -17 -18 -19 20 22 -22 25 23 -25 -26 26 -28 -29 29 -31
leaf_value=0.014545579267848337 -0.042617973742456877 0.038937724574704811 -0.066759680561220239 -0.0016278091188103767 0.034808886046257113 0.005748669727200853 -0.033441739686117397 -0.35087176896910072 0.005320359208921906 0.054706415538962973 0.025901624004781416 -0.066284410607760108 0.0067968876344289674 0.037915644304725674 0.0030591887413385457 -0.075941064945066208 0.035675895082662432 -0.068431440027348037 -0.013140076260128405 0.0062594655883581769 0.030377042504328954 0.1139401528256499 -0.017401292398951562 0.020336891472951698 0.03606043313575194 0.02177973396122726 0.10580559429480366 -0.051713451063429762 -0.18515360210597692 -0.039910329933936964
leaf_weight=50435.692893846834 115.08127226307988 1098.5311314836144 44.192238047719002 24.969864457845688 272.46156133525074 111.25815359922126 27.089386571198702 10.000587839633225 2768.0214045795728 144.46247016917914 2678.0586720550782 153.49689045548439 2483.8191124303266 1227.2021122435108 471.30929912929423 281.81037100497633 1000.4727418404073 48.33607258804841 377.66636025672778 1828.9423664975911 3101.2577534219599 49.590728759765625 328.5549435778521 320.4168292474933 1003.488444046583 1280.8347716042772 51.543102947354782 334.84510954731377 41.252141803503036 361.39735073701013
leaf_count=158788 5486 55 214 191 275 303 448 128 26788 756 13106 651 18525 79 1659 2833 62 711 8797 41265 15407 1 660 982 2105 9340 282 4491 341 1489
internal_value=0.014752 0.0148432 0.0144828 0.0313684 0.0127152 -0.0220168 -0.0717934 -0.119031 0.0145336 0.00652596 0.0148832 0.0144302 0.00254341 0.0149318 0.0144714 -0.026502 0.0149813 0.00405459 0.0146335 0.013991 0.0213499 0.00798365 -0.00340706 -0.0202188 0.0149653 0.0282207 0.0250303 -0.0312677 -0.0379904 -0.0547908
internal_weight=72476.1 72361 70816.7 1544.31 445.78 173.318 62.0598 37.09 70772.5 2960.82 67811.7 65133.6 2637.32 62496.3 61269.1 753.12 60516 2816.36 59515.5 54319.7 5195.74 2094.48 2880.56 1051.62 51439.2 1381.97 1332.38 712.511 731.204 402.649
internal_count=316218 310732 309332 1400 1345 1070 767 576 309118 28255 280863 267757 19176 248581 248502 4492 244010 27499 243948 205630 38318 22911 44737 3472 160893 9623 9622 13288 2490 1830
is_linear=0
shrinkage=0.03


Tree=39
num_leaves=31
num_cat=0
split_feature=5 5 5 6 5 5 5 5 5 2 0 1 5 5 5 0 3 2 1 3 0 9 1 9 2 0 2 1 2 5
split_gain=401.847 494.751 328.202 970.309 697.752 598.222 759.725 722.214 959.018 458.361 449.021 594.355 417.763 427.386 917.98 585.715 745.029 667.008 350.58 346.2 326.721 354.383 410 308.324 340.619 295.459 281.13 277.676 292.418 270.263
threshold=185.00000000000003 162.50000000000003 129.50000000000003 1.5000000000000002 114.50000000000001 105.50000000000001 109.00000000000001 100.50000000000001 99.500000000000014 4.5000000000000009 1.5000000000000002 1.0000000180025095e-35 95.500000000000014 94.500000000000014 29.500000000000004 1.5000000000000002 1.0000000180025095e-35 4.5000000000000009 1.0000000180025095e-35 5.5000000000000009 3.5000000000000004 3.5000000000000004 2.5000000000000004 1.0000000180025095e-35 2.5000000000000004 2.5000000000000004 1.0000000180025095e-35 1.0000000180025095e-35 2.5000000000000004 169.50000000000003
decision_type=2 2 2 2 2 2 2 2 2 2 2 2 2 2 2 2 2 2 2 2 2 2 2 2 2 2 2 2 2 2
left_child=1 2 4 9 5 7 -7 8 12 19 -10 -12 13 14 25 16 18 27 -15 -4 23 -22 -23 24 -8 -1 -6 -18 -29 -3
right_child=-2 29 3 -5 26 6 20 -9 10 -11 11 -13 -14 15 -16 -17 17 -19 -20 -21 21 22 -24 -25 -26 -27 -28 28 -30 -31
leaf_value=0.014304848663482098 -0.042313172703859626 0.038051825288135901 0.0054226462217102939 -0.075507810204972242 0.061981191287344868 -0.064169591228018324 -0.014878259053777935 0.038138114829759276 0.0031598391077437438 0.034589687757354576 -0.067724565129656411 0.0072850619667820353 0.034323726824474265 -0.0039599593003012594 0.037480718561205634 0.018202000997862011 -0.028150341386490706 0.017270081261034978 0.021780125437432168 -0.081098642262346796 0.02105926633033546 0.035231053600691169 -0.075453294245347483 -0.054174543923757625 0.017535086814038599 0.03570496363057566 0.028044148706182822 -0.10872089374928233 -0.030997467308400903 0.0087649233239306332
leaf_weight=52433.101947362127 111.93166193144862 1208.8050787001848 3200.909405284794 127.95623070100555 252.99359830841422 155.00116704404354 717.65847222600132 1167.6319825416431 469.94627851387486 521.91302703879774 256.08109869761392 151.21056068036705 967.8508804384619 1001.5010495185852 1618.0290467386367 2076.0205778506934 553.82865860580932 261.94129731459543 907.96796383149922 42.170443511509802 1083.3184204716235 49.562500106869265 76.780757772503421 109.93414294114336 491.70087515423074 587.14273454807699 1668.6463024662808 91.069607204059139 83.519212873186916 370.504721312318
leaf_count=173007 5552 63 35368 2268 6 656 11734 76 1653 1699 2235 593 64 22118 6928 17121 1649 970 18913 1284 3416 43 1129 1988 407 1402 770 624 229 1349
internal_value=0.0144859 0.0145734 0.0142046 0.00573564 0.014695 0.0141707 0.000301489 0.0147651 0.0143211 0.00849676 -0.0168215 -0.0398766 0.014772 0.0144546 0.0152211 0.0060373 -0.00267154 -0.0237861 0.00827966 0.00429759 0.00425296 0.015514 -0.0320335 -0.00607228 -0.00169965 0.0145418 0.0325121 -0.03855 -0.0715398 0.0311811
internal_weight=72816.6 72704.7 71125.4 3892.95 67232.4 65310.8 2683.96 62626.8 61459.2 3764.99 877.238 407.292 60582 59614.1 54638.3 4975.85 2899.83 990.359 1909.47 3243.08 2528.96 1209.66 126.343 1319.29 1209.36 53020.2 1921.64 728.417 174.589 1579.31
internal_count=315314 309762 308350 40619 267731 266955 19373 247582 247506 38351 4481 2828 243025 242961 181337 61624 44503 3472 41031 36652 18717 4588 1172 14129 12141 174409 776 2502 853 1412
is_linear=0
shrinkage=0.03


Tree=40
num_leaves=31
num_cat=0
split_feature=5 5 5 5 4 1 2 3 3 2 1 0 2 3 4 5 5 5 7 2 2 0 3 4 9 1 2 0 11 0
split_gain=408.449 389.541 216.734 315.982 163.606 299.867 501.642 154.046 227.723 635.488 706.701 503.493 386.965 1315.24 354.658 282.193 847.97 387.208 358.077 244.149 211.025 185.729 176.818 305.539 161.977 424.395 226.069 191.438 178.651 279.182
threshold=185.00000000000003 162.50000000000003 169.50000000000003 170.50000000000003 2.5000000000000004 1.0000000180025095e-35 1.0000000180025095e-35 29.500000000000004 20.500000000000004 7.5000000000000009 2.5000000000000004 1.5000000000000002 4.5000000000000009 5.5000000000000009 2.5000000000000004 37.500000000000007 29.500000000000004 114.50000000000001 1.0000000180025095e-35 5.5000000000000009 3.5000000000000004 1.5000000000000002 7.5000000000000009 7.5000000000000009 1.5000000000000002 4.5000000000000009 1.0000000180025095e-35 3.5000000000000004 1.0000000180025095e-35 2.5000000000000004
decision_type=2 2 2 2 2 2 2 2 2 2 2 2 2 2 2 2 2 2 2 2 2 2 2 2 2 2 2 2 2 2
left_child=1 7 -3 4 5 -4 -7 8 9 12 11 14 13 24 -11 16 20 -17 -19 -10 -15 -21 -16 -24 27 26 -26 28 -1 -30
right_child=-2 2 3 -5 -6 6 -8 -9 19 10 -12 -13 -14 15 22 17 -18 18 -20 21 -22 -23 23 -25 25 -27 -28 -29 29 -31
leaf_value=0.014308833920701787 -0.042159331430112836 0.03807629623399858 0.010890424289632801 0.034430210577186336 0.0069347014211358637 -0.033322718578032116 -0.25819010345112087 -0.042610453840519577 -0.046221279467070685 -0.066519967901979463 0.023210185887502562 -0.061374641258110069 0.026455213256869104 -0.04972650053594032 0.022833849717860379 -0.080960088594670188 0.099587084112375365 -0.074559662503788676 0.014868876845626013 -0.035558348916743782 0.017026788198275643 0.039524714093223133 0.030256945034716386 -0.10487278328544535 -0.0482549854803394 0.017939352640096943 -0.19212946539054265 0.040368044939378858 -0.12602621360614338 0.031068215087531222
leaf_weight=66585.117148042424 115.0980332219624 959.01389648020267 37.856567900627851 254.86173138022423 108.76405929494649 27.469015905633569 13.22841329872608 43.093948455061764 34.424832509132102 69.147424288967159 354.622935170657 262.43300979107153 2278.3480590493418 168.35041653976077 207.45771807350684 164.88041689514648 53.942960237385705 62.563364738598466 113.22069118235959 31.190119690494612 57.070402507670224 600.83043874311261 30.929805246880278 29.349248012877069 56.931281789438799 139.57873245305382 11.880300854565574 253.93407979141921 20.641135580954142 20.091939978301525
leaf_count=286886 5512 53 185 255 309 462 129 218 1523 675 201 2111 1183 2106 252 3381 151 1282 119 2176 137 1401 15 464 2561 921 99 859 206 9
internal_value=0.0143102 0.0143992 0.0300646 0.0126887 -0.0168925 -0.0498831 -0.106414 0.0140928 0.0141269 0.013963 -0.0103577 -0.0302201 0.0142945 0.0138853 -0.00595077 -0.0296078 -0.00725838 -0.0479356 -0.0169597 0.0315816 -0.0328264 0.0358194 0.00969222 -0.0355363 0.0142872 -0.0121206 -0.0730949 0.0143695 0.0142704 -0.048538
internal_weight=73166.3 73051.2 1401.19 442.18 187.318 78.554 40.6974 71650 71606.9 70940.5 953.94 599.317 69986.6 67708.2 336.884 620.028 279.364 340.664 175.784 666.445 225.421 632.021 267.737 60.2791 67088.2 208.39 68.8116 66879.8 66625.9 40.7331
internal_count=315841 310329 1393 1340 1085 776 591 308936 308718 303618 3718 3517 299900 298717 1406 7176 2394 4782 1401 5100 2243 3577 731 479 291541 3581 2660 287960 287101 215
is_linear=0
shrinkage=0.03


Tree=41
num_leaves=31
num_cat=0
split_feature=5 5 2 2 3 3 2 0 6 7 5 5 5 0 5 5 6 5 5 10 3 3 0 5 2 2 5 5 0 5
split_gain=358.923 539.176 304.923 181.823 1125.17 1116.91 249.773 278.616 400.118 224.726 207.985 765.605 258.101 467.281 422.215 234.939 342.373 206.34 559.766 203.55 359.692 395.672 330.522 184.051 196.441 179.404 434.171 692.142 469.016 604.627
threshold=185.00000000000003 162.50000000000003 12.500000000000002 4.5000000000000009 5.5000000000000009 1.5000000000000002 7.5000000000000009 5.5000000000000009 1.5000000000000002 3.5000000000000004 10.500000000000002 27.500000000000004 8.5000000000000018 2.5000000000000004 9.5000000000000018 1.0000000180025095e-35 1.0000000180025095e-35 113.00000000000001 99.500000000000014 0.87500000000000011 9.5000000000000018 8.5000000000000018 4.5000000000000009 29.500000000000004 3.5000000000000004 1.0000000180025095e-35 95.500000000000014 142.50000000000003 1.5000000000000002 89.000000000000014
decision_type=2 2 2 2 2 2 2 2 2 2 2 2 2 2 2 2 2 2 2 2 2 2 2 2 2 2 2 2 2 2
left_child=1 2 3 4 10 -5 9 8 17 -7 12 -12 15 14 -14 16 -1 18 -8 22 21 -21 23 24 -6 -13 28 -28 29 -27
right_child=-2 -3 -4 5 19 6 7 -9 -10 -11 11 25 13 -15 -16 -17 -18 -19 -20 20 -22 -23 -24 -25 -26 26 27 -29 -30 -31
leaf_value=0.012080496185840365 -0.041535231389294019 0.030740358290130776 -0.067208416089309497 -0.054516344524893047 -0.048324695334868231 0.031520338039159643 0.017360835872739174 0.034911648426707742 -0.034154213181726845 -0.0019475230998788513 0.032292913472763494 0.0160500195875353 -0.034611763033419389 0.036495692348384498 0.0031550314463933485 0.043104338365125131 -0.047650960803091363 0.036156389367884428 -0.067848440860761167 -0.073618306780867324 -0.065994337422127319 0.056377406741477926 0.010007000456546724 -0.071476545068922898 0.0188987204427182 0.011654464692562204 0.02029436078359232 -0.010792442395480301 0.015214310574607988 -0.023955273792192734
leaf_weight=43948.254679217935 109.21869333763607 1491.3884540321305 43.154345259070396 177.10040982739883 140.52249316312373 2082.0539124803618 392.16859247133834 347.31339281797409 200.08605653588893 197.71497677266598 2109.797371675726 8750.6315432663541 299.06621310254559 336.43555647879839 2440.0808702642098 219.1198632568121 86.534766368567944 245.14377500739647 84.302178925368935 26.857705263188109 51.305755329260137 97.83199553960003 106.02819381654263 183.58049324934836 54.218264116672799 736.81710297032259 4051.6295476648957 766.54683236824349 1201.7935754240025 1027.6573106329888
leaf_count=103776 5497 1387 211 1743 1952 1262 2551 111 737 265 1483 135798 1346 618 34252 12 397 1177 674 494 1507 176 109 4268 109 937 2391 4060 4119 2450
internal_value=0.0128078 0.0128903 0.0125122 0.0125611 0.0122005 0.0190105 0.0226798 0.0120122 0.00338324 0.0286178 0.0125905 0.0152742 0.0115333 0.00312974 -0.000968432 0.0121173 0.0119631 0.0137915 0.00228472 -0.0267653 0.000865966 0.0283768 -0.0368055 -0.0499252 -0.0296089 0.0131027 0.00978955 0.0153486 0.000759829 -0.0090852
internal_weight=72004.4 71895.1 70403.7 70360.6 66634.7 3725.88 3548.78 1269.01 921.701 2279.77 65974.4 18644.9 47329.5 3075.58 2739.15 44253.9 44034.8 721.615 476.471 660.345 175.995 124.69 484.349 378.321 194.741 16535.1 7784.44 4818.18 2966.27 1764.47
internal_count=315869 310372 308985 308774 300254 8520 6777 5250 5139 1527 291639 151238 140401 36216 35598 104185 104173 4402 3225 8615 2177 670 6438 6329 2061 149755 13957 6451 7506 3387
is_linear=0
shrinkage=0.03


Tree=42
num_leaves=31
num_cat=0
split_feature=5 5 2 4 2 4 2 10 4 4 0 5 5 8 2 8 8 5 5 5 5 0 4 5 2 7 5 5 5 2
split_gain=351.511 325.216 301.596 470.295 451.831 540.035 719.758 356.279 482.968 351.109 349.545 283.17 367.572 273.01 366.372 205.445 487.146 768.417 387.222 379.916 1757.23 565.299 774.675 498.57 409.245 397.744 371.683 479.828 360.716 310.263
threshold=185.00000000000003 162.50000000000003 8.5000000000000018 19.500000000000004 5.5000000000000009 5.5000000000000009 2.5000000000000004 0.41666666666666669 2.5000000000000004 23.500000000000004 6.5000000000000009 169.50000000000003 170.50000000000003 0.0053262411347517738 3.5000000000000004 0.36666666666666675 0.58333333333333337 113.00000000000001 94.500000000000014 95.500000000000014 94.500000000000014 1.5000000000000002 4.5000000000000009 10.500000000000002 3.5000000000000004 1.0000000180025095e-35 27.500000000000004 30.500000000000004 99.500000000000014 1.0000000180025095e-35
decision_type=2 2 2 2 2 2 2 2 2 2 2 2 2 2 2 2 2 2 2 2 2 2 2 2 2 2 2 2 2 2
left_child=1 2 4 10 5 15 -7 8 -6 -5 -4 -3 -13 -8 -15 -1 17 18 -17 20 23 -21 28 -18 -24 -22 -25 29 -23 -28
right_child=-2 11 3 9 7 6 13 -9 -10 -11 -12 12 -14 14 -16 16 19 -19 -20 21 25 22 24 26 -26 -27 27 -29 -30 -31
leaf_value=0.013130331144508105 -0.04118635449691508 0.036041253197395796 -0.034685079695188241 0.038167425748672962 -0.077196806980252122 -0.056317365898827562 0.030343357774366541 0.029797454476010919 0.021698674590203849 -0.043556622030124392 0.025786286353633125 -0.032287546847053088 0.028479464944208058 -0.064853735688716774 0.0035920441874793445 -0.028632788513191364 0.0026428678143496898 -0.075461973890272829 0.0091959310103769919 0.020171147938313844 -0.01468972165863275 0.032217874087056925 0.18263050666786065 0.032165160453798358 0.020206829003083855 0.058681900256473157 0.011836963613544889 0.031583391442704785 -0.01781826989867524 -0.017976852292238391
leaf_weight=49734.847247377445 110.69133429243811 930.03341154009104 432.96731888558134 260.24205894256011 68.093828783836216 234.08436952898046 240.3942310604034 1928.8089513573796 127.96131396247074 57.826641880441457 107.3615919649601 144.8501826506108 234.82194355502725 86.194797417905647 383.69750639051199 325.45707004750147 1919.2790166544728 135.32428095774958 967.49169670668198 5545.6528011597693 2736.8655558464816 153.52809190750122 29.104549423849676 1665.5367474204395 26.833027573651634 68.150946608744562 1566.4245249284431 978.32764422299806 834.44899023592006 392.95908974041231
leaf_count=132077 5554 55 2907 1068 708 5409 119 2610 97 814 40 1074 273 1430 808 6626 29000 4825 6055 31882 46472 10 191 504 28 106 24698 2336 7326 1107
internal_value=0.0122334 0.0123152 0.012042 -0.0056326 0.0122582 0.0118327 -0.0106954 0.025881 -0.0126497 0.0233095 -0.0226696 0.0271285 0.00529601 0.0043399 -0.00896332 0.0121499 0.00933854 -0.00744507 -0.000326197 0.0108446 0.00694894 0.0163588 -0.00389352 0.015488 0.104717 -0.0129071 0.0208437 0.014425 -0.0100428 0.00585773
internal_weight=72428.3 72317.6 71007.9 858.398 70149.5 68024.6 944.371 2124.86 196.055 318.069 540.329 1309.71 379.672 710.287 469.892 67080.2 17345.4 1428.27 1292.95 15917.1 9327.54 6589.57 1043.91 6522.53 55.9376 2805.02 4603.25 2937.71 987.977 1959.38
internal_count=316209 310655 309253 4829 304424 301009 7766 3415 805 1882 2947 1402 1347 2357 2238 293243 161166 17506 12681 143660 104223 39437 7555 57645 219 46578 28645 28141 7336 25805
is_linear=0
shrinkage=0.03


Tree=43
num_leaves=31
num_cat=0
split_feature=5 5 5 5 8 5 5 1 1 5 8 5 6 5 5 8 2 8 3 3 3 2 2 8 2 5 8 5 8 7
split_gain=358.328 989.413 844.641 596.721 734.204 626.893 537.855 529.256 460.197 430.594 384.671 342.312 508.895 597.498 344.371 332.995 320.606 293.887 258.024 356.822 250.002 248.52 246.513 244.292 231.838 221.426 987.939 627.207 450.743 363.783
threshold=114.50000000000001 105.50000000000001 100.50000000000001 99.500000000000014 0.83333333333333337 95.500000000000014 109.00000000000001 1.0000000180025095e-35 1.0000000180025095e-35 185.00000000000003 0.21111111111111114 129.50000000000003 1.5000000000000002 166.50000000000003 162.50000000000003 0.83333333333333337 5.5000000000000009 0.83333333333333337 12.500000000000002 11.500000000000002 20.500000000000004 1.0000000180025095e-35 3.5000000000000004 0.36666666666666675 4.5000000000000009 94.500000000000014 0.36666666666666675 30.500000000000004 0.23611111111111113 1.0000000180025095e-35
decision_type=2 2 2 2 2 2 2 2 2 2 2 2 2 2 2 2 2 2 2 2 2 2 2 2 2 2 2 2 2 2
left_child=1 2 3 5 8 7 -3 18 22 11 -9 21 14 -14 15 -13 -8 -12 19 25 -17 -2 -5 -10 -24 27 28 -1 -27 -28
right_child=9 6 -4 4 -6 -7 16 10 23 -11 17 12 13 -15 -16 20 -18 -19 -20 -21 -22 -23 24 -25 -26 26 29 -29 -30 -31
leaf_value=0.010744210741302954 0.058700171291729032 -0.062246876364739981 0.037944390513144827 -0.096190249830400865 0.010463885653695189 0.035305627395027711 -0.011223380184623736 -0.020167917876025281 -0.085035253237604344 -0.041023362473589099 0.028685980737672628 -0.031311460644449736 -0.072064035794553269 0.043778958365080077 0.029695388772026998 0.012984309618440397 0.013241233244658954 0.015542284443851482 -0.067182243526900609 0.084779193689057938 0.053964190879137876 0.026426329763598589 0.021450088304348913 0.023686669428635558 -0.064976106438493941 -0.037760845142515563 -0.010569245395570274 0.035147779598547861 0.035467981953344614 0.061047219370537663
leaf_weight=49045.990969628969 252.81778974458575 150.48379293084145 1131.4694894915447 128.94144814088941 533.17862324696034 1034.3037910638377 1561.8852350853849 209.06781088386197 22.819858570350334 107.66689315141411 2688.4879143433063 148.38020662090275 120.9126292373403 59.935061765834689 1499.7704355153255 3578.652617484564 697.34698458504863 3556.283910843893 38.195267546805553 58.64367174427025 139.19267739215866 1425.5490486705676 40.940324679017067 100.59007477550767 87.93040076433681 83.163512815488502 2060.9630396920256 966.54449705197476 837.29013186017983 65.875456883339211
leaf_count=151021 6 644 79 1757 1203 69 17904 2776 529 5518 10480 10053 2243 32 1353 27650 799 40893 2119 130 558 766 22 403 601 1462 28982 2886 2451 73
internal_value=0.0122424 0.0115342 0.0122593 0.0117872 -0.0122669 0.0121499 -0.00732993 0.0117481 -0.0440582 0.0185294 0.0198608 0.0194169 0.0158249 -0.0336723 0.0174931 0.0127597 -0.003672 0.0212009 0.0107632 0.0108192 0.0145186 0.0312878 -0.0668631 0.00358279 -0.0375198 0.0107375 0.00288629 0.0112158 0.0288517 -0.00835104
internal_weight=72433.3 65100.4 62690.7 61559.2 914.401 60644.8 2409.72 59610.5 381.222 7332.88 6453.84 7225.21 5546.84 180.848 5366 3866.23 2259.23 6244.77 53156.7 53118.5 3717.85 1678.37 257.812 123.41 128.871 53059.8 3047.29 50012.5 920.454 2126.84
internal_count=315462 267283 247936 247857 4515 243342 19347 243273 3312 48179 54149 42661 41889 2275 39614 38261 18703 51373 189124 187005 28208 772 2380 932 623 186875 32968 153907 3913 29055
is_linear=0
shrinkage=0.03


Tree=44
num_leaves=31
num_cat=0
split_feature=5 5 5 5 8 5 5 5 3 8 5 7 5 5 5 2 3 2 8 2 4 10 5 5 1 2 8 8 4 3
split_gain=467.283 1128 788.21 845.258 1234.83 542.502 692.362 785.456 554.121 1027.13 477.339 425.995 410.69 349.605 479.438 335.434 826.705 334.551 310.24 275.537 831.122 499.347 269.011 637.012 673.362 417.11 247.507 1196.18 409.576 595.302
threshold=114.50000000000001 105.50000000000001 100.50000000000001 99.500000000000014 0.83333333333333337 95.500000000000014 94.500000000000014 10.500000000000002 4.5000000000000009 0.58333333333333337 109.00000000000001 1.0000000180025095e-35 185.00000000000003 129.50000000000003 162.50000000000003 3.5000000000000004 1.5000000000000002 4.5000000000000009 0.83333333333333337 4.5000000000000009 2.5000000000000004 0.41666666666666669 23.000000000000004 29.500000000000004 1.0000000180025095e-35 1.0000000180025095e-35 0.093073593073593086 0.83333333333333337 1.5000000000000002 1.0000000180025095e-35
decision_type=2 2 2 2 2 2 2 2 2 2 2 2 2 2 2 2 2 2 2 2 2 2 2 2 2 2 2 2 2 2
left_child=1 2 3 5 -5 6 7 19 11 -10 -3 15 13 -2 18 16 -8 -11 -15 20 -1 -21 -9 24 25 -24 -12 -28 29 -29
right_child=12 10 -4 4 -6 -7 8 22 9 17 26 -13 -14 14 -16 -17 -18 -19 -20 21 -22 -23 23 -25 -26 -27 27 28 -30 -31
leaf_value=0.011593868553927442 0.031294440583411208 -0.060533340735747135 0.038597370578136017 -0.068729147880525296 0.0087399477767282022 0.035077052640465928 -0.0022843616182925534 0.032075202237884126 0.049056487904707853 -0.036702998203519445 0.002436570076450862 0.045934685308344166 -0.040399767776869648 -0.031230656303560866 0.030733298112858003 0.022621367241798876 -0.043107930310578774 0.013486636738123494 0.01250977885765344 -0.035597972630071792 -0.021084149716664433 0.036456330017215093 0.022574171988038082 0.032781600093965489 -0.034320431171708375 -0.0085006404770064433 -0.097894284789499422 -0.024578859185113308 0.017721497667373316 -0.42056918970595603
leaf_weight=47643.123783300631 1852.7952556307428 154.05165223777294 988.83712333440781 287.92551224073395 518.93050260143355 903.48028503451496 3253.1442713150755 1959.7644220646471 549.67151923285564 233.97100795269944 1278.9898630401585 151.64677433436736 102.68124070335762 151.62538464451791 1498.9843838969246 354.87971316557378 517.46276407875121 244.37463241815567 3892.1672530453652 97.673617772758007 710.93241907353513 760.87101125437766 1492.5853429902345 1639.1741929426207 291.18206738401204 525.66981147186016 141.90339236543514 285.00859995558858 393.98357254406437 3.458186335861682
leaf_count=139124 782 661 73 3285 1226 64 53388 157 2118 1767 7075 615 5483 11223 1391 663 2055 1061 29414 439 2366 704 20977 6970 7693 3716 2668 8436 412 58
internal_value=0.012092 0.0112786 0.0120237 0.0116008 -0.0189048 0.0120021 0.0116571 0.0126534 0.00130607 0.0210826 -0.00955883 -0.00344726 0.0191855 0.0200127 0.0162416 -0.00526247 -0.00788682 -0.0110624 0.0108697 0.0114125 0.0111134 0.028259 0.0229888 0.0184791 0.00832751 0.0144805 -0.00582539 -0.0186439 -0.00216516 -0.0293261
internal_weight=72880.9 65382.7 63125.3 62136.5 806.856 61329.6 60426.1 55121 5305.15 1028.02 2257.4 4277.13 7498.25 7395.57 5542.78 4125.49 3770.61 478.346 4043.79 49212.6 48354.1 858.545 5908.38 3948.61 2309.44 2018.26 2103.34 824.354 682.45 288.467
internal_count=316064 267771 248461 248388 4511 243877 243813 182146 61667 4946 19310 56721 48293 42810 42028 56106 55443 2828 40637 142633 141490 1143 39513 39356 32386 24693 18649 11574 8906 8494
is_linear=0
shrinkage=0.03


Tree=45
num_leaves=31
num_cat=0
split_feature=2 3 3 10 1 2 0 4 11 4 3 9 10 8 1 4 0 8 10 7 8 8 8 1 9 3 2 7 0 1
split_gain=142.713 1256.6 860.481 760.323 306.267 288.483 267.989 445.898 373.682 252.981 210.026 181.275 178.482 234.518 213.122 167.997 138.375 130.203 120.501 111.937 111.763 246.165 202.543 307.321 341.902 123.865 103.492 259.805 140.181 108.962
threshold=4.5000000000000009 5.5000000000000009 1.5000000000000002 0.87500000000000011 1.0000000180025095e-35 7.5000000000000009 2.5000000000000004 4.5000000000000009 1.0000000180025095e-35 15.500000000000002 29.500000000000004 1.0000000180025095e-35 1.0000000180025095e-35 0.0054102839301395271 1.5000000000000002 13.500000000000002 1.5000000000000002 0.83333333333333337 0.87500000000000011 1.5000000000000002 0.83333333333333337 0.36666666666666675 0.30952380952380959 4.5000000000000009 1.0000000180025095e-35 4.5000000000000009 1.5000000000000002 4.5000000000000009 6.5000000000000009 1.5000000000000002
decision_type=2 2 2 2 2 2 2 2 2 2 2 2 2 2 2 2 2 2 2 2 2 2 2 2 2 2 2 2 2 2
left_child=1 6 -2 -3 -5 11 8 12 18 15 16 17 13 -8 -14 20 -11 -4 -1 -6 21 22 23 24 25 -7 27 29 -28 -15
right_child=2 3 5 4 19 9 7 -9 -10 10 -12 -13 14 26 -16 -17 -18 -19 -20 -21 -22 -23 -24 -25 -26 -27 28 -29 -30 -31
leaf_value=0.011256647905191654 -0.046664374087761452 -0.054069177865021877 0.042413484254876864 -0.060495217978276193 0.038863168451706474 0.011967662231044628 -0.066206577277970996 0.070108431476103253 -0.10839677473898145 -0.031017809715458668 -0.041309672235555879 0.0074464998234628453 -0.049617873863566635 0.040287795368537035 0.012047318797392261 -0.057140628768017114 0.033924202265755189 0.025337415120219489 -0.034606458092971672 -0.015567897116750747 0.016346980080110068 -0.06411314007851121 0.043986374968468737 0.025455168307276194 -0.1007875198210075 -0.056150583370956283 -0.028936908851525604 -0.060174639153274395 0.032958898151278858 0.019947603876955801
leaf_weight=65994.295873927302 180.60781677695923 425.20338082630769 612.73901697969995 43.229715697700158 161.36539722600719 81.726911868259776 25.763564879540354 166.63094652723521 23.513052981579676 31.43495626875665 40.059117658063769 344.72991594206542 68.608613911550492 537.77712753636297 190.49832575186156 46.187595904397313 487.0349064784823 1167.7707985446032 51.599440631689504 43.081603119149804 288.19516943767667 60.092266102437861 78.910804130602628 124.84427312761545 51.797572253621183 34.028294731862843 69.492277201497927 28.765688463812694 62.593582153320312 423.85211523866747
leaf_count=288209 1697 6691 483 1114 1168 216 1499 131 209 2344 212 360 579 2597 237 184 1688 847 204 82 209 602 94 40 272 204 216 687 3 3140
internal_value=0.0113719 0.0110639 0.0171682 -0.0297306 0.0120532 0.0205102 0.0114697 0.0237037 0.0111782 0.00951995 0.0248732 0.0273587 0.0182093 0.0232844 -0.00428093 -0.00167804 0.0299868 0.0312139 0.0112208 0.0273933 0.00188185 -0.00778152 0.00133516 -0.0101754 -0.0367238 -0.0080569 0.0253384 0.0286651 0.000394621 0.0313226
internal_weight=71946.4 68316.3 3630.16 672.88 247.677 3449.55 67643.4 1573.98 66069.4 1324.31 558.529 2125.24 1407.35 1148.24 259.107 765.783 518.47 1780.51 66045.9 204.447 719.595 431.4 371.308 292.397 167.553 115.755 1122.48 990.395 132.086 961.629
internal_count=316218 306766 9452 9055 2364 7755 297711 9089 288622 6065 4244 1690 8958 8142 816 1821 4032 1330 288413 1250 1637 1428 826 732 692 420 6643 6424 219 5737
is_linear=0
shrinkage=0.03


Tree=46
num_leaves=31
num_cat=0
split_feature=5 5 5 5 4 1 5 6 5 5 8 8 5 8 5 0 8 5 1 4 9 8 5 5 1 5 0 5 8 5
split_gain=286.246 387.534 230.432 368.477 180.643 174.37 150.904 633.272 453.109 583.565 897.064 942.417 789.898 685.969 627.196 543.986 634.785 501.034 364.493 349.407 327.707 440.017 252.084 373.857 491.166 472.571 247.118 232.158 1360.39 768.067
threshold=185.00000000000003 162.50000000000003 169.50000000000003 170.50000000000003 2.5000000000000004 1.0000000180025095e-35 161.00000000000003 1.5000000000000002 114.50000000000001 105.50000000000001 0.093073593073593086 0.83333333333333337 100.50000000000001 0.0043336995614652891 99.500000000000014 1.5000000000000002 0.83333333333333337 95.500000000000014 1.0000000180025095e-35 2.5000000000000004 1.5000000000000002 0.012760529743812419 129.50000000000003 154.00000000000003 1.0000000180025095e-35 151.50000000000003 4.5000000000000009 94.500000000000014 0.83333333333333337 29.500000000000004
decision_type=2 2 2 2 2 2 2 2 2 2 2 2 2 2 2 2 2 2 2 2 2 2 2 2 2 2 2 2 2 2
left_child=1 6 -3 4 5 -4 8 -8 9 12 13 -12 14 -11 17 16 -16 27 -17 -13 -15 26 -10 24 -24 -26 -22 29 -29 -1
right_child=-2 2 3 -5 -6 -7 7 -9 22 10 11 19 -14 20 15 18 -18 -19 -20 -21 21 -23 23 -25 25 -27 -28 28 -30 -31
leaf_value=0.011136877065403705 -0.039687760600066485 0.03556388053561263 -0.00068526947256776071 0.032721079031537689 0.00026651844938282027 -0.10174381361876979 0.007140603029224122 -0.070941913175939245 0.030082461875457423 -0.075512745043721519 -0.087769664164875486 -0.026591471353201043 0.038587319830196094 0.029859057554718342 -0.083351928194699804 -0.060623730761155362 0.020676397935595173 0.033767362679968327 0.00071801991898860274 0.015786418353465916 -0.073786000964171747 -0.077614626310326923 -0.037081437784289795 0.058811359687235804 0.023797118989838054 -0.075687921745900541 0.013445976888703672 0.021526196674941989 -0.0085449195234357112 0.031904526633573349
leaf_weight=53594.650130039954 98.347739612945588 942.83178732544184 24.15951307490468 221.67291424609721 90.048232714645565 42.218877851963043 2838.5520720547065 96.66490266265464 1792.8804913251661 77.178624605527148 181.00890437024646 497.39869713410735 958.62819085922092 739.58703730534762 60.494329625507817 262.76420663436875 414.61331256735139 896.51622828282416 130.46712128003128 270.23861037753522 30.980902248062193 59.159679731354117 200.90853314549895 128.4124031662941 597.78141773457173 46.301292669086251 516.48283012327738 2504.4270674109284 2947.4093041500309 1652.1617246730602
leaf_count=174911 5498 63 179 269 302 580 26657 1505 794 1725 2866 9056 74 2035 1173 2225 522 66 585 356 674 877 4062 7 6988 1310 1832 14161 47538 6925
internal_value=0.0114587 0.0115278 0.027629 0.00784267 -0.0274126 -0.0649619 0.0112303 0.00456913 0.0115154 0.0110154 -0.00359402 -0.0261926 0.0115618 0.0114673 0.011147 -0.0141715 0.00743072 0.0115039 -0.0402716 -0.0116728 0.0164539 0.000110452 0.0234095 0.0111189 0.0038711 0.0166454 0.00850953 0.0111751 0.00526894 0.0117579
internal_weight=72914.9 72816.6 1320.93 378.1 156.427 66.3784 71495.7 2935.22 68560.5 65794.2 2372.04 948.646 63422.1 1423.39 62463.5 868.339 475.108 61595.2 393.231 767.637 1346.21 606.623 2766.28 973.404 844.991 644.083 547.464 60698.6 5451.84 55246.8
internal_count=315815 310317 1393 1330 1061 759 308924 28162 280762 267601 19421 12278 248180 7143 248106 4505 1695 243601 2810 9412 5418 3383 13161 12367 12360 8298 2506 243535 61699 181836
is_linear=0
shrinkage=0.03


Tree=47
num_leaves=31
num_cat=0
split_feature=5 5 5 6 5 5 5 8 8 4 5 5 5 0 8 8 0 5 8 5 8 5 4 5 5 4 5 3 4 8
split_gain=330.048 495.108 234.186 737.701 530.424 386.996 261.239 830.189 1001.91 544.833 459.91 553.818 551.634 533.956 588.153 350.666 638.116 346.308 1130.1 812.362 626.197 567.543 515.556 377.091 426.258 363.824 341.705 337.265 520.137 327.834
threshold=162.50000000000003 185.00000000000003 129.50000000000003 1.5000000000000002 114.50000000000001 144.00000000000003 105.50000000000001 0.093073593073593086 0.83333333333333337 1.5000000000000002 100.50000000000001 99.500000000000014 95.500000000000014 1.5000000000000002 0.83333333333333337 0.072751322751322761 3.5000000000000004 94.500000000000014 0.83333333333333337 10.500000000000002 0.23611111111111113 8.5000000000000018 1.0000000180025095e-35 91.500000000000014 23.000000000000004 10.500000000000002 1.0000000180025095e-35 4.5000000000000009 1.5000000000000002 0.013259684697884312
decision_type=2 2 2 2 2 2 2 2 2 2 2 2 2 2 2 2 2 2 2 2 2 2 2 2 2 2 2 2 2 2
left_child=2 -2 4 5 6 -4 10 15 -9 -10 11 12 17 14 -13 16 -8 19 20 21 -19 26 -23 24 -21 -26 -1 28 -22 -18
right_child=1 -3 3 -5 -6 -7 7 8 9 -11 -12 13 -14 -15 -16 -17 29 18 -20 23 27 22 -24 -25 25 -27 -28 -29 -30 -31
leaf_value=0.010299411022123674 0.029174900852977206 -0.039599091913799636 -0.016612015108292588 -0.069634046842011396 0.028244818626059296 0.0094288651922703019 -0.052525521321640518 -0.083815075858168636 -0.029774160988461234 0.018337719298947484 0.031736891234827092 -0.079429812333525154 0.033547700758450857 -0.039433602273291547 0.020002251421095702 0.041410648745275488 0.018683628657722388 -0.038728363784009609 -0.0093826442896363226 0.031992630010402756 0.023816859019142395 -0.014224166639770731 0.0081545808785317263 0.050961089340074296 0.014746260133519354 -0.072070317225491495 0.041683670559824186 0.044009942214045333 -0.018637840209259068 -0.04524556532109221
leaf_weight=45268.501629769802 1361.3433154220693 101.21355462635984 612.4948693595361 122.29643403511727 1471.910660866648 3181.5139930035803 143.9289606930688 183.43611840321682 437.76095873070881 410.46454085130244 898.31946410238743 61.231482192641124 917.17362364381552 394.51057420950383 426.23968078033067 336.35627287300304 1086.3256459431723 162.18199180049123 3010.236749066622 1686.999325055629 1424.6878677150235 1642.2308314139955 2125.8490004369523 369.05663003772497 3494.0713160002488 43.99078359361738 314.39474432915449 500.8754727137275 317.62573862634599 77.332725453190506
leaf_count=104224 1414 5517 9487 2246 780 28705 2525 2899 8975 429 72 1167 70 2838 528 50 3774 2889 47457 143 8410 34289 4070 13 37458 1842 16 1970 1035 819
internal_value=0.0103086 0.0244155 0.0100185 0.00288724 0.010434 0.00522489 0.0100352 0.000853876 -0.0202408 -0.00649236 0.0104248 0.0101168 0.0104565 -0.0134865 0.00751254 0.0140919 0.00706461 0.0101056 0.00286768 0.010819 0.0181985 0.0095909 -0.00159868 0.0216537 0.0195836 0.0136668 0.0105159 0.0223143 0.0160773 0.0144351
internal_weight=72584.6 1462.56 71122 3916.31 67205.7 3794.01 65733.8 2675.61 1031.66 848.225 63058.2 62159.9 61277.9 881.982 487.471 1643.94 1307.59 60360.7 5415.61 54945.1 2405.37 49351 3768.08 5594.12 5225.06 3538.06 45582.9 2243.19 1742.31 1163.66
internal_count=316111 6931 309180 40438 268742 38192 267962 19471 12303 9404 248491 248419 243886 4533 1695 7168 7118 243816 61761 182055 14304 142599 38359 39456 39443 39300 104240 11415 9445 4593
is_linear=0
shrinkage=0.03


Tree=48
num_leaves=31
num_cat=0
split_feature=5 5 5 5 4 2 2 2 3 3 5 0 0 4 5 0 5 5 3 5 5 2 2 5 5 5 5 5 2 2
split_gain=269.425 348.457 203.214 376.903 342.015 403.46 164.651 228.659 1100.39 656.605 344.314 287.595 230.034 427.545 250.745 242.506 350.227 519.446 849.596 380.796 290.831 344.139 364.343 232.208 630.388 205.505 672.58 203.457 197.487 196.567
threshold=185.00000000000003 162.50000000000003 169.50000000000003 170.50000000000003 2.5000000000000004 1.0000000180025095e-35 11.500000000000002 4.5000000000000009 1.5000000000000002 5.5000000000000009 119.50000000000001 3.5000000000000004 2.5000000000000004 4.5000000000000009 142.50000000000003 1.5000000000000002 95.500000000000014 94.500000000000014 1.0000000180025095e-35 30.500000000000004 151.50000000000003 1.5000000000000002 1.0000000180025095e-35 8.5000000000000018 9.5000000000000018 89.000000000000014 29.500000000000004 99.500000000000014 3.5000000000000004 3.5000000000000004
decision_type=2 2 2 2 2 2 2 2 2 2 2 2 2 2 2 2 2 2 2 2 2 2 2 2 2 2 2 2 2 2
left_child=1 6 -3 4 5 -4 7 9 -9 12 11 25 15 14 -14 16 17 19 -19 -1 23 22 -22 -17 -25 26 28 -18 -11 -26
right_child=-2 2 3 -5 -6 -7 -8 8 -10 10 -12 -13 13 -15 -16 20 27 18 -20 -21 21 -23 -24 24 29 -27 -28 -29 -30 -31
leaf_value=0.010823990044887042 -0.039172366293885125 0.035187026760432331 -0.033072901290728617 0.03239274530060017 0.0052263761110398176 -0.21026829098695379 -0.021339575106334548 -0.061827772416298526 0.02217288004100916 -0.048392158364621338 -0.075369222697867722 0.02109039786400279 0.019053803628001496 0.06827896698734226 -0.059778644083864491 0.052803870684720998 0.036889603302992444 0.0076684298902857705 -0.030998970838802993 0.03154196970346914 -0.031369747912115102 0.0013547286799173305 -0.14535537710813448 -0.061561957984206113 0.0060618083057982922 -0.049280913824982231 0.081369068890457058 0.016604320270578898 0.016639958806536511 0.03251071798335501
leaf_weight=51467.315859175986 95.5787047665508 852.88648744672537 36.911330277100205 244.29982202220708 100.09758103080094 16.841434374451637 141.79953933507204 146.62517821116489 3281.3714265535818 164.33875902480213 82.912618751055561 185.33012269309256 1369.0173824969679 163.06496225413866 37.30263950151857 96.581525877118111 487.5580005645752 1945.620609043166 693.75948847830296 811.01745945774019 140.15322120394558 302.57503173651639 30.78059956105426 121.79763877368532 4456.6283528751228 170.46234307350824 60.188672437216155 5097.1099486023886 56.467330008512363 268.10794820240699
leaf_count=156666 5575 57 611 264 292 138 391 1701 6671 2662 1587 196 7891 130 863 25 33 40831 1727 1792 5065 1322 759 1008 36718 3855 224 36502 135 322
internal_value=0.0111633 0.0112292 0.0269259 0.00922945 -0.0275517 -0.0885905 0.0109556 0.0110195 0.0185799 0.0106395 -0.0178637 -0.0103762 0.0109435 0.0222947 0.0169628 0.0106732 0.0112177 0.0104898 -0.00249527 0.0111454 0.0045919 -0.0178683 -0.0518955 0.0067434 0.0058255 -0.0232938 -0.00752896 0.0183753 -0.0317613 0.00756267
internal_weight=73124.5 73028.9 1251.04 398.15 153.85 53.7528 71777.9 71636.1 3428 68208.1 719.7 636.787 67488.4 1569.38 1406.32 65919 60502.4 54917.7 2639.38 52278.3 5416.62 473.509 170.934 4943.12 4846.53 451.457 280.995 5584.67 220.806 4724.74
internal_count=316013 310438 1362 1305 1041 749 309076 308685 8372 300313 8659 7072 291654 8884 8754 282770 237551 201016 42558 158458 45219 7146 5824 38073 38048 6876 3021 36535 2797 37040
is_linear=0
shrinkage=0.03


Tree=49
num_leaves=31
num_cat=0
split_feature=5 5 2 3 3 10 7 2 4 3 1 4 7 2 4 2 5 5 2 1 2 2 7 5 5 5 5 5 5 5
split_gain=338.847 459.198 165.514 1033.42 563.583 501.079 314.459 265.664 300.742 234.288 231.016 196.138 244.217 174.777 173.651 157.659 156.846 398.876 153.97 339.247 301.227 115.554 107.446 110.35 95.8214 417.07 404.517 753.683 573.272 351.524
threshold=162.50000000000003 185.00000000000003 4.5000000000000009 1.5000000000000002 5.5000000000000009 0.87500000000000011 2.5000000000000004 7.5000000000000009 6.5000000000000009 8.5000000000000018 1.0000000180025095e-35 7.5000000000000009 1.0000000180025095e-35 9.5000000000000018 7.5000000000000009 12.500000000000002 169.50000000000003 170.50000000000003 2.5000000000000004 1.0000000180025095e-35 1.0000000180025095e-35 7.5000000000000009 3.5000000000000004 115.50000000000001 95.500000000000014 99.500000000000014 100.50000000000001 105.50000000000001 109.00000000000001 27.500000000000004
decision_type=2 2 2 2 2 2 2 2 2 2 2 2 2 2 2 2 2 2 2 2 2 2 2 2 2 2 2 2 2 2
left_child=2 16 4 21 24 6 -6 22 13 -7 14 -11 -13 -9 -10 -12 -2 18 19 -18 -21 -4 -5 -24 29 -26 -27 -28 -29 -1
right_child=1 -3 3 7 5 9 -8 8 10 11 15 12 -14 -15 -16 -17 17 -19 -20 20 -22 -23 23 -25 25 26 27 28 -30 -31
leaf_value=0.010904382983029301 0.036894405501975272 -0.0390693164826671 -0.11360837851244358 0.029470496411127312 -0.050048383363198466 -0.067228356004093284 0.0085937566519017992 -0.0095455658076577347 0.016904878027478691 0.070841141811300704 0.02625704280830974 -0.056829192270102517 0.02830883527497273 -0.09112857187209808 -0.061419535045537654 -0.021651858327130777 0.0044417625623618083 0.03546518612100729 0.014283541513579986 -0.033039765996686572 -0.18628565010825385 -0.047219614782840189 -0.01213134258879733 0.027593074978944067 0.034961147194506374 -0.0096855914849845407 0.038621617083916135 -0.059114433680907755 0.010934209025044312 0.0041581604527221819
leaf_weight=51105.462347446242 887.60780701041222 94.296368175069802 29.322575849946588 1815.8949444307946 338.4565857022244 27.184349719027523 108.73785494896583 279.44454911130015 47.619355447823182 63.607587442267686 812.64594792493153 39.021732866036473 136.02608535805484 25.81687709048856 54.78468504542252 66.910111859440804 57.909360993653536 322.22779073938727 67.053607851732522 24.77932689897716 21.613011702895164 120.81958056864096 120.75021029263735 131.44903763383627 737.28489162866026 743.81352475681342 936.59183391928673 107.06280811131001 5881.1386644868762 8045.8725201364141
leaf_count=141900 56 5516 284 1249 6331 503 123 1069 34 65 1943 1528 119 125 2113 199 204 260 233 444 161 1436 209 41 57 3392 70 432 54513 91656
internal_value=0.0107516 0.0249827 0.0104591 0.0168167 0.0101326 -0.0163991 -0.0357892 0.0202623 0.00956245 0.0162189 0.0176475 0.0257241 0.00932983 -0.0164453 -0.0249976 0.0226125 0.0293556 0.0157987 -0.0211836 -0.0439847 -0.104433 -0.0601853 0.0269222 0.00857346 0.0104127 0.0134098 0.0113378 0.013596 0.00968181 0.00998675
internal_weight=73251.2 1475.49 71775.7 3505.46 68270.3 713.034 447.194 3355.32 1287.22 265.84 981.96 238.655 175.048 305.261 102.404 879.556 1381.19 493.583 171.355 104.302 46.3923 150.142 2068.09 252.199 67557.2 8405.89 7668.61 6924.79 5988.2 59151.3
internal_count=316265 6874 309391 8702 300689 8669 6454 6982 5483 2215 4289 1712 1647 1194 2147 2142 1358 1302 1042 809 605 1720 1499 250 292020 58464 58407 55015 54945 233556
is_linear=0
shrinkage=0.03


Tree=50
num_leaves=31
num_cat=0
split_feature=8 8 1 2 1 11 6 8 4 4 8 8 8 2 0 4 2 0 2 3 8 8 2 0 3 1 2 3 2 1
split_gain=161.138 381.538 913.614 329.748 295.802 419.298 271.558 851.145 437.325 204.978 197.407 736.611 257.728 229.127 374.502 247.411 190.394 202.491 146.55 144.293 154.592 209.214 136.098 133.655 128.718 125.282 554.935 120.759 278.718 147.155
threshold=0.58333333333333337 0.36666666666666675 1.0000000180025095e-35 1.0000000180025095e-35 1.5000000000000002 1.0000000180025095e-35 1.5000000000000002 0.83333333333333337 1.5000000000000002 1.0000000180025095e-35 0.04819976771196284 0.014117725219239969 0.050423728813559332 1.5000000000000002 2.5000000000000004 1.5000000000000002 1.5000000000000002 1.5000000000000002 1.0000000180025095e-35 1.5000000000000002 0.10263157894736843 0.078461538461538485 1.0000000180025095e-35 1.5000000000000002 8.5000000000000018 4.5000000000000009 10.500000000000002 9.5000000000000018 4.5000000000000009 1.0000000180025095e-35
decision_type=2 2 2 2 2 2 2 2 2 2 2 2 2 2 2 2 2 2 2 2 2 2 2 2 2 2 2 2 2 2
left_child=1 10 3 23 5 6 27 8 18 16 11 25 -12 14 15 19 17 -4 -8 20 21 -14 -19 -3 -9 26 -1 -2 -29 -30
right_child=4 2 9 -5 -6 -7 7 24 -10 -11 12 -13 13 -15 -16 -17 -18 22 -20 -21 -22 -23 -24 -25 -26 -27 -28 28 29 -31
leaf_value=0.0096994267777263995 0.013427191020548686 0.011341822032096141 -0.038269846866102936 -0.045446658441136732 0.032028560390668703 -0.13066774064799472 -0.030587577312396301 -0.061848988487733902 -0.033964591227584773 -0.0016499028950819838 0.047156764519988896 -0.067452166992613305 -0.038994761107370338 0.02116906280203765 0.038950700619475274 -0.021857508532373914 0.040949374945481981 0.028403683420485167 0.03976314214964724 0.048341404525741677 0.00077502784664808461 0.034946807772836111 -0.027161282444576995 -0.031188640621744548 -0.0026191158241837004 0.022793725120488852 -0.068058383305014472 -0.06659520647011008 -0.024869502630179587 0.0203328812611305
leaf_weight=46775.373736395501 16684.453842275427 180.49939191294834 66.627764611504972 454.9190805699327 700.28116113573196 18.481890868803021 29.029865273972973 199.07162845460698 112.23827371330117 496.69997653676546 227.62615985132288 111.50849751403439 39.815821476979181 2247.3904168147419 296.03616793802939 309.67730437839055 311.60109181387816 250.19864239101298 325.01396277337335 74.031715913908556 1229.4988423492759 255.0446508678142 47.148809872101992 105.29386338405311 39.588679157197475 653.00204706331715 82.74929541349411 54.484276966075413 92.052697613602504 219.08090695797
leaf_count=109407 141009 2856 2502 5171 1141 196 2316 3674 860 3315 156 2022 1251 5615 683 2265 559 3852 335 74 14894 870 225 4344 273 1121 390 1107 1513 1526
internal_value=0.0104842 0.00965962 -0.00349969 -0.0295814 0.0129039 0.0121504 0.012299 -0.00594739 0.0176363 0.0129803 0.0101409 0.00956321 0.0160208 0.0144287 0.00755596 0.00268508 0.0237367 0.00900091 0.0339947 0.00744003 0.00545362 0.0249623 0.019593 -0.00432754 -0.052024 0.00974397 0.00956211 0.0130534 -0.00400186 0.0069592
internal_weight=72688.5 54214.7 1912.99 740.712 18473.8 17773.5 17755 704.942 466.282 1172.28 52301.8 47622.6 4679.12 4451.49 2204.1 1908.07 675.576 363.975 354.044 1598.39 1524.36 294.86 297.347 285.793 238.66 47511.1 46858.1 17050.1 365.618 311.134
internal_count=315522 161572 22824 12371 153950 152809 152613 7458 3511 10453 138748 112940 25808 25652 20037 19354 7138 6579 2651 17089 17015 2121 4077 7200 3947 110918 109797 145155 4146 3039
is_linear=0
shrinkage=0.03


Tree=51
num_leaves=31
num_cat=0
split_feature=2 1 2 3 3 10 0 0 4 0 6 3 4 1 10 9 0 2 4 2 1 3 0 4 3 1 0 3 1 4
split_gain=175.589 415.817 313.588 683.886 559.073 467.884 299.826 276.208 205.716 446.736 188.965 160.734 157.213 154.426 313.985 166.979 199.084 148.047 137.581 115.848 127.311 206.099 99.9923 221.539 88.4242 84.9386 69.536 58.8276 269.096 180.601
threshold=8.5000000000000018 1.0000000180025095e-35 4.5000000000000009 5.5000000000000009 1.5000000000000002 0.87500000000000011 4.5000000000000009 1.5000000000000002 4.5000000000000009 2.5000000000000004 5.5000000000000009 8.5000000000000018 7.5000000000000009 4.5000000000000009 0.87500000000000011 1.0000000180025095e-35 4.5000000000000009 2.5000000000000004 6.5000000000000009 7.5000000000000009 1.5000000000000002 13.500000000000002 1.5000000000000002 11.500000000000002 7.5000000000000009 2.5000000000000004 1.5000000000000002 12.500000000000002 1.5000000000000002 15.500000000000002
decision_type=2 2 2 2 2 2 2 2 2 2 2 2 2 2 2 2 2 2 2 2 2 2 2 2 2 2 2 2 2 2
left_child=2 -2 3 8 -4 6 -5 -7 -1 -10 19 -9 -13 14 15 18 -17 -14 25 27 21 22 -21 -24 -20 26 -3 -6 29 -29
right_child=1 13 4 5 10 7 -8 11 9 -11 -12 12 17 -15 -16 16 -18 -19 24 20 -22 -23 23 -25 -26 -27 -28 28 -30 -31
leaf_value=0.0098171414050163483 -0.049988424379069092 0.0086523595193784258 -0.056766508620853126 -0.048103554327953719 0.029700435437017728 -0.070085645056573859 0.0090474054573822776 -0.062142673060331201 0.016707367460512598 0.081762073845059721 -0.015251343331989207 0.071121378220857456 -0.054518603403748811 0.029326644619754646 -0.054808699189219254 -0.074608860846157157 0.003798838521100828 0.027263157027310303 0.064745378443190518 0.023200709675517059 0.04180520024191426 -0.062930352239385298 -0.075363264596667576 0.034071330916235786 0.021256415283522918 0.03393223414589476 -0.047743602055260292 -0.22554526451607954 0.02506142151425108 -0.034697708667669365
leaf_weight=68020.198476476129 144.39715859320131 35.632308985339478 81.391858290880919 387.73447628639406 1733.3401438039728 31.689374468987808 104.9860306084156 17.963382742833346 1084.1272148992866 104.12753717158921 109.89676214009523 63.293336031376384 23.378083727351623 186.1494567245245 86.23799457307905 41.203731600282481 99.584189772605896 134.75347430235706 64.620505957398564 158.8565533607034 81.841576695325784 40.903518486302346 33.265122341923416 33.330166473984718 120.62138982440229 34.389869943261147 43.943264113215264 5.8910023444332209 189.95487895049155 18.404906137438957
leaf_count=296180 2382 261 722 6671 600 704 112 403 1453 129 199 50 891 113 1093 219 135 274 11 139 35 1483 234 4 495 3 422 54 96 804
internal_value=0.00993418 -0.00356734 0.0100938 0.00972175 0.020562 -0.0185102 -0.0359262 0.0131457 0.0100333 0.0224082 0.0231783 0.0241636 0.0311653 0.00584203 -0.0024654 0.00779376 -0.0191484 0.0151726 0.020471 0.0250179 0.00907978 -0.000975588 0.0102648 -0.0205925 0.0364273 -0.00546465 -0.0224906 0.0278674 0.0130373 -0.0809723
internal_weight=73316.1 856.78 72459.3 69972.3 2487.08 763.798 492.721 271.078 69208.5 1188.25 2405.68 239.388 221.425 712.383 526.233 439.995 140.788 158.132 299.207 2295.79 348.197 266.355 225.452 66.5953 185.242 113.965 79.5756 1947.59 214.251 24.2959
internal_count=316371 5134 311237 306867 4370 9105 6783 2322 297762 1582 3648 1618 1215 2752 2639 1546 354 1165 1192 3449 1895 1860 377 238 506 686 683 1554 954 858
is_linear=0
shrinkage=0.03


Tree=52
num_leaves=31
num_cat=0
split_feature=5 5 0 5 5 8 5 5 9 1 8 1 8 1 5 7 5 2 5 2 5 4 4 1 2 4 4 0 1 4
split_gain=369.922 821.211 311.815 294.474 457.303 326.863 580.342 1202.41 415.84 599.7 482.411 401.906 392.194 779.014 798.042 678.392 312.452 738.286 596.362 828.873 700.449 463.856 460.41 459.899 950.413 696.782 483.35 371.71 816.747 529.854
threshold=10.500000000000002 27.500000000000004 2.5000000000000004 162.50000000000003 172.50000000000003 0.36666666666666675 99.500000000000014 100.50000000000001 1.0000000180025095e-35 2.5000000000000004 0.014117725219239969 1.0000000180025095e-35 0.83333333333333337 1.0000000180025095e-35 105.50000000000001 1.0000000180025095e-35 95.500000000000014 1.0000000180025095e-35 89.000000000000014 3.5000000000000004 29.500000000000004 4.5000000000000009 5.5000000000000009 1.0000000180025095e-35 2.5000000000000004 1.0000000180025095e-35 1.5000000000000002 1.5000000000000002 1.0000000180025095e-35 9.5000000000000018
decision_type=2 2 2 2 2 2 2 2 2 2 2 2 2 2 2 2 2 2 2 2 2 2 2 2 2 2 2 2 2 2
left_child=2 -2 -1 5 -5 6 11 -8 -9 -10 -11 -3 13 15 -15 -7 17 -14 20 21 -19 23 -23 -20 25 -25 -27 -18 -29 -30
right_child=1 3 -4 4 -6 12 7 8 9 10 -12 -13 16 14 -16 -17 27 18 19 -21 -22 22 -24 24 -26 26 -28 28 29 -31
leaf_value=0.0075754666067277387 0.031921220858146082 0.036289520405903011 0.03238461274178326 0.029422524005386926 -0.033151212501040798 -0.048866904369753585 -0.074308705515670231 0.024190730257011461 -0.045574139697528028 0.013065288675933829 -0.078098482859117385 0.0060937599484151284 0.011875716696566377 0.017492101729610597 -0.065180394750202625 0.043183614230587336 0.017053069874284961 -0.015591270655108902 -0.021314563444371989 0.010227297256945515 0.036586673583553733 -0.2247052804468371 -0.061947445837712806 -0.3165752403627331 -0.010132028010154826 -0.033276215066154261 -0.20281777645109361 -0.063426303057145889 -0.0033798370743792355 0.041868636412452254
leaf_weight=49258.777776766336 1788.4585658028664 1552.0339567297488 460.20794318336993 1259.1195887248032 114.68903293149197 475.62574740775744 151.79663855140097 1376.6153418227623 210.92690490328823 1200.2280361256562 54.618823374214116 532.93428073293762 4121.2239471683279 974.87874835124239 117.78264911152655 84.921556910790969 5675.7775510780048 507.74588265700731 550.57630509254523 422.47030958684627 425.67152345459908 23.162071001948789 48.181595764763188 18.098107512108982 88.397532373899594 35.773799213580787 26.230699284467846 162.63558181177359 917.08123914990574 312.20097116555553
leaf_count=141720 1793 7284 803 1132 5738 11086 1666 7286 2748 3639 756 3971 69436 4822 4785 173 32656 2093 1265 1609 92 354 940 214 176 116 335 2805 4388 336
internal_value=0.00926536 0.0123908 0.0078051 0.0107617 0.0241987 0.00984181 0.016419 0.00795688 0.0123502 0.00122998 0.00909727 0.0285712 0.00761299 -0.00616957 0.00858048 -0.0349215 0.00932166 0.00444522 -0.00982243 -0.023695 0.00820373 -0.0418261 -0.114788 -0.0345872 -0.0779556 -0.152803 -0.105 0.013646 -0.000246803 0.00811192
internal_weight=72948.8 23229.9 49719 21441.4 1373.81 20067.6 5079.15 2994.19 2842.39 1465.77 1254.85 2084.97 14988.4 1653.21 1092.66 560.547 13335.2 6267.53 2146.31 1212.89 933.417 790.42 71.3437 719.076 168.5 80.1026 62.0045 7067.7 1391.92 1229.28
internal_count=316217 173694 142523 171901 6870 165031 27350 16095 14429 7143 4395 11255 137681 20866 9607 11259 116815 76630 7194 5009 2185 3400 1294 2106 841 665 451 40185 7529 4724
is_linear=0
shrinkage=0.03


Tree=53
num_leaves=31
num_cat=0
split_feature=5 5 7 2 4 2 4 8 5 10 5 8 8 10 2 5 5 8 8 1 1 0 2 5 5 1 8 1 0 8
split_gain=356.828 405.19 242.695 179.551 361.276 254.189 567.797 473.684 250.121 793.515 787.28 445.762 387.172 374.65 273.097 681.56 799.362 739.74 450.766 1067.64 700.726 608.681 1197 370.917 336.017 261.137 350.402 667.395 319.43 259.366
threshold=162.50000000000003 185.00000000000003 3.5000000000000004 7.5000000000000009 2.5000000000000004 4.5000000000000009 5.5000000000000009 0.0082730181544410815 10.500000000000002 0.58333333333333337 27.500000000000004 0.36666666666666675 0.0048840121653050276 0.87500000000000011 1.0000000180025095e-35 95.500000000000014 113.00000000000001 0.83333333333333337 0.58333333333333337 1.0000000180025095e-35 1.0000000180025095e-35 1.5000000000000002 2.5000000000000004 89.000000000000014 29.500000000000004 1.5000000000000002 0.23611111111111113 1.0000000180025095e-35 2.5000000000000004 0.83333333333333337
decision_type=2 2 2 2 2 2 2 2 2 2 2 2 2 2 2 2 2 2 2 2 2 2 2 2 2 2 2 2 2 2
left_child=2 -2 3 5 -5 6 8 -8 9 25 -10 12 -12 14 -13 18 -17 -18 20 23 -16 22 -21 24 -20 26 28 29 -1 -28
right_child=1 -3 -4 4 -6 -7 7 -9 10 -11 11 13 -14 -15 15 16 17 -19 19 21 -22 -23 -24 -25 -26 -27 27 -29 -30 -31
leaf_value=0.0084319388215242947 0.028409259544369632 -0.038084462480946067 -0.013549740520540221 -0.047011841781700231 0.0037766141186792532 0.021483448219389478 0.016116660046022475 -0.042569360943226421 0.031506418838527485 -0.072697604889398817 -0.052465163648109325 0.011036343713084295 0.021005163256690038 -0.12649243125557841 -0.043267389731163071 0.028352244668664352 -0.091743766480921168 0.0015299488813071147 -0.013804082143554077 -0.22289768893802403 0.02903647410229197 -0.02461130269290485 -0.039724613164542309 -0.025050607939442825 0.030202191585940688 0.044834758996350775 -0.038222986927142669 0.01146091047156236 0.052379122959754318 -0.0091227671762331153
leaf_weight=45943.959811893292 1287.7885960708372 88.122272748412797 437.49412560369819 148.17757315156632 844.20253537630197 1447.772838435485 191.50577856303426 350.03516314818989 1692.3362089919392 109.67392900842242 65.802938138716854 8303.3799945446663 3400.9438428425347 18.746360105054919 162.25246571854223 1357.9121933507267 81.069449892471312 1365.137825927115 321.03163392073475 58.239821389317513 470.29211903875694 104.40143908630125 71.558805871754885 627.28580398746999 304.07467254064977 173.4316693264991 403.34025840694085 1442.6277218959294 149.33630550093949 870.73536868207157
leaf_count=104710 1396 5480 2678 1787 4835 1516 224 7190 1510 581 2078 116796 19012 263 1518 648 2096 1796 808 502 791 690 176 1647 59 156 3906 14699 31 16254
internal_value=0.00901903 0.0241506 0.00872545 0.00886373 -0.00380688 0.00904468 0.00878 -0.0218162 0.00902548 0.00790732 0.0120081 0.0100336 0.0196106 0.00752704 0.00771699 0.00211869 0.0118222 -0.00369866 -0.0107213 -0.0197467 0.01049 -0.0785381 -0.121913 -0.00875262 0.00760219 0.0080878 0.00795723 -0.00251281 0.00857432 -0.0183352
internal_weight=72292.7 1375.91 70916.8 70479.3 992.38 69486.9 68039.1 541.541 67497.6 49093.1 18404.5 16712.1 3466.75 13245.4 13226.6 4923.26 2804.12 1446.21 2119.14 1486.59 632.545 234.2 129.799 1252.39 625.106 48983.4 48810 2716.7 46093.3 1274.08
internal_count=315833 6876 308957 306279 6622 299657 298141 7414 290727 140337 150390 148880 21090 127790 127527 10731 4540 3892 6191 3882 2309 1368 678 2514 867 139756 139600 34859 104741 20160
is_linear=0
shrinkage=0.03


Tree=54
num_leaves=31
num_cat=0
split_feature=4 3 2 3 2 8 8 10 2 4 3 4 8 1 2 1 4 8 2 10 2 7 8 4 1 2 8 10 4 3
split_gain=224.598 170.162 388.026 263.469 976.629 232.911 211.45 156.532 281.691 250.102 307.288 136.569 105.724 225.898 448.734 207.67 390.67 103.653 102.546 147.768 139.26 176.246 114.018 258.519 134.236 458.556 206.755 114.079 88.9728 85.9899
threshold=23.500000000000004 4.5000000000000009 7.5000000000000009 5.5000000000000009 4.5000000000000009 0.002797252042189603 0.059262510974539072 0.87500000000000011 3.5000000000000004 7.5000000000000009 8.5000000000000018 2.5000000000000004 0.30952380952380959 3.5000000000000004 7.5000000000000009 1.0000000180025095e-35 10.500000000000002 0.83333333333333337 4.5000000000000009 0.29166666666666669 1.5000000000000002 4.5000000000000009 0.83333333333333337 2.5000000000000004 1.0000000180025095e-35 2.5000000000000004 0.10818713450292398 1.0000000180025095e-35 17.500000000000004 1.0000000180025095e-35
decision_type=2 2 2 2 2 2 2 2 2 2 2 2 2 2 2 2 2 2 2 2 2 2 2 2 2 2 2 2 2 2
left_child=1 2 18 -3 5 -5 -7 8 -8 10 -9 -4 13 14 -6 16 -14 -13 19 20 21 29 23 24 25 26 -22 -24 -15 -1
right_child=-2 3 11 4 12 6 7 9 -10 -11 -12 17 15 28 -16 -17 -18 -19 -20 -21 22 -23 27 -25 -26 -27 -28 -29 -30 -31
leaf_value=0.0079901286479719599 -0.042118708933152747 0.020543289327736958 -0.046678258977969088 0.024150850045240039 0.020302251240198493 -0.078971737583201862 -0.049895650323903883 -0.06110563125222207 0.0066450485577633778 -0.057246181535138836 0.065583804783608118 -0.03208388995775039 0.017225273821337869 0.0089430010516459522 -0.067332976547409149 0.032131179982744069 -0.070397030028414923 0.019469863488241104 0.020425801630531974 0.00068446713061648336 0.012326685505829766 -0.058425592480824316 0.0034191116391127795 -0.035007986637708953 0.028746604917345001 0.031126815231815527 -0.052924161094298254 0.015682098445272869 0.033844849161040455 -0.0026962091366442898
leaf_weight=58832.679729218478 79.637944460875588 2493.6849632152589 149.60339869130985 78.584556212648749 123.23773906705901 72.076313918019878 276.49548358959146 23.327759982494172 111.19663205498364 40.721667994366726 65.928188836376648 68.052283680648543 342.43988029845059 308.64242957532406 91.72698447026778 791.8739906536648 52.865386747900629 72.486648835241795 596.1715183100896 2441.4840465123998 70.898534132167697 36.115663848351687 1339.1063842964359 74.002539925044402 1012.6954414742067 329.89288291486446 113.94328364497051 1392.9042082563974 222.02634726464748 685.58928489300888
leaf_count=280850 2068 3137 1817 70 95 633 5537 459 455 1187 65 385 246 283 705 1740 1859 42 529 5545 92 869 1389 436 1481 443 739 1141 79 1688
internal_value=0.0082343 0.00828976 0.00788909 0.0135757 0.00689596 -0.0243651 -0.0308299 -0.024127 -0.0336788 0.00436386 0.0324725 -0.0267293 0.0177054 0.00885206 -0.0170923 0.023266 0.00550727 -0.00549369 0.00803918 0.00792784 0.00820465 0.00782683 0.013397 0.0197529 0.022406 0.00993154 -0.0278963 0.00967134 0.0193617 0.00786703
internal_weight=72390.1 72310.5 67215.6 5094.83 2601.14 668.331 589.746 517.67 387.692 129.978 89.2559 290.142 1932.81 745.634 214.965 1187.18 395.305 140.539 66925.5 66329.3 63887.8 59554.4 4333.44 1601.43 1527.43 514.735 184.842 2732.01 530.669 59518.3
internal_count=316064 313996 297446 16550 13413 8406 8336 7703 5992 1711 524 2244 5007 1162 800 3845 2105 427 295202 294673 289128 283407 5721 3191 2755 1274 831 2530 362 282538
is_linear=0
shrinkage=0.03


Tree=55
num_leaves=31
num_cat=0
split_feature=2 1 0 8 0 2 8 8 8 2 4 8 8 2 2 10 4 2 8 0 2 10 4 8 8 9 2 10 8 4
split_gain=266.099 255.393 569.392 2418.85 643.67 346.889 394.894 293.272 582.074 271.083 262.929 237.674 206.999 201.177 249.56 208.924 201.032 174.024 151.315 367.428 259.856 153.81 146.137 133.443 127.763 117.416 105.651 265.576 145.396 104.068
threshold=11.500000000000002 1.0000000180025095e-35 1.5000000000000002 0.36666666666666675 2.5000000000000004 1.0000000180025095e-35 0.83333333333333337 0.83333333333333337 0.12132352941176472 1.5000000000000002 11.500000000000002 0.00245399142457966 0.0021574998138079991 7.5000000000000009 2.5000000000000004 0.58333333333333337 1.0000000180025095e-35 5.5000000000000009 0.30952380952380959 4.5000000000000009 7.5000000000000009 0.87500000000000011 9.5000000000000018 0.050423728813559332 0.085144927536231887 4.5000000000000009 2.5000000000000004 1.0000000180025095e-35 0.45000000000000007 16.500000000000004
decision_type=2 2 2 2 2 2 2 2 2 2 2 2 2 2 2 2 2 2 2 2 2 2 2 2 2 2 2 2 2 2
left_child=1 2 7 13 5 -5 -7 8 -1 -6 -9 -3 -2 14 15 23 -8 25 19 20 -19 -20 -23 -4 -25 29 28 -28 -10 -13
right_child=12 11 3 4 9 6 16 10 26 -11 -12 17 -14 -15 -16 -17 -18 18 21 -21 -22 22 -24 24 -26 -27 27 -29 -30 -31
leaf_value=0.008760049522281689 0.0329319094334296 -0.071383022093734039 0.0517600482942875 -0.031990181324552766 0.026340794589697777 -0.051954765825579077 -0.17788041564265147 0.014350928094738334 -0.045644282301093173 -0.067101617448618339 -0.069058295647726795 0.012388285692309745 -0.063187608123723191 -0.047895710872636207 0.035166105340357183 -0.052784605515156492 -0.090585562126376112 0.0189287945636703 0.031900894577738002 0.024989003958070848 -0.056984818249649877 0.028324088720275534 -0.054408577390121442 -0.049661470607036948 0.012415152060885719 -0.065590576102259449 0.039561302036814606 -0.039483638348461678 -0.011696221499657176 -0.047056349881267716
leaf_weight=46779.525980268023 27.222259521484375 29.795236742938869 76.247993336350191 494.83485294505954 163.94387291691964 325.30229245859664 34.226371522992849 9846.7708553522825 218.98965336426045 33.682652251038235 34.131544823030708 11715.811873449537 77.776413850486279 42.52014424680965 545.57666217212682 44.592132077785209 77.514207101427019 66.898986504413188 1041.5518593675806 428.87740225717425 103.16288408124819 39.361532577895559 37.542937501886627 30.621214890154079 1168.7957216050418 17.464622817235067 77.954793751996476 75.116011900856392 235.80911865932285 26.565601867274381
leaf_count=105311 3 869 341 14479 1052 3918 273 69472 4059 306 1257 92630 386 442 588 807 2349 137 1516 230 981 26 1375 579 6626 296 179 989 3704 986
internal_value=0.00945721 0.0095251 0.00868996 -0.00396671 -0.0387626 -0.0491918 -0.068668 0.00936135 0.00838103 0.0104149 0.0140628 0.0132538 -0.0382674 0.016628 0.0180985 0.0110455 -0.117324 0.0134409 0.0223615 0.0101927 -0.0271219 0.0288779 -0.012064 0.0132767 0.0108303 0.0121382 -0.0207866 0.000771798 -0.0280425 0.0122538
internal_weight=73918.2 73813.2 60306.2 3037.86 1129.5 931.878 437.043 57268.3 47387.4 197.627 9880.9 13507 104.999 1908.35 1865.83 1320.26 111.741 13477.2 1717.4 598.939 170.062 1118.46 76.9045 1275.66 1199.42 11759.8 607.87 153.071 454.799 11742.4
internal_count=316166 315777 216731 31760 22377 21019 6540 184971 114242 1358 70729 99046 389 9383 8941 8353 2622 98177 4265 1348 1118 2917 1401 7546 7205 93912 8931 1168 7763 93616
is_linear=0
shrinkage=0.03


Tree=56
num_leaves=31
num_cat=0
split_feature=5 5 5 5 1 4 9 8 4 8 1 3 0 0 5 5 5 5 5 8 4 1 8 0 6 8 8 6 9 0
split_gain=309.809 378.327 156.146 362.779 159.566 278.177 102.56 136.722 108.093 162.64 355.217 161.304 439.741 128.926 122.141 564.483 518.546 689.361 493.151 297.417 294.048 282.041 353.498 325.212 252.514 249.851 1178.75 746.099 322.773 532.394
threshold=162.50000000000003 185.00000000000003 169.50000000000003 170.50000000000003 1.0000000180025095e-35 4.5000000000000009 4.5000000000000009 0.002797252042189603 15.500000000000002 0.83333333333333337 3.5000000000000004 14.500000000000002 5.5000000000000009 1.5000000000000002 99.500000000000014 100.50000000000001 105.50000000000001 109.00000000000001 95.500000000000014 0.45000000000000007 4.5000000000000009 1.0000000180025095e-35 0.10818713450292398 1.5000000000000002 1.5000000000000002 0.10263157894736843 0.83333333333333337 1.5000000000000002 1.0000000180025095e-35 3.5000000000000004
decision_type=2 2 2 2 2 2 2 2 2 2 2 2 2 2 2 2 2 2 2 2 2 2 2 2 2 2 2 2 2 2
left_child=6 2 -2 4 -4 -6 8 -8 11 10 -10 14 -13 -11 18 19 -17 -18 21 20 -16 24 -23 -24 -1 28 -27 -28 -19 -30
right_child=1 -3 3 -5 5 -7 7 -9 9 13 -12 12 -14 -15 15 16 17 25 -20 -21 -22 22 23 -25 -26 26 27 -29 29 -31
leaf_value=0.0089150729453776872 0.035467787700762324 -0.037847018442141521 0.011226227900389152 0.034164800811965101 -0.095641777172426015 0.0054899921601262204 0.023087176796476816 -0.07358854202245145 -0.044309684738046383 -0.030901874362032275 0.024777387228590707 -0.085675421078682729 0.019149906547386658 0.04208364104722058 -0.073321458601835476 0.031518429892423351 -0.0582651044781613 0.030568494357624945 0.034511946440689535 -0.0077315549265492651 0.0099495873322578542 -0.040922788040241305 0.010082105925807642 0.023909072711600227 -0.030373597088621116 -0.057599013394160091 0.0089627257455206274 -0.067813158943575799 -0.059470334273707119 0.012472775602928343
leaf_weight=55952.636792801961 828.81013564020395 84.671368306822842 81.517472445964813 299.40128061780706 49.461405202746391 48.463493938557804 23.061706011416391 30.681998293614015 89.710144421667792 23.500715962785762 264.34613236784935 59.001580789830768 92.455400370061398 297.94022207683884 138.98493562359363 789.06257634609938 147.5744289085269 830.95603768029832 716.80168942548335 625.07824497902766 52.613527677953243 98.286442189419176 3338.3132964096148 2827.6971287705237 147.61725648248103 266.80105261618155 4809.044797846931 116.68119259388186 102.05821855808608 996.37007197472849
leaf_count=184550 63 5511 214 279 629 248 31 361 2595 2262 249 399 50 893 1609 71 656 1465 60 2252 67 1653 37026 13768 3109 12582 36337 1256 2110 3866
internal_value=0.00959079 0.0236088 0.0275881 0.0139495 -0.01978 -0.0455912 0.00932282 -0.0321045 0.00935341 0.0212983 0.00727223 0.00924152 -0.0216858 0.0367476 0.00930661 0.00601145 0.00841999 0.00591278 0.00977023 -0.0177548 -0.050455 0.00948585 0.0155233 0.0164231 0.00881169 0.00724262 0.00381744 0.00714405 0.0164608 0.00578833
internal_weight=74229.6 1392.33 1307.65 478.844 179.442 97.9249 72837.3 53.7437 72783.5 675.497 354.056 72108 151.457 321.441 71956.6 8875.23 8058.55 7269.49 63081.4 816.677 191.598 62364.6 6264.3 6166.01 56100.3 7121.91 5192.53 4925.73 1929.38 1098.43
internal_count=316221 6944 1433 1370 1091 877 309277 392 308885 5999 2844 302886 449 3155 302437 62271 58343 58272 240166 3928 1676 240106 52447 50794 187659 57616 50175 37593 7441 5976
is_linear=0
shrinkage=0.03


Tree=57
num_leaves=31
num_cat=0
split_feature=5 5 5 5 1 2 4 5 1 0 5 5 8 8 5 4 9 8 5 5 1 5 9 5 2 8 5 5 8 2
split_gain=306.767 364.77 505.658 363.794 206.525 194.233 663.977 299.495 525.072 427.967 394.261 331.602 1075.89 549.965 517.557 373.9 329.616 364.74 283.435 328.036 438.756 400.789 260.105 205.38 196.452 189.956 188.001 447.037 413.29 366.111
threshold=162.50000000000003 169.50000000000003 170.50000000000003 185.00000000000003 1.0000000180025095e-35 4.5000000000000009 1.0000000180025095e-35 161.00000000000003 1.0000000180025095e-35 1.5000000000000002 114.50000000000001 105.50000000000001 0.093073593073593086 0.83333333333333337 100.50000000000001 7.5000000000000009 1.5000000000000002 0.0048115508087418204 136.50000000000003 154.00000000000003 1.0000000180025095e-35 151.50000000000003 2.5000000000000004 109.00000000000001 1.5000000000000002 0.0081577196095829665 99.500000000000014 95.500000000000014 0.45000000000000007 3.5000000000000004
decision_type=2 2 2 2 2 2 2 2 2 2 2 2 2 2 2 2 2 2 2 2 2 2 2 2 2 2 2 2 2 2
left_child=5 -2 4 -4 -3 7 -7 10 9 -9 11 14 16 -14 15 26 17 -13 -12 20 -20 24 -18 -15 -22 -24 27 -1 29 -28
right_child=1 2 3 -5 -6 6 -8 8 -10 -11 18 12 13 23 -16 -17 22 -19 19 -21 21 -23 25 -25 -26 -27 28 -29 -30 -31
leaf_value=0.0075142691598709729 0.035610189796742429 -0.008918417678836995 0.033748265154156229 -0.037412455419783164 -0.095245924022148085 -0.058236690904261791 0.017587690227817154 0.016042409148183299 -0.014623641932580068 -0.054210871010261737 0.031671820228439389 -0.081183060371096696 -0.08306669262762989 -0.057536876138421712 0.03152437248040988 -0.050113908872936271 -0.067882234767317681 0.033192934638313985 -0.036070754991091351 0.054195234990172349 0.02397611953687644 -0.069883828678275473 0.017343055833093503 -0.011673830703463943 -0.083558531342370845 -0.064054083085349975 -0.073216934575429798 0.032997753089964721 0.004506114397031225 0.030332891311067308
leaf_weight=59573.206060360593 768.7533180937171 44.519717428833246 295.90826877113432 82.735300624190131 56.71404013549909 107.56294264772441 3084.8789140457957 1225.6656927447475 1453.7778802551911 83.34723217386636 1053.9808904007077 26.166164026129991 148.26780957786832 104.71392790973186 817.49821786396205 101.2279429648479 57.768504119012505 611.95420960150659 202.13575799018145 127.05822369456291 584.51816483846051 46.914863795449492 164.61987113766372 546.53227701876312 15.700467330025274 30.599800189258531 128.9321437679464 626.04987684451044 603.61480790528003 40.345536068081856
leaf_count=235857 57 224 266 5559 824 1410 7386 8644 15459 2602 224 872 2692 423 73 3383 1526 1683 3829 6 6092 1294 1199 8944 663 906 1528 59 1925 10
internal_value=0.00805726 0.0227991 0.00227607 0.0181993 -0.0572816 0.00780005 0.0150329 0.00746235 -0.00221342 0.0115693 0.00786978 0.00745421 -0.00565433 -0.0309202 0.00781229 0.00749489 0.0170146 0.0285029 0.0208836 0.00923741 0.00251132 0.0145627 -0.011963 -0.0190482 0.0211632 0.00458442 0.00759053 0.00777929 -0.00711129 -0.0485369
internal_weight=72815.7 1248.63 479.877 378.644 101.234 71567 3192.44 68374.6 2762.79 1309.01 65611.8 63581.5 1690.62 799.514 61890.9 61073.4 891.109 638.12 2030.31 976.327 849.269 647.133 252.988 651.246 600.219 195.22 60972.1 60199.3 772.892 169.278
internal_count=315619 6930 6873 5825 1048 308689 8796 299893 26705 11246 273188 261080 18245 12059 242835 242762 6186 2555 12108 11884 11878 8049 3631 9367 6755 2105 239379 235916 3463 1538
is_linear=0
shrinkage=0.03


Tree=58
num_leaves=31
num_cat=0
split_feature=5 5 5 5 9 1 3 8 4 10 2 3 2 7 1 5 2 4 3 3 5 5 8 2 5 5 10 8 5 5
split_gain=225.001 524.565 239.082 449.692 203.533 364.4 175.093 164.437 172.849 199.741 142.812 576.476 262.138 210.119 207.687 348.798 215.573 170.307 163.998 286.787 231.744 204.721 264.37 176.674 145.465 826.601 429.936 425.972 357.138 680.927
threshold=162.50000000000003 169.50000000000003 129.50000000000003 114.50000000000001 3.5000000000000004 2.5000000000000004 5.5000000000000009 0.83333333333333337 19.500000000000004 0.87500000000000011 4.5000000000000009 1.5000000000000002 7.5000000000000009 3.5000000000000004 2.5000000000000004 23.000000000000004 8.5000000000000018 9.5000000000000018 5.5000000000000009 8.5000000000000018 29.500000000000004 89.000000000000014 0.0050568980948727795 3.5000000000000004 10.500000000000002 27.500000000000004 0.58333333333333337 0.36666666666666675 105.50000000000001 95.500000000000014
decision_type=2 2 2 2 2 2 2 2 2 2 2 2 2 2 2 2 2 2 2 2 2 2 2 2 2 2 2 2 2 2
left_child=2 -2 3 4 10 -6 -3 -4 9 -9 13 -12 -13 18 15 -14 17 -17 24 23 -21 -22 -23 -20 26 -26 -1 -27 29 -29
right_child=1 6 7 -5 5 -7 -8 8 -10 -11 11 12 14 -15 -16 16 -18 -19 19 20 21 22 -24 -25 25 27 -28 28 -30 -31
leaf_value=0.0072549178402921011 0.035259926947984667 0.0016875258232448571 -0.031178262104753211 0.025650508488923515 0.034360601622768445 -0.072240820764832445 -0.052742295031232733 0.0014012472229646192 0.046069655942037505 -0.095718574270193132 -0.046695989332490292 0.027309358916983304 0.021552215868900375 -0.064329890233826043 0.024233598184153236 0.011589723504125071 -0.054010119314827756 -0.08315488048485993 -0.050566406509179283 -0.045752546352378479 0.067439007176812671 0.03626967492287262 -0.02989734602294155 0.008050299417318817 0.031241620511732765 0.018003709115277364 -0.048462198317189641 0.0023748903716518323 -0.015317494892968013 0.023673770720062996
leaf_weight=49631.059504238889 784.96412131935358 341.99745290190913 140.87965639182949 1306.3544607907534 47.137876560213044 74.427826458821073 62.987259907429689 3742.5905557419173 77.846421503229067 19.156279020942748 127.51060711819446 1319.7001447195653 228.34326334763318 36.443576638121158 337.38886622898281 120.79750785138458 144.08740577870049 19.886184578179382 165.59381222684169 57.500190960330656 64.157086768303998 120.88472017063759 98.735218587331474 64.226909713004716 1549.4351212952752 2905.6473409181926 124.95711482781917 6876.5466198732611 728.80862128082663 1681.1961816379335
leaf_count=139690 60 5765 11259 771 42 1200 1092 28638 542 225 1155 906 678 1101 262 184 2092 739 3269 1356 113 61 1967 242 1484 15524 448 82496 10843 1932
internal_value=0.00801445 0.0209528 0.00780005 0.00821938 0.00787708 -0.0309054 -0.00677794 0.000654359 0.00182234 0.000906675 0.00794808 0.0152968 0.0189392 0.00768469 0.00595136 -0.00606979 -0.0282185 -0.00180279 0.00772565 -0.00827879 0.00916685 0.0202949 0.00652276 -0.0341851 0.00786959 0.0106019 0.00711499 0.00797889 0.00484225 0.00655912
internal_weight=73001.2 1189.95 71811.3 67830.8 66524.5 121.566 404.985 3980.47 3839.59 3761.75 66402.9 2297.71 2170.2 64105.2 850.503 513.114 284.771 140.684 64068.7 571.098 341.277 283.777 219.62 229.821 63497.7 13741.6 49756 12192.2 9286.55 8557.74
internal_count=316136 6917 309219 268555 267784 1242 6857 40664 29405 28863 266542 6016 4861 260526 3955 3693 3015 923 259425 7008 3497 2141 2028 3511 252417 112279 140138 110795 95271 84428
is_linear=0
shrinkage=0.03


Tree=59
num_leaves=31
num_cat=0
split_feature=5 5 8 5 0 5 5 0 8 6 5 5 5 7 5 5 4 5 5 5 2 4 3 5 5 2 2 5 0 5
split_gain=309.824 793.513 382.068 383.833 284.606 333.799 251.566 521.459 224.76 434.519 285.395 694.975 300.845 281.301 274.423 257.829 257.065 253.329 236.301 258.755 264.777 203.75 447.805 240.251 466.866 372.656 389.203 308.265 526.54 481.988
threshold=10.500000000000002 23.000000000000004 0.23611111111111113 9.5000000000000018 2.5000000000000004 8.5000000000000018 8.5000000000000018 1.5000000000000002 0.36666666666666675 1.5000000000000002 99.500000000000014 100.50000000000001 84.000000000000014 1.0000000180025095e-35 166.50000000000003 162.50000000000003 4.5000000000000009 169.50000000000003 129.50000000000003 120.50000000000001 12.500000000000002 15.500000000000002 13.500000000000002 94.500000000000014 29.500000000000004 1.0000000180025095e-35 3.5000000000000004 95.500000000000014 1.5000000000000002 129.50000000000003
decision_type=2 2 2 2 2 2 2 2 2 2 2 2 2 2 2 2 2 2 2 2 2 2 2 2 2 2 2 2 2 2
left_child=2 -2 4 6 5 -1 -4 -8 10 15 12 16 -3 14 -11 21 -12 -17 19 20 -13 22 23 24 25 -10 -27 -25 29 -29
right_child=1 8 3 -5 -6 -7 7 -9 9 13 11 18 -14 -15 -16 17 -18 -19 -20 -21 -22 -23 -24 27 -26 26 -28 28 -30 -31
leaf_value=0.0063403617921366923 0.031602056587190529 -0.031692495838395847 -0.00035855669388991319 -0.00060770400290006033 0.044273996522727531 -0.04068315846741722 -0.13337126762760565 -0.0269288183491296 0.01094495149087512 -0.042772558780455425 -0.068963171877977486 0.01103833170295856 0.024974097282722277 0.023910218895109064 0.026127761027466917 0.034278379056170941 0.0099149498868375836 0.0045152637146053031 -0.032761936873526069 0.03566408213199547 -0.061928343181246417 0.034581530120454694 -0.087319583327647499 -0.0024615670971192892 0.028623543787746977 -0.044906099279091526 0.015390390940530791 0.021644599763031656 -0.010142460259492808 0.0037997473572586528
leaf_weight=45841.549129642546 1417.7356515899301 88.100209089549026 130.87766168266535 3077.4208813963924 177.38819177728146 136.26576275355183 54.596545580541715 171.6596443161834 1868.8458724059165 337.83209203425213 137.88176945457235 2260.2710218296852 1965.2053385494219 100.86092482157983 61.496520593180321 616.22030480951071 50.917391257593408 441.97897852546885 103.30801242642337 402.42708206176758 45.662517093122005 228.89535779051948 46.079887316387612 3994.0274119241512 1171.8099931491306 241.92915307654766 160.10743420792278 2516.0178239243105 1175.4258470646018 2970.6010929809418
leaf_count=103767 145 4142 265 35370 84 1468 350 1112 24716 6256 1638 8421 8349 629 452 53 68 5201 6872 21 232 3929 313 50891 4233 1911 227 9261 10649 24813
internal_value=0.0069518 0.00987979 0.005629 -0.00402419 0.00634732 0.006201 -0.033464 -0.0526138 0.00841231 0.00666372 0.0139248 0.00802725 0.0225427 -0.0208552 -0.0321619 0.00755568 -0.0476905 0.0218472 0.0117686 0.0134672 0.00959343 0.00650354 0.00604917 0.00635433 0.0132442 0.00530827 -0.0208936 0.00412839 0.0080792 0.0119829
internal_weight=71993.4 22403.6 49589.8 3434.55 46155.2 45977.8 357.134 226.256 20985.9 15932.1 5053.77 3000.47 2053.31 500.19 399.329 15431.9 188.799 1058.2 2811.67 2708.36 2305.93 14373.7 14144.8 14098.8 3442.69 2270.88 402.037 10656.1 6662.04 5486.62
internal_count=315838 173422 142416 37097 105319 105235 1727 1462 173277 143534 29743 17252 12491 7337 6708 136197 1706 5254 15546 8674 8653 130943 127014 126701 31087 26854 2138 95614 44723 34074
is_linear=0
shrinkage=0.03


Tree=60
num_leaves=31
num_cat=0
split_feature=5 5 5 5 2 1 2 8 8 1 5 5 1 11 5 5 5 0 2 2 1 4 3 5 4 7 5 5 0 1
split_gain=367.771 362.296 142.667 342.475 145.41 252.95 172.211 119.181 589.455 837.977 577.519 354.959 290.62 350.863 235.336 773.835 515.786 447.321 383.849 513.705 584.526 556.482 433.741 350.209 348.656 324.595 288.803 223.916 395.666 353.113
threshold=162.50000000000003 185.00000000000003 169.50000000000003 170.50000000000003 2.5000000000000004 1.0000000180025095e-35 1.0000000180025095e-35 0.58333333333333337 0.36666666666666675 1.0000000180025095e-35 105.50000000000001 94.500000000000014 1.5000000000000002 1.0000000180025095e-35 94.500000000000014 95.500000000000014 105.50000000000001 1.5000000000000002 1.0000000180025095e-35 4.5000000000000009 1.0000000180025095e-35 4.5000000000000009 5.5000000000000009 109.00000000000001 19.500000000000004 1.0000000180025095e-35 29.500000000000004 100.50000000000001 1.5000000000000002 1.0000000180025095e-35
decision_type=2 2 2 2 2 2 2 2 2 2 2 2 2 2 2 2 2 2 2 2 2 2 2 2 2 2 2 2 2 2
left_child=7 2 -2 4 5 -4 -7 8 -1 -10 11 -11 13 14 26 18 27 23 -16 20 21 25 -23 -18 -19 -20 -9 28 -17 -30
right_child=1 -3 3 -5 -6 6 -8 12 9 10 -12 -13 -14 -15 15 16 17 24 19 -21 -22 22 -24 -25 -26 -27 -28 -29 29 -31
leaf_value=0.0072292230848407715 0.035506402836442789 -0.037305382081714904 0.0019127636980902582 0.033345844032261679 0.015039245728028493 -0.032841004172905849 -0.14697579283234871 0.010600363638401953 -0.039098280768450296 -0.040241670925192541 -0.060920727744263665 0.018911530055921114 0.029897999738289476 -0.12167019293085607 0.0022257972072207114 0.026889353241338652 -0.058614959940262716 -0.019796058682722831 -0.017015466960582041 0.015701580832948429 -0.074244617844237984 -0.26702356740163236 -0.063734502754076355 0.012005984330727928 0.048760299474551773 0.053723179585628458 0.027841795724880974 0.043439976874827424 -0.084628641249161404 0.0092852957756030165
leaf_weight=52479.550326902274 759.73382469266653 82.99004523770418 54.240164492279291 306.65501519199461 64.900899248197675 22.652127356268466 25.060872737318277 6022.0997730418458 604.30293449829333 102.25825755874394 107.02761800764711 851.86356896438519 608.32609445793787 18.533179744816152 1822.0774773266166 860.20638301735744 64.159406825900078 726.27479478070745 632.34089896944351 288.73193618003279 209.47961561341072 12.402679765596984 39.6227580998966 4217.3818580135703 73.523049648851156 64.319176097400486 1022.8932103717234 501.35387849807739 56.904694466269575 98.237915872014128
leaf_count=137929 58 5549 206 266 246 449 156 55824 12103 2530 3894 2995 1052 192 43369 555 258 7192 1335 1090 1348 167 797 31886 138 10 3504 53 620 187
internal_value=0.00765413 0.0233679 0.0274509 0.0145261 -0.0200621 -0.0424068 -0.0927894 0.00736479 0.0066716 -0.0108994 0.00515931 0.0125718 0.00952945 0.00878884 0.00893352 0.00589442 0.0116832 0.00710064 -0.00655102 -0.0193765 -0.0299468 -0.0175525 -0.112198 0.0109477 -0.0134939 -0.0104845 0.0131037 0.027036 0.0189361 -0.0251614
internal_weight=72800.1 1316.23 1233.24 473.509 166.854 101.953 47.713 71483.9 54145 1665.45 1061.15 954.122 17338.9 16730.5 16712 9667.02 6598.04 5081.34 3068.97 1246.9 958.165 748.686 52.0254 4281.54 799.798 696.66 7044.99 1516.7 1015.35 155.143
internal_count=315958 6930 1381 1323 1057 811 605 309028 159451 21522 9419 5525 149577 148525 148333 89005 40889 39474 48116 4747 3657 2309 964 32144 7330 1345 59328 1415 1362 807
is_linear=0
shrinkage=0.03


Tree=61
num_leaves=31
num_cat=0
split_feature=5 5 6 2 5 5 5 5 5 5 8 5 8 5 5 0 2 8 2 4 8 0 8 8 8 7 8 8 0 2
split_gain=260.887 321.803 359.918 348.523 282.779 886.377 556.829 556.623 446.075 382.396 800.487 627.684 528.902 366.5 400.783 585.059 280.808 221.842 313.135 248.799 218.458 211.286 734.544 269.292 356.493 206.843 313.371 294.074 272.396 202.955
threshold=114.50000000000001 129.50000000000003 1.5000000000000002 1.0000000180025095e-35 105.50000000000001 100.50000000000001 99.500000000000014 95.500000000000014 109.00000000000001 94.500000000000014 0.83333333333333337 10.500000000000002 0.23611111111111113 23.000000000000004 29.500000000000004 1.5000000000000002 1.0000000180025095e-35 0.45000000000000007 2.5000000000000004 4.5000000000000009 0.45000000000000007 1.5000000000000002 0.093073593073593086 0.093073593073593086 0.83333333333333337 1.5000000000000002 0.0048115508087418204 0.012760529743812419 5.5000000000000009 4.5000000000000009
decision_type=2 2 2 2 2 2 2 2 2 2 2 2 2 2 2 2 2 2 2 2 2 2 2 2 2 2 2 2 2 2
left_child=4 -2 20 -4 5 6 7 9 -6 11 12 29 -11 -13 15 16 -15 19 -19 -8 -3 23 25 -10 -25 26 -23 28 -27 -1
right_child=1 2 3 -5 8 -7 17 -9 21 10 -12 13 -14 14 -16 -17 -18 18 -20 -21 -22 22 -24 24 -26 27 -28 -29 -30 -31
leaf_value=0.0064926299065487247 0.026526192397274041 -0.03274797376618855 0.026202105101408704 -0.06256088670543275 -0.054485270951046681 0.039100096126031915 -0.067209759791932208 0.034116961486276319 0.047758635916958808 -0.039404526640428213 -0.010654341344393447 0.031528239230076048 0.015926078035443991 0.01467995496756074 0.025557326223096425 -0.048069584067549784 -0.012301913808388028 4.3222269732141205e-05 -0.05845148115906685 0.011112967154284063 0.012259317932400694 -0.069533749676548504 -0.072938556842789118 -0.086361840219564154 0.0090868313523824167 -0.02815974391747586 0.025937709402614726 -0.070530768448430606 0.010754465651418592 0.022764215559137976
leaf_weight=50180.537760595209 1313.8610581420362 98.965373480052222 60.56433812121395 116.18577401031507 144.2100812420249 782.12369827181101 137.39880279521458 688.24283974431455 153.92230197414756 166.68785810517147 3103.3534578768304 1288.1096843420528 2313.3109152874094 1877.0386671200395 1459.3008441443963 169.44521603613975 425.91154001528048 524.32067853258923 97.71432470693253 49.707372356439009 5044.531000012983 33.812699688132852 137.84711040137336 37.321722665801644 624.52979035675526 252.63163118273951 364.51421945681795 63.712106255814433 450.73310174862854 699.50982793979347
leaf_count=141338 760 6452 1531 1278 658 77 1608 64 40 2890 47604 138 11424 22374 6923 7965 2048 1952 896 65 38202 793 3520 557 7534 3177 814 996 1372 1154
internal_value=0.00755849 0.0132303 0.00994687 -0.0321458 0.00699031 0.00735906 0.00696614 0.00728692 -0.00343116 0.00698755 -0.000499785 0.00773273 0.0122071 0.0176401 0.01309 0.00573135 0.00968988 -0.0177608 -0.0091456 -0.0464022 0.0113933 4.33228e-05 -0.00745148 0.0120167 0.00370449 0.000294514 0.0178334 -0.00881308 -0.00322258 0.00671634
internal_weight=72860.1 6634.11 5320.25 176.75 66225.9 63962.7 63180.6 62371.4 2263.23 61683.2 5583.35 56099.9 2480 5219.81 3931.7 2472.4 2302.95 809.141 622.035 187.106 5143.5 2119.02 1303.25 815.774 661.852 1165.4 398.327 767.077 703.365 50880
internal_count=316204 48223 47463 2809 267981 248520 248443 243922 19461 243858 61918 181940 14314 39448 39310 32387 24422 4521 2848 1673 44654 18803 10672 8131 8091 7152 1607 5545 4549 142492
is_linear=0
shrinkage=0.03


Tree=62
num_leaves=31
num_cat=0
split_feature=5 5 5 5 9 6 2 3 2 1 2 0 9 9 11 5 0 5 5 10 5 5 0 5 11 0 3 3 1 3
split_gain=225.235 326.081 290.447 624.247 492.379 479.429 314.743 201.084 183.942 286.628 229.941 192.833 263.015 266.484 249.026 232.584 509.946 459.972 269.579 226.103 285.894 450.087 602.17 198.658 190.478 261.177 179.183 261.279 177.685 302.063
threshold=162.50000000000003 185.00000000000003 129.50000000000003 114.50000000000001 3.5000000000000004 1.5000000000000002 4.5000000000000009 5.5000000000000009 7.5000000000000009 2.5000000000000004 4.5000000000000009 2.5000000000000004 1.5000000000000002 2.5000000000000004 1.0000000180025095e-35 105.50000000000001 1.5000000000000002 100.50000000000001 109.00000000000001 0.29166666666666669 10.500000000000002 23.000000000000004 1.5000000000000002 95.500000000000014 26.500000000000004 1.5000000000000002 10.500000000000002 2.5000000000000004 1.0000000180025095e-35 4.5000000000000009
decision_type=2 2 2 2 2 2 2 2 2 2 2 2 2 2 2 2 2 2 2 2 2 2 2 2 2 2 2 2 2 2
left_child=2 -2 3 4 8 6 7 -4 10 24 11 14 -13 -14 15 17 18 19 -17 -1 -21 -22 23 28 25 26 27 -10 -23 -30
right_child=1 -3 5 -5 -6 -7 -8 -9 9 -11 -12 12 13 -15 -16 16 -18 -19 -20 20 21 22 -24 -25 -26 -27 -28 -29 29 -31
leaf_value=0.0078344561235772249 0.025708952331933366 -0.037050954196240229 -0.00031536039418159333 0.027918302257219807 -0.068333748193055294 -0.06039725598990129 0.028616798259959404 -0.062813429422401673 -0.054585681629588614 0.018755025002241736 0.020884290239780869 0.024470549369673515 -0.066511351546345895 0.011152075661962309 -0.088479652056948632 -0.0557274574277766 -0.044514998346826325 0.031461105163376385 0.010260765296635324 -0.017494185381144202 0.031217079724784838 -0.018367872073871607 0.017604432328039373 0.013132216904385728 0.039312720177952218 -0.049917871933093334 -0.065879324234961831 0.019463511573725587 -0.11987367974728624 -0.025518449103754608
leaf_weight=58883.643261701975 1036.3493203162216 80.279833975189831 3478.5694803955848 1398.2443711631931 76.636389235034585 115.7923804117454 351.63169831875712 46.957978830236243 54.833936052571516 272.22278661071323 1210.0479001302738 1126.1395240348647 59.556765188346617 119.64214780391194 24.345168030355126 60.392905980348587 244.30226791033056 725.90898942947388 719.79124465119094 700.92368110571988 449.96290922164917 610.94346926044091 725.95117456730804 143.82566677848808 46.246621197555214 208.83676561122411 38.870954900601646 196.80212564836256 44.991521161980927 95.037421567656565
leaf_count=228690 1413 5553 35302 792 1211 2254 1703 1268 502 258 1121 4932 1570 1158 257 243 4333 70 8140 2256 48 2082 5653 140 2 2238 1678 173 290 541
internal_value=0.00782616 0.0211968 0.00761947 0.00807964 0.00766463 -0.000244822 0.00155165 -0.0011478 0.00775187 -0.00638843 0.00792723 0.00768503 0.0190987 -0.0146594 0.00745015 0.00748698 -0.00669121 0.00771983 0.00515271 0.00744031 -0.000933417 0.0046723 -0.00269723 -0.019168 -0.0189338 -0.0243283 -0.00593266 0.00332747 -0.0253541 -0.0558349
internal_weight=73347.7 1116.63 72231.1 68238.1 66839.9 3992.95 3877.16 3525.53 66763.2 817.813 65945.4 64735.4 1305.34 179.199 63430 63405.7 1024.49 62381.2 780.184 61655.3 2771.64 2070.71 1620.75 894.798 545.59 499.344 290.507 251.636 750.972 140.029
internal_count=315871 6966 308905 268378 267586 40527 38273 36570 266375 4851 261524 260403 7660 2728 252743 252486 12716 239770 8383 239700 11010 8754 8706 3053 4593 4591 2353 675 2913 831
is_linear=0
shrinkage=0.03


Tree=63
num_leaves=31
num_cat=0
split_feature=5 5 5 5 5 5 5 8 5 5 2 2 0 2 3 3 3 10 3 3 0 5 5 8 5 5 8 5 5 3
split_gain=265.395 264.275 330.411 216.515 482.753 239.883 326.86 238.645 216.552 488.264 317.474 343.581 249.093 249.488 308.8 244.82 306.818 209.161 232.345 503.007 397.493 206.154 394.415 218.064 309.893 456.261 457.487 325.7 322.705 286.327
threshold=9.5000000000000018 8.5000000000000018 1.0000000180025095e-35 94.500000000000014 91.500000000000014 89.000000000000014 30.500000000000004 0.10818713450292398 27.500000000000004 10.500000000000002 1.5000000000000002 3.5000000000000004 2.5000000000000004 4.5000000000000009 3.5000000000000004 3.5000000000000004 2.5000000000000004 0.29166666666666669 2.5000000000000004 5.5000000000000009 1.5000000000000002 162.50000000000003 169.50000000000003 0.36666666666666675 95.500000000000014 99.500000000000014 0.83333333333333337 105.50000000000001 100.50000000000001 1.0000000180025095e-35
decision_type=2 2 2 2 2 2 2 2 2 2 2 2 2 2 2 2 2 2 2 2 2 2 2 2 2 2 2 2 2 2
left_child=1 2 -1 4 5 6 7 -2 9 12 -10 17 13 14 -9 16 -15 -12 -19 20 -20 23 -23 -5 29 -26 27 28 -27 -25
right_child=3 -3 -4 21 -6 -7 -8 8 10 -11 11 -13 -14 15 -16 -17 -18 18 19 -21 -22 22 -24 24 25 26 -28 -29 -30 -31
leaf_value=0.0066538553220802221 -0.040464307081941153 -0.016875355331646302 0.041307645941520615 0.01302636588901924 0.046329085218440112 -0.013327867293709258 0.034750861703554993 0.0085760033573616772 0.0095388232080547992 0.031103991361976654 -0.030485873275573734 0.006599269307626463 0.033431114312743149 -0.071274871260064654 -0.017645935839996255 0.035067105214088998 0.023550747246603346 -0.016528768130508652 -0.4284849217965252 -0.066373416918112049 -0.030502961763316492 0.034793698456087395 -0.0017174269636591199 0.0045229579108149141 0.034463196753874055 -0.031786160486063364 0.008903434346150492 -0.055557012670385313 0.031955495495991401 -0.012106931981034281
leaf_weight=46964.053299561143 77.428463745629415 426.84777462808415 248.93833079189062 4628.2892258063221 400.7371992841363 308.56107572637848 609.95952648005914 2199.1416693781503 2214.3745851352287 1404.1853764892439 112.11915593460435 185.16372303830576 376.45592374703847 48.340637918561697 495.21200261602644 475.93902143440209 84.19782142713666 17.571508849039674 7.9596496033482236 21.199662874249043 3.1534588383510709 695.17326200008392 431.61298180870654 2659.2498078690842 582.98792839050293 157.87009145494085 6286.8615678988281 167.10527309033205 130.63248729705811 1434.435802840133
leaf_count=104047 1552 1762 14 23201 14 4372 741 32895 29127 1641 583 892 600 342 1690 348 43 93 213 804 274 60 6864 48272 52 1614 40247 7388 9 6320
internal_value=0.00795817 0.00662412 0.00683657 0.0103824 0.0141399 0.0126471 0.013609 0.0119391 0.0124698 0.0160539 0.00535697 -0.0213166 0.0103101 0.00767482 0.00375651 0.0250252 -0.0110349 -0.0532233 -0.104328 -0.152072 -0.315553 0.00840422 0.0208082 0.00753327 0.00530686 0.00900132 0.00679975 -0.0222286 -0.00292427 -0.00130419
internal_weight=73855.8 47639.8 47213 26215.9 9041.7 8640.96 8332.4 7722.44 7645.01 5083.47 2561.54 347.167 3679.29 3302.83 2694.35 608.477 132.538 162.003 49.8843 32.3128 11.1131 17174.2 1126.79 16047.4 11419.1 7325.46 6742.47 455.608 288.503 4093.69
internal_count=316074 105823 104061 210251 76224 76210 71838 71097 69545 37559 31986 2859 35918 35318 34585 733 385 1967 1384 1291 487 134027 6924 127103 103902 49310 49258 9011 1623 54592
is_linear=0
shrinkage=0.03


Tree=64
num_leaves=31
num_cat=0
split_feature=1 3 4 0 8 3 7 8 8 0 4 8 3 0 9 8 6 8 8 4 8 8 7 0 3 8 0 3 8 8
split_gain=182.335 317.745 230.129 286.766 1275.31 509.8 298.645 229.242 190.343 162.985 238.122 184.059 225.731 214.851 446.256 251.498 246.169 135.688 228.659 181.06 203.747 228.831 130.591 234.694 143.417 107.71 105.633 175.532 105.26 212.521
threshold=1.0000000180025095e-35 12.500000000000002 11.500000000000002 1.5000000000000002 0.36666666666666675 1.0000000180025095e-35 1.0000000180025095e-35 0.83333333333333337 0.12132352941176472 1.5000000000000002 10.500000000000002 0.072751322751322761 4.5000000000000009 3.5000000000000004 1.0000000180025095e-35 0.014117725219239969 1.5000000000000002 0.04819976771196284 0.050423728813559332 1.0000000180025095e-35 0.30952380952380959 0.10263157894736843 2.5000000000000004 4.5000000000000009 24.500000000000004 0.83333333333333337 4.5000000000000009 4.5000000000000009 0.11437908496732027 0.21111111111111114
decision_type=2 2 2 2 2 2 2 2 2 2 2 2 2 2 2 2 2 2 2 2 2 2 2 2 2 2 2 2 2 2
left_child=1 2 3 7 17 6 25 8 -1 10 -2 13 -13 14 -11 22 -17 -5 -19 28 21 -21 26 -24 -25 -6 27 -15 -20 -30
right_child=9 -3 -4 4 5 -7 -8 -9 -10 11 -12 12 -14 15 -16 16 -18 18 19 20 -22 -23 23 24 -26 -27 -28 -29 29 -31
leaf_value=0.0075692834227163398 0.0085117160644132151 -0.054777074089901866 0.064152422982568069 -0.056384525623753595 -0.040093005023060783 -0.058324206762420033 0.040782931574748098 0.012465814319784338 -0.0082540057348158124 0.0071653679032164718 -0.06289191675892189 0.013856753344846049 0.028085873136476855 0.029982263955793401 -0.069811078721881983 0.032048747170533055 -0.074721860180485045 0.070506534028453027 0.022962806135063251 0.013487124064847623 0.027218302629122448 -0.055537555038908094 -0.07123097052054958 0.013149717133560562 -0.048419026288865671 -0.013291732638740745 0.044331426081040147 -0.02557644778373587 -0.075494341640882395 0.00039180845073711864
leaf_weight=47897.286776719848 6178.9377739623014 73.216432273431565 65.052371313882759 24.75408648874145 179.09450712180114 324.41990294118295 81.148695709183812 9380.3393543367274 694.11881672413438 229.57577960725757 42.321927073964616 3832.8102551177144 1359.2519765266625 191.14182473765686 96.177604745840654 29.468779563903809 57.075063277618028 63.0248219469795 167.3641286236234 158.92475773510523 846.58540992756025 59.376163684413768 32.443768800236285 905.85550189088099 35.380436770617962 547.56087920954451 194.05340379476547 69.893573384266347 35.12239261859213 611.20757434357074
leaf_count=104982 61120 3479 47 405 6141 4736 259 69536 8267 1417 1833 23177 4796 319 2115 2 786 21 767 462 1137 677 832 2563 185 10024 93 180 695 4873
internal_value=0.00837294 0.00768212 0.00775693 0.00769685 -0.00119509 -0.0265588 -0.0138016 0.00817213 0.00734325 0.0115631 0.00802597 0.0146919 0.0175819 0.00654185 -0.0155617 0.0112935 -0.0383657 0.0134093 0.0142991 0.0124134 0.0205547 -0.00528706 0.0143015 0.00810087 0.0108354 -0.0198973 0.027568 0.0151061 0.00175875 -0.00373194
internal_weight=74463 61208.6 61135.4 61070.3 3098.58 1132.22 807.804 57971.7 48591.4 13254.4 6221.26 7033.13 5192.06 1841.07 325.753 1515.31 86.5438 1966.36 1941.61 1878.58 1064.89 218.301 1428.77 973.68 941.236 726.655 455.089 261.035 813.694 646.33
internal_count=315926 216508 213029 212982 30197 21160 16424 182785 113249 99418 62953 36465 27973 8492 3532 4960 788 9037 8632 8611 2276 1139 4172 3580 2748 16165 592 499 6335 5568
is_linear=0
shrinkage=0.03


Tree=65
num_leaves=31
num_cat=0
split_feature=5 5 5 1 5 2 8 10 5 5 5 5 2 0 1 1 10 8 1 3 10 2 0 5 2 10 10 0 1 4
split_gain=360.367 741.92 426.79 530.343 374.001 414.625 296.386 432.599 424.838 364.438 585.359 306.445 299.663 289.909 1084.1 289.056 307.466 288.02 441.68 380.271 366.037 279.958 269.263 348.455 636.031 477.319 390.995 251.903 254.51 244.018
threshold=10.500000000000002 23.000000000000004 29.500000000000004 1.0000000180025095e-35 43.500000000000007 1.0000000180025095e-35 0.36666666666666675 0.87500000000000011 95.500000000000014 99.500000000000014 100.50000000000001 99.500000000000014 3.5000000000000004 1.5000000000000002 1.0000000180025095e-35 1.0000000180025095e-35 1.0000000180025095e-35 0.83333333333333337 1.0000000180025095e-35 1.0000000180025095e-35 0.70833333333333337 1.0000000180025095e-35 2.5000000000000004 8.5000000000000018 4.5000000000000009 0.29166666666666669 0.41666666666666669 1.5000000000000002 1.0000000180025095e-35 1.0000000180025095e-35
decision_type=2 2 2 2 2 2 2 2 2 2 2 2 2 2 2 2 2 2 2 2 2 2 2 2 2 2 2 2 2 2
left_child=22 -2 3 -3 -4 -6 9 8 12 15 -11 -10 17 -13 -15 -7 -17 19 -19 -8 -21 -5 23 -1 25 27 -26 -25 -29 -20
right_child=1 2 4 21 5 6 7 -9 11 10 -12 13 -14 14 -16 16 -18 18 29 20 -22 -23 -24 24 26 -27 -28 28 -30 -31
leaf_value=0.0059324194234725968 0.031368080252050491 0.0020607652076839772 0.033657944194501306 -0.031500928211697976 0.014193631957660678 0.034056360325715872 0.027004648152811696 -0.053352979120345957 0.031472785843001734 -0.046700963064443234 0.0097752163314275328 0.01247340297241788 0.011717315110217617 -0.076934685296483216 0.0045346788071643921 0.020848509021830858 -0.055620567890142712 -0.014994356928271608 -0.12601447168862973 -0.045798036943330123 0.02403989502089178 -0.13244174433978187 0.029222302209380744 0.0013744253222255211 -0.042394015620572649 -0.036109953485170716 0.031205225551500911 -0.047432432088421454 -0.0037192043068287237 -0.047330911448630004
leaf_weight=46940.557906877249 1379.2251782831736 2247.6404967848503 594.35008175007533 264.2230104021728 8568.7596223977162 871.66643211719929 269.41412877198309 129.36687716352753 446.20638227462769 179.77733439789154 2032.9976130704599 1894.234720201086 473.26883030956378 168.40823471661133 1156.5214142299083 139.68504671443952 71.568619517929619 724.65347649832256 45.722015409264714 198.70568417359027 102.32616693290765 27.282041243481217 426.04833865561523 1628.0019936133176 73.423954082652926 530.42251114547253 563.75941327936016 216.76032489642967 268.1850872260984 158.24584757728735
leaf_count=103978 158 24726 1840 6630 113423 1490 370 3519 49 663 4004 2595 1057 2079 3536 338 965 1894 249 1350 721 961 777 27685 393 2237 686 3642 2943 886
internal_value=0.00686902 0.0100613 0.00864609 -0.00287683 0.0102514 0.00946239 0.00498904 0.0008878 0.00213245 0.0121657 0.0051868 0.00817351 -0.0090942 0.00494401 -0.00582067 0.0264261 -0.00505772 -0.0156646 -0.025971 0.00111319 -0.0220589 -0.040948 0.00547327 0.0052718 -0.00418081 -0.0106663 0.0227242 -0.00427902 -0.0232581 -0.0649688
internal_weight=72791.4 22144.2 20765 2539.15 18225.9 17631.5 9062.77 5767.07 5637.71 3295.7 2212.77 3665.37 1972.34 3219.16 1324.93 1082.92 211.254 1499.07 928.621 570.446 301.032 291.505 50647.2 50221.1 3280.55 2643.37 637.183 2112.95 484.945 203.968
internal_count=315844 173503 173345 32317 141028 139188 25765 18305 14786 7460 4667 8259 6527 8210 5615 2793 1303 5470 3029 2441 2071 7591 142341 141564 37586 36507 1079 34270 6585 1135
is_linear=0
shrinkage=0.03


Tree=66
num_leaves=31
num_cat=0
split_feature=2 5 5 5 5 6 5 5 5 5 5 5 5 5 5 0 1 3 2 10 1 0 5 10 2 0 7 4 3 5
split_gain=219.967 166.66 266.861 402.54 521.475 410.988 173.921 256.56 143.023 700.163 165.385 771.066 476.045 345.956 499.157 331.628 331.143 240.489 229.713 316.792 235.321 222.102 515.029 299.75 614.472 214.234 204.875 193.995 182.383 261.792
threshold=12.500000000000002 185.00000000000003 162.50000000000003 129.50000000000003 114.50000000000001 1.5000000000000002 169.50000000000003 170.50000000000003 10.500000000000002 23.000000000000004 105.50000000000001 100.50000000000001 109.00000000000001 99.500000000000014 95.500000000000014 1.5000000000000002 1.0000000180025095e-35 13.500000000000002 1.0000000180025095e-35 1.0000000180025095e-35 1.0000000180025095e-35 1.5000000000000002 29.500000000000004 0.29166666666666669 4.5000000000000009 2.5000000000000004 4.5000000000000009 4.5000000000000009 8.5000000000000018 91.500000000000014
decision_type=2 2 2 2 2 2 2 2 2 2 2 2 2 2 2 2 2 2 2 2 2 2 2 2 2 2 2 2 2 2
left_child=1 2 3 4 8 -5 -4 -8 -1 -10 11 13 -12 14 17 -15 27 21 26 20 -20 23 -23 -11 -25 28 -14 -17 29 -24
right_child=-2 -3 6 5 -6 -7 7 -9 9 10 12 -13 18 15 -16 16 -18 -19 19 -21 -22 22 25 24 -26 -27 -28 -29 -30 -31
leaf_value=0.0064707106445572498 -0.060914068685064229 -0.036811699261770622 0.033800462061032127 -0.0005361203262002521 0.026644216108964613 -0.058670801510774175 -0.019042529151695586 0.029641473032361945 0.031338004092814883 0.0071974435868891202 -0.053264548123241856 0.039325477375603761 0.020874059288769016 0.0061586406416683009 0.033583491912172664 -0.068562596047973864 0.0051321883356045764 -0.04702516938462413 -0.010020064040458814 0.0019286819857004449 -0.08359980467045576 -0.035225757676192897 -0.015254084097375139 -0.025282613676236607 0.025065056850368368 -0.016615520226724492 -0.055291070074144924 -0.010902579103286455 0.047793668592109935 0.019550585545233243
leaf_weight=51513.105563027784 42.67950302362442 77.309751067499747 558.57092422246933 3920.1581197954365 1269.2788696819916 112.58962019917089 176.91675752680749 216.81585671054199 1244.044288191013 5440.9201366264606 138.90249967575073 723.65452981274575 716.54081102879718 476.79994414176326 688.89551283977926 178.92847606993746 145.64568788150791 73.157659176955349 87.219266970874742 1309.4111568850931 70.933135248953477 180.61548164609121 210.95002234898857 735.19377239106689 310.22275358706247 162.39796928572468 33.260202149045654 74.330797492933925 182.85996431700187 2494.5528220050328
leaf_count=142532 226 5543 55 38377 725 2275 1085 282 146 67581 640 79 15230 1666 69 1726 611 3360 136 2042 312 7598 2981 2434 188 1744 838 510 767 14635
internal_value=0.00717301 0.00721253 0.00725887 0.00705161 0.00759418 -0.00215917 0.0230365 0.00776618 0.00723432 0.00974307 0.00788201 0.00930025 0.000611579 0.00738682 0.0089005 -0.0107277 -0.0309114 0.00716378 0.00398654 -0.00291538 -0.0430214 0.00757173 0.0139974 0.00437055 -0.0103422 0.0169116 0.0174955 -0.0516396 0.0187967 0.0168368
internal_weight=73566.9 73524.2 73446.9 72494.6 68461.8 4032.75 952.304 393.733 67192.5 15679.4 14435.4 12079.1 2356.27 11355.5 10479.8 875.705 398.905 9790.87 2217.36 1467.56 158.152 9717.71 3231.38 6486.34 1045.42 3050.76 749.801 253.259 2888.36 2705.5
internal_count=316393 316167 310624 309202 268550 40652 1422 1367 267825 125293 125147 105949 19198 105870 101357 4513 2847 101288 18558 2490 448 97928 27725 70203 2622 20127 16068 2236 18383 17616
is_linear=0
shrinkage=0.03


Tree=67
num_leaves=31
num_cat=0
split_feature=4 4 2 2 3 5 5 4 5 1 5 8 1 4 2 0 3 2 4 5 5 5 3 5 1 5 6 0 5 5
split_gain=181.392 191.849 202.251 414.971 363.638 283.96 273.239 220.392 214.741 327.28 185.232 182.751 215.552 309.343 259.275 227.583 233.626 172.009 171.421 162.928 323.092 302.739 368.12 278.529 445.97 248.224 245.383 235.145 229.764 811.159
threshold=23.500000000000004 15.500000000000002 7.5000000000000009 5.5000000000000009 5.5000000000000009 162.50000000000003 169.50000000000003 2.5000000000000004 170.50000000000003 1.0000000180025095e-35 185.00000000000003 0.0033277962347729793 2.5000000000000004 14.500000000000002 3.5000000000000004 1.5000000000000002 8.5000000000000018 1.0000000180025095e-35 7.5000000000000009 161.00000000000003 114.50000000000001 136.50000000000003 1.0000000180025095e-35 154.00000000000003 1.0000000180025095e-35 151.50000000000003 1.5000000000000002 1.5000000000000002 105.50000000000001 100.50000000000001
decision_type=2 2 2 2 2 2 2 2 2 2 2 2 2 2 2 2 2 2 2 2 2 2 2 2 2 2 2 2 2 2
left_child=1 2 3 4 5 19 -7 -4 9 -8 -10 -6 14 -14 15 -13 -17 -11 -18 20 28 -22 23 24 -23 -26 -21 -24 29 -1
right_child=-2 -3 7 -5 11 6 8 -9 10 17 -12 12 13 -15 -16 16 18 -19 -20 26 21 22 27 -25 25 -27 -28 -29 -30 -31
leaf_value=0.0062583773447856868 -0.041149935233246296 0.023864602170703571 -0.044912258587482545 0.025675082535889827 0.024205037060541775 0.034765367611853053 0.010788633669780886 -0.0016690408221545431 0.036163931062583241 -0.032813602021551563 -0.036304808010974882 -0.056724062545632579 -0.10876145252854155 0.014893522848820964 0.0085904816101859335 -0.042513667080917347 0.047699340032866244 -0.14703821344880957 -0.01897469243542857 0.00053454858791566757 0.032468918666995444 -0.035026265559483905 -0.34779137910550195 0.051449809282817276 0.020439499459334615 -0.057102009010330024 -0.063668658772641995 -0.040443905981509723 -0.0057173621403683568 0.04043195090173192
leaf_weight=62318.583441058057 71.637295451640966 575.45830832107458 127.44695182047144 1015.8524348812643 106.81635913078208 609.84551794826984 64.937179815024137 632.45714515904547 140.20492315292358 22.600495668128133 41.034063576487824 154.39981362590333 50.905310141970403 28.347117491066456 303.89542761282064 112.9654265956633 72.023949460271979 24.97910175845027 66.9793495550839 2723.828184951155 833.05427443608642 204.98143394559156 4.1776900056283903 125.30806881189346 610.68256637023296 39.562070793705061 54.651303064194508 4.8311722904327326 1392.8705484777456 631.46056987624615
leaf_count=236674 2077 4720 1784 626 82 53 204 1480 10 447 4920 1474 274 21 716 3247 184 155 1535 24638 140 3617 142 6 5883 1007 1190 749 17703 69
internal_value=0.00656431 0.00661107 0.00647416 0.00663719 0.00636382 0.00660747 0.0233158 -0.00892156 -0.000453694 -0.0330075 0.0197564 -0.012623 -0.0176056 -0.0645324 -0.0123694 -0.0280439 -0.0104695 -0.0927811 0.0155722 0.00638848 0.00668734 0.0191432 0.00792483 0.00967872 0.0035584 0.0157217 -0.000728296 -0.182971 0.00633451 0.00660118
internal_weight=73166.8 73095.1 72519.7 71759.8 70743.9 69847.6 903.601 759.904 293.756 112.517 181.239 896.333 789.516 79.2524 710.264 406.369 251.969 47.5796 139.003 68944 66165.5 1822.6 989.543 980.534 855.226 650.245 2778.48 9.00886 64342.9 62950
internal_count=315827 313750 309030 305766 305140 297607 5789 3264 5736 806 4930 7533 7451 295 7156 6440 4966 602 1719 291818 265990 11544 11404 10513 10507 6890 25828 891 254446 236743
is_linear=0
shrinkage=0.03


Tree=68
num_leaves=31
num_cat=0
split_feature=5 5 2 3 8 3 2 8 5 5 3 4 5 2 4 1 9 5 5 2 1 2 7 8 8 8 2 5 2 4
split_gain=273.84 282.213 234.421 426.057 694.905 211.003 351.695 262.863 185.066 552.074 244.744 176.097 155.446 347.517 302.426 191.906 176.009 144.348 348.03 197.711 151.539 144.196 135.899 130.078 335.094 128.407 125.182 118.638 140.989 105.502
threshold=162.50000000000003 185.00000000000003 3.5000000000000004 5.5000000000000009 0.0055071145146207709 1.5000000000000002 4.5000000000000009 0.23611111111111113 136.50000000000003 114.50000000000001 3.5000000000000004 3.5000000000000004 114.50000000000001 5.5000000000000009 14.500000000000002 2.5000000000000004 2.5000000000000004 169.50000000000003 170.50000000000003 2.5000000000000004 1.0000000180025095e-35 7.5000000000000009 4.5000000000000009 0.36666666666666675 0.58333333333333337 0.83333333333333337 1.0000000180025095e-35 99.500000000000014 6.5000000000000009 9.5000000000000018
decision_type=2 2 2 2 2 2 2 2 2 2 2 2 2 2 2 2 2 2 2 2 2 2 2 2 2 2 2 2 2 2
left_child=2 17 3 8 -5 6 -4 12 9 22 25 -12 13 14 -7 21 -17 -2 19 20 -19 -15 -1 27 -25 -10 -22 -9 -29 -18
right_child=1 -3 5 4 -6 7 -8 23 10 -11 11 -13 -14 15 -16 16 29 18 -20 -21 26 -23 -24 24 -26 -27 -28 28 -30 -31
leaf_value=0.005371760288091762 0.033769980466756305 -0.036347316350348095 0.012850217084861807 0.029884514384048239 -0.049396038087737286 -0.11782193401658637 -0.047948228055687138 0.041217386533815271 -0.031166875489622024 0.031997216216872348 -0.16350578441377453 -0.033385524382920029 0.016855087808665164 0.015633310422272586 -0.0036106210960848099 0.023936197393503628 0.0072605724680681397 -0.0099529446401804434 0.032109379500431696 0.016186257268214044 -0.032595765287947942 -0.050136549901183616 -0.054294609117001714 -0.036352719423672929 0.020137974605778316 0.0010699570209183795 -0.12749130801607184 0.030546707099516644 -0.055377424593676138 -0.049215667037069845
leaf_weight=63216.624061709968 616.10033360123634 73.3894461235177 242.17677236860618 146.81940457021119 308.74738851080474 43.909533584141172 132.46779418525693 399.50343915238045 115.05759925523307 706.99434746801853 10.350804079615044 97.851003710209625 425.02981489838567 44.317174726165831 39.760996140539646 306.8304748578812 64.130229860544205 41.784115891903639 261.95004122052342 64.004396476317197 21.835412445478141 92.874897636123933 34.374528152984567 99.815542718250072 1776.3093345693487 3321.6811371112708 29.297698728740215 48.556640300783329 26.603331797698047 55.561500143259764
leaf_count=252968 59 5438 335 121 7842 262 1676 299 8363 122 251 808 314 98 74 217 64 217 281 238 450 875 861 1695 3865 27466 165 58 290 245
internal_value=0.00570299 0.0205009 0.00547441 0.00506906 -0.0238456 0.0127278 -0.00864705 0.0150672 0.0052642 0.00563401 -0.00140797 -0.0458331 0.00275894 -0.00649566 -0.0635477 0.00197241 0.0118997 0.024532 0.0109442 -0.0243869 -0.052335 -0.0288909 0.00533933 0.0206821 0.0171325 -9.29073e-06 -0.086968 0.034712 0.000133335 -0.018956
internal_weight=72864.7 1108.36 71756.3 67958.5 455.567 3797.85 374.645 3423.2 67502.9 63958 3544.94 108.202 1072.41 647.385 83.6705 563.714 426.522 1034.97 418.872 156.922 92.9172 137.192 63251 2350.79 1876.12 3436.74 51.1331 474.663 75.16 119.692
internal_count=316017 6848 309169 298802 7963 10367 2011 8356 290839 253951 36888 1059 2149 1835 336 1499 526 1410 1351 1070 832 973 253829 6207 5560 35829 615 647 348 309
is_linear=0
shrinkage=0.03


Tree=69
num_leaves=31
num_cat=0
split_feature=2 3 3 10 5 5 5 5 5 5 5 5 5 5 2 0 9 5 5 5 3 10 2 5 0 5 6 5 5 0
split_gain=297.525 541.526 331.712 374.78 285.127 484.857 607.554 483.742 865.586 455.907 280.485 267.901 258.656 385.454 209.568 197.373 194.013 235.957 192.517 703.301 278.314 330.883 257.334 247.509 243.354 188.677 182.621 178.545 478.914 300.382
threshold=4.5000000000000009 1.5000000000000002 5.5000000000000009 0.87500000000000011 162.50000000000003 136.50000000000003 114.50000000000001 105.50000000000001 100.50000000000001 144.00000000000003 151.50000000000003 169.50000000000003 154.00000000000003 161.00000000000003 1.0000000180025095e-35 1.5000000000000002 3.5000000000000004 115.50000000000001 94.500000000000014 91.500000000000014 4.5000000000000009 0.29166666666666669 2.5000000000000004 97.500000000000014 1.5000000000000002 109.00000000000001 1.5000000000000002 95.500000000000014 99.500000000000014 1.5000000000000002
decision_type=2 2 2 2 2 2 2 2 2 2 2 2 2 2 2 2 2 2 2 2 2 2 2 2 2 2 2 2 2 2
left_child=2 -2 4 -4 5 6 7 8 18 -7 -11 -6 14 -14 -12 -5 -3 -18 19 -1 21 27 -23 24 -24 -9 -15 -20 -29 -30
right_child=1 16 3 15 11 9 -8 25 -10 10 12 -13 13 26 -16 -17 17 -19 20 -21 -22 22 23 -25 -26 -27 -28 28 29 -31
leaf_value=0.0051162601538222597 -0.042981172956649667 0.018478768116764611 -0.033203234133718562 -0.059422818879113708 0.034714207725773515 -0.029066391931956075 0.031800579835424662 -0.052044732626046974 0.04060083951332815 0.051026118048745558 -0.034424044756462054 -0.0011927483163425444 0.050305813789267281 -0.0026634299922268195 -0.16520225058985955 0.022285817925131672 -0.08056082760038602 0.011427004567708824 -0.0027726092884987046 0.044845366559523883 0.017079326830010459 -0.015638952298774194 -0.17380826848950384 0.0053222749957926134 -0.050235628381332699 -0.0098825646566818772 -0.060417597519147132 0.034382246961493494 0.0098829222215699522 -0.034543494530045349
leaf_weight=54718.655804698006 142.38320787443081 2781.9686446129344 432.65763707140286 30.172548905786243 539.38488626480103 643.74287593574263 759.54821224883199 103.72229482233524 615.12703423202038 89.726208551321179 63.534657248528674 286.25333462399431 124.24916350841522 2611.7366872454877 13.344179527339291 225.15081515243219 39.796480588614941 67.943414025008678 4016.0153521467 403.98064134642482 749.59042123379186 500.96148090343922 26.511921040713787 25.458798743318766 31.247811878100038 1208.6647051746259 50.222556262509897 452.05392611585557 366.31115128239617 218.78004809049889
leaf_count=176046 1745 7449 6736 701 48 9169 130 430 68 433 1278 5719 6 24511 508 1612 221 61 54647 13 943 1407 212 44 195 17169 1181 46 1350 1704
internal_value=0.00493634 0.0141348 0.00453391 -0.0161936 0.00474173 0.00452832 0.00512883 0.00480948 0.00519025 -0.00619052 -0.00120335 0.0222651 -0.00284017 -0.00134234 -0.0571238 0.01263 0.016949 -0.022551 0.00483612 0.00540743 -9.4517e-05 -0.0023781 -0.0237543 -0.072607 -0.106956 -0.0132148 -0.00375306 9.3127e-05 0.0111898 -0.00672921
internal_weight=72338.9 3032.09 69306.8 687.981 68618.8 67793.2 64196.6 63437.1 62124.7 3596.56 2952.81 825.638 2863.09 2786.21 76.8788 255.323 2889.71 107.74 61509.6 55122.6 6386.93 5637.34 584.18 83.2185 57.7597 1312.39 2661.96 5053.16 1037.15 585.091
internal_count=315782 9476 306306 9049 297257 291490 254404 254274 236675 37086 27917 5767 27484 25698 1786 2313 7731 282 236607 176059 60548 59605 1858 451 407 17599 25692 57747 3100 3054
is_linear=0
shrinkage=0.03


Tree=70
num_leaves=31
num_cat=0
split_feature=8 8 2 3 8 3 2 5 6 3 0 8 5 5 1 8 8 3 8 5 5 5 4 4 5 1 8 1 6 0
split_gain=249.885 891.779 269.67 969.144 271.438 256.257 332.653 238.076 211.2 198.673 386.2 226.218 193.899 617.469 448.474 744.146 303.053 405.288 300.311 168.18 203.506 167.918 154.524 141.739 528.145 284.041 180.58 129.221 190.896 153.71
threshold=0.04819976771196284 0.0084955762857641236 3.5000000000000004 5.5000000000000009 0.050423728813559332 1.5000000000000002 4.5000000000000009 162.50000000000003 6.5000000000000009 4.5000000000000009 2.5000000000000004 0.45000000000000007 27.500000000000004 10.500000000000002 1.0000000180025095e-35 0.83333333333333337 0.36666666666666675 1.5000000000000002 0.12132352941176472 169.50000000000003 170.50000000000003 185.00000000000003 3.5000000000000004 1.5000000000000002 95.500000000000014 1.0000000180025095e-35 0.83333333333333337 1.5000000000000002 1.5000000000000002 1.5000000000000002
decision_type=2 2 2 2 2 2 2 2 2 2 2 2 2 2 2 2 2 2 2 2 2 2 2 2 2 2 2 2 2 2
left_child=1 -1 3 4 -2 6 -4 9 -3 12 11 -11 13 14 15 18 -16 27 -6 -9 -21 -22 -19 -14 25 26 -25 28 29 -18
right_child=2 8 5 -5 7 -7 -8 19 -10 10 -12 -13 23 -15 16 -17 17 22 -20 20 21 -23 -24 24 -26 -27 -28 -29 -30 -31
leaf_value=0.0043448648604231099 0.041886522821695436 -0.061418305114427509 0.012816047192841384 -0.046936818386974513 0.010169625724495274 0.019419604353960628 -0.048753491327500793 0.034338898080638933 0.0085955962560897922 0.027894975167015959 0.07177215383359957 0.0039023234217574411 0.0049298665397602449 0.030594078240098879 0.029651915299814039 0.0069101241795918502 0.004056300618744825 -0.090529446344475462 -0.052407918291618297 -0.024239779044465722 0.034465574701634742 -0.035736410939043534 -0.009429107144150425 -0.046046883244910727 0.0096153872270938467 -0.058058949883635864 -0.0048090163604750501 0.048966386161759932 0.037602731167300778 -0.047948523970839513
leaf_weight=47532.187200938701 202.83752177353017 230.41947287981748 236.79262338217814 300.2013186403492 85.426762879826128 2639.3311550065991 118.50049898348516 478.1117724776268 46.622455216944218 552.31906301376875 105.86690894741332 983.4273401669343 12354.535645239812 1086.0879729944281 702.08274788688868 915.42675662273541 607.211106415838 52.256441835314035 359.38060752255842 122.3542120102793 196.90785503387451 36.32130753970705 35.514139330014586 121.1207238570787 1045.5255669353064 166.05115844402462 453.03014039807022 70.102577447891235 145.6758385617286 55.856731622479856
leaf_count=109209 118 3594 332 7744 195 7723 1627 47 49 608 178 1800 134852 1390 1332 16186 11002 270 4117 794 16 4829 68 1064 2103 1029 888 117 489 1871
internal_value=0.00528988 0.00403206 0.0077719 0.00658331 0.00735083 0.0161998 -0.00771917 0.00701291 -0.0496359 0.00635482 0.0163515 0.0125311 0.00545587 0.0111872 0.00422849 -0.00855729 0.0146508 0.003755 -0.0403897 0.0227188 0.00709457 0.0235329 -0.0577143 0.00378796 -0.00411232 -0.0235025 -0.0135084 0.00989395 0.00650712 -0.000324578
internal_weight=72037.5 47809.2 24228.3 21233.6 20933.4 2994.62 355.293 20730.6 277.042 19896.9 1641.61 1535.75 18255.3 4115.02 3028.93 1360.23 1668.7 966.617 444.807 833.695 355.583 233.229 87.7706 14140.3 1785.73 740.202 574.151 878.846 808.744 663.068
internal_count=315641 112852 202789 193107 185363 9682 1959 185245 3643 179559 2586 2408 176973 37037 35647 20498 15149 13817 4312 5686 5639 4845 338 139936 5084 2981 1952 13479 13362 12873
is_linear=0
shrinkage=0.03


Tree=71
num_leaves=31
num_cat=0
split_feature=5 3 5 3 5 6 5 5 9 5 8 3 0 9 1 5 5 1 0 3 9 4 1 5 5 5 5 5 8 0
split_gain=241.608 292.601 162.636 122.603 147.12 382.345 331.611 341.531 477.015 312.135 139.587 131.58 114.64 113.611 327.858 89.5762 376.25 295.334 86.2591 416.544 297.787 177.883 175.698 122.519 849.371 404.518 278.368 485.794 289.657 284.113
threshold=162.50000000000003 5.5000000000000009 185.00000000000003 20.500000000000004 129.50000000000003 1.5000000000000002 120.50000000000001 119.50000000000001 1.0000000180025095e-35 114.50000000000001 0.83333333333333337 29.500000000000004 1.5000000000000002 3.5000000000000004 2.5000000000000004 169.50000000000003 170.50000000000003 1.0000000180025095e-35 4.5000000000000009 12.500000000000002 1.5000000000000002 11.500000000000002 1.5000000000000002 105.50000000000001 100.50000000000001 109.00000000000001 99.500000000000014 95.500000000000014 0.83333333333333337 1.5000000000000002
decision_type=2 2 2 2 2 2 2 2 2 2 2 2 2 2 2 2 2 2 2 2 2 2 2 2 2 2 2 2 2 2
left_child=3 2 15 4 6 10 7 9 -9 13 -6 12 -5 18 -15 -2 17 -17 19 20 21 23 -20 24 26 -25 27 -1 -28 -30
right_child=1 -3 -4 11 5 -7 -8 8 -10 -11 -12 -13 -14 14 -16 16 -18 -19 22 -21 -22 -23 -24 25 -26 -27 28 -29 29 -31
leaf_value=0.005808655336671212 0.034054364965870831 -0.04121633235806077 -0.035920912791854311 -0.03481846773562295 -0.031238409725896626 -0.055808563619810792 0.034184294552167281 0.011855592186379306 -0.095287441937032397 0.031828757264328482 0.0027698152835175407 -0.039238340605179091 0.026424700208387532 0.035907885904360899 -0.071717313558108675 0.012704475664971288 0.036059038539620614 -0.084003052991625332 0.063907845340042402 -0.067339508976472048 -0.070041581189642668 0.055081142700033614 0.011613337627656858 -0.051182007654627985 0.039324569537390199 0.0025169575105011403 -0.031335679436671794 0.033602843873556332 0.014554560872248103 -0.04978395413915819
leaf_weight=62593.925169003909 593.19858372211456 65.095353196113138 38.61589161248412 29.049788337084465 111.90731634288386 106.69466689549154 378.48818826675415 78.474252929911017 71.446507412940264 422.5501805273816 3700.0522531513125 32.187939351890236 518.38473686002544 44.732403479516506 59.170589557848871 65.033753618597984 246.41552495956421 50.482213544659317 65.556119134649634 69.790371787908953 46.328533726802561 66.509954433713574 490.15623894124292 139.37834230810404 688.84750366210938 1340.9209076952538 366.95507151901256 571.12494373880327 389.51137221977115 73.41464896465186
leaf_count=239986 58 1088 4919 2852 9530 2239 29 82 341 38 27697 210 2272 37 1091 197 17 611 31 1044 1453 46 1816 664 79 13827 2977 60 475 480
internal_value=0.00617458 0.0204015 0.0244378 0.00596668 0.00585586 0.000203687 0.00618178 0.00602495 -0.0392047 0.00612551 0.00177144 0.0197088 0.0231748 0.00596342 -0.0253824 0.0268781 0.0151163 -0.0295582 0.0060121 0.00591352 0.00599065 0.00604384 0.0177824 0.00599454 0.00618984 -0.0025391 0.00583317 0.00605996 -0.0114287 0.00435123
internal_weight=73514.4 1058.84 993.746 72455.6 71875.9 3918.65 67957.3 67578.8 149.921 67428.9 3811.96 579.622 547.435 67006.3 103.903 955.13 361.931 115.516 66902.4 66346.7 66276.9 66230.6 555.712 66164.1 64683.8 1480.3 63994.9 63165.1 829.881 462.926
internal_count=316246 6890 5802 309356 304022 39466 264556 264527 423 264104 37227 5334 5124 264066 1128 883 825 808 262938 261091 260047 258594 1847 258548 244057 14491 243978 240046 3932 955
is_linear=0
shrinkage=0.03


Tree=72
num_leaves=31
num_cat=0
split_feature=2 5 2 3 5 3 8 5 5 10 8 5 5 0 4 3 5 8 3 5 5 8 8 2 5 5 4 0 5 5
split_gain=371.012 286.236 265.633 551.245 264.728 188.749 235.681 160.547 667.421 305.328 227.842 204.31 588.734 646.935 424.9 256.548 249.827 244.914 222.233 245.852 200.851 196.142 257.146 195.769 188.074 185.672 167.838 166.661 157.659 361.546
threshold=11.500000000000002 162.50000000000003 4.5000000000000009 1.5000000000000002 185.00000000000003 5.5000000000000009 0.0053262411347517738 10.500000000000002 23.000000000000004 0.29166666666666669 0.36666666666666675 95.500000000000014 105.50000000000001 1.5000000000000002 4.5000000000000009 1.0000000180025095e-35 109.00000000000001 0.83333333333333337 4.5000000000000009 89.000000000000014 114.50000000000001 0.04819976771196284 0.0081577196095829665 2.5000000000000004 84.000000000000014 142.50000000000003 2.5000000000000004 1.5000000000000002 37.500000000000007 29.500000000000004
decision_type=2 2 2 2 2 2 2 2 2 2 2 2 2 2 2 2 2 2 2 2 2 2 2 2 2 2 2 2 2 2
left_child=1 2 5 -4 -3 7 -7 9 -9 -1 21 15 14 16 -13 -12 -14 -18 19 -17 -15 22 -10 26 -23 -26 -11 -20 29 -8
right_child=-2 4 3 -5 -6 6 28 8 10 23 11 12 13 20 -16 18 17 -19 27 -21 -22 24 -24 -25 25 -27 -28 -29 -30 -31
leaf_value=0.0048238773780525396 -0.060738113805495757 0.025172889185736579 -0.045737638592743386 0.017778736126739199 -0.035669736330094695 0.022019650676451744 -0.024370823258154789 0.031003030819135732 0.0088296342684288584 -0.049673764567799442 0.004215090002933056 0.0209678355710094 -0.05157495298697156 -0.057233948729350094 0.087899377102735127 0.0043819739786611026 -0.059674595860367934 0.0099018372854301415 -0.005912306906338022 -0.027674156487685099 -0.015472018323921524 -0.031222237339416623 -0.038524579782799037 -0.060921865695495847 0.01924721243554136 -0.031314502978821941 -0.0022437989951835944 0.029361493526944112 -0.035895871445227948 0.057278233463100868
leaf_weight=49900.06554755196 75.316851302981377 1003.0542999785393 129.03248990644352 2619.37658662381 68.774413795094006 155.29860301077133 186.28986357830581 1057.3666639328003 421.23541489377385 80.708308363333344 5731.4031509454362 1419.1253866390325 62.048831284046173 125.79784867633134 90.825876262038946 310.79598470497876 46.069906629971229 3911.6890082340688 356.01262157945894 700.96522708004341 588.61756449361565 71.735972928348929 136.69813595514279 79.921746182255447 2636.257786689559 67.027029292657971 399.62541734939441 182.2718409281224 272.10332006656972 66.138112190878019
leaf_count=138776 398 1385 1726 6675 5511 171 2792 137 4295 311 78367 1912 255 2633 36 981 1406 30851 584 2409 7441 3062 2791 306 8696 4957 762 560 5474 210
internal_value=0.00581136 0.00588014 0.00565043 0.0147968 0.0212689 0.00528641 -0.0104431 0.0054428 0.00788243 0.00457661 0.00643232 0.00470105 0.00868266 0.0034803 0.0249939 0.00128664 0.0081555 0.00909194 -0.00954153 -0.0178271 -0.0228257 0.013458 -0.00277252 -0.0174469 0.0167213 0.0179936 -0.0102132 0.00603197 -0.0200544 -0.00297813
internal_weight=72951.6 72876.3 71804.5 2748.41 1071.83 69056.1 679.83 68376.3 17915.9 50460.3 16858.6 13525.6 6244.17 4734.22 1509.95 7281.45 4019.81 3957.76 1550.05 1011.76 714.415 3332.95 557.934 560.255 2775.02 2703.28 480.334 538.284 524.531 252.428
internal_count=315870 315472 308576 8401 6896 300175 8647 291528 151373 140155 151236 127435 44534 42586 1948 82901 32512 32257 4534 3390 10074 23801 7086 1379 16715 13653 1073 1144 8476 3002
is_linear=0
shrinkage=0.03


Tree=73
num_leaves=31
num_cat=0
split_feature=5 5 5 5 5 6 5 9 2 2 10 10 10 8 5 5 5 5 2 4 4 5 5 6 0 0 6 4 2 5
split_gain=290.926 383.038 542.407 640.03 426.095 316.403 282.264 232.258 226.461 204.77 505.509 261.618 185.178 183.528 167.215 299.775 229.413 379.581 220.177 158.31 150.692 147.438 285.223 185.703 270.557 156.156 281.949 140.636 179.383 140.627
threshold=162.50000000000003 129.50000000000003 10.500000000000002 27.500000000000004 120.50000000000001 1.5000000000000002 169.50000000000003 3.5000000000000004 4.5000000000000009 4.5000000000000009 0.29166666666666669 0.41666666666666669 0.58333333333333337 0.0040941701029199784 144.00000000000003 151.50000000000003 154.00000000000003 161.00000000000003 1.0000000180025095e-35 2.5000000000000004 2.5000000000000004 8.5000000000000018 1.0000000180025095e-35 1.5000000000000002 2.5000000000000004 1.5000000000000002 1.0000000180025095e-35 1.0000000180025095e-35 1.5000000000000002 170.50000000000003
decision_type=2 2 2 2 2 2 2 2 2 2 2 2 2 2 2 2 2 2 2 2 2 2 2 2 2 2 2 2 2 2
left_child=1 2 9 -4 7 8 -2 -5 14 10 21 19 29 -9 -3 -16 18 -18 -17 -11 -12 22 25 24 27 26 -1 -23 -29 -8
right_child=6 5 3 4 -6 -7 12 13 -10 11 20 -13 -14 -15 15 16 17 -19 -20 -21 -22 23 -24 -25 -26 -27 -28 28 -30 -31
leaf_value=0.003878603344753916 0.034028152610356938 -0.018889093658164557 0.030605107321896467 0.0075407815070335426 0.03588524647711188 -0.054876826665495509 -0.013625932301748422 0.0053195878788281428 0.023507619876188386 -0.063380086439148442 -0.056217427889254823 0.028638777561027475 -0.04697693832519919 -0.065766801165942482 0.052722337310169405 -0.034442597618867699 0.049396688089593195 -0.0046484974885079456 -0.18098554139050127 0.017929244868216603 -0.016671879101691447 -0.01295569851852291 0.038089466706824823 0.020577187621790401 0.052565060555825195 0.048890840749181971 -0.051084689185893886 -0.035264500860953972 0.012637831463433178 0.023975930335900387
leaf_weight=46463.183992475271 593.63375674188137 644.8150840945018 1228.3278626472893 14578.882915392212 480.71087312698364 109.04541937411705 142.43627549242228 61.376802647020668 268.79600964319252 48.705931494012475 102.8364528445527 528.5979069119785 59.262749689747579 69.926760369678959 87.299821380263893 63.34669783199206 122.17756663262844 2738.1793673190841 10.800813766734789 38.655104770325124 553.48760865221266 1552.4596653247718 219.94793422520161 255.18590120133013 67.611250912770629 69.16247920691967 84.149981319904327 83.696227591717616 441.47737590083852 240.92433995849569
leaf_count=103454 60 9108 1801 122971 31 2274 790 235 1724 408 424 710 1035 1023 407 1155 4 25389 459 30 1980 32771 15 1244 48 27 370 277 458 5031
internal_value=0.00472738 0.00449697 0.00503875 0.00977557 0.00809131 -0.00446846 0.0205083 0.00718304 -0.00307171 0.00349893 0.00328669 0.0206905 0.00237578 -0.032538 -0.00502021 -0.00206076 -0.00369053 -0.00234001 -0.055789 -0.0274027 -0.0228681 0.00363533 0.00400698 -0.00361618 -0.00649408 0.00384617 0.00377924 -0.00841601 0.0050037 0.0100051
internal_weight=72009.1 70972.8 66928.4 16419.2 15190.9 4044.46 1036.26 14710.2 3935.42 50509.2 49893.2 615.959 442.623 131.304 3666.62 3021.8 2934.5 2860.36 74.1475 87.361 656.324 49236.9 46836.4 2400.43 2145.24 46616.5 46547.3 2077.63 525.174 383.361
internal_count=315713 308797 268277 126061 124260 40520 6916 124229 38246 142216 141068 1148 6856 1258 36522 27414 27007 25393 1614 438 2404 138664 103866 34798 33554 103851 103824 33506 735 5821
is_linear=0
shrinkage=0.03


Tree=74
num_leaves=31
num_cat=0
split_feature=5 5 5 5 1 5 5 5 5 5 2 2 5 5 2 3 9 1 1 2 2 10 3 2 2 3 2 5 5 1
split_gain=227.706 779.102 221.924 511.56 298.472 233.345 405.842 445.134 302.63 473.95 225.556 219.302 202.578 544.399 194.051 258.283 294.086 420.666 191.055 675.186 181.252 170.782 189.418 153.482 150.313 216.964 149.359 148.203 197.383 147.008
threshold=10.500000000000002 27.500000000000004 30.500000000000004 94.500000000000014 1.0000000180025095e-35 95.500000000000014 99.500000000000014 100.50000000000001 105.50000000000001 109.00000000000001 11.500000000000002 2.5000000000000004 91.500000000000014 89.000000000000014 1.0000000180025095e-35 4.5000000000000009 1.0000000180025095e-35 1.0000000180025095e-35 1.0000000180025095e-35 1.0000000180025095e-35 4.5000000000000009 0.41666666666666669 3.5000000000000004 4.5000000000000009 1.5000000000000002 1.0000000180025095e-35 1.5000000000000002 185.00000000000003 162.50000000000003 5.5000000000000009
decision_type=2 2 2 2 2 2 2 2 2 2 2 2 2 2 2 2 2 2 2 2 2 2 2 2 2 2 2 2 2 2
left_child=18 -2 4 12 -3 11 -7 23 -9 -10 27 14 13 -4 -5 16 17 21 19 -1 -20 -16 26 -8 -19 -26 -23 28 -11 -12
right_child=1 2 3 5 -6 6 7 8 9 10 29 -13 -14 -15 15 -17 -18 24 20 -21 -22 22 -24 -25 25 -27 -28 -29 -30 -31
leaf_value=0.0038161035349785757 0.030368568901222037 0.001688579427344157 0.034839651409980389 0.0022601300639924177 -0.028846974436863765 0.033188861930419707 -0.010011120987921958 0.030771921676487377 -0.049675254789874682 0.0076536869454800257 -0.060601801254620058 0.011796546186809472 0.043646811215624838 -0.014120064437105374 -0.023526653019996929 0.0086349733806865229 0.041023572704300848 -0.078889608496013244 0.0082159992222660596 -0.022811603418602583 0.03025753935640255 0.032270368958742225 -0.041085000996318552 -0.053677395116209316 -0.0071081088908063793 -0.074308136024146376 -0.018060841583646868 -0.035523332050234793 0.022553745176231463 0.022655070640977992
leaf_weight=47708.297589398222 1253.1684565017349 2317.4202441593516 581.8020334423054 2787.8443244379014 328.99359326288686 561.87915600650012 728.12330253666732 534.29881299519911 128.50523394718766 7533.6880705751246 68.883590552955866 1260.2067333631567 385.34897031635046 315.10376847253065 401.13901006476954 428.46157402251265 69.067222580313683 119.99023050209507 1749.9299109461717 872.71198681322858 415.49262926797383 179.42872907500714 61.998750460334122 80.449330583564006 102.6572842374444 74.708646249491721 75.34716041944921 67.107421139095095 895.24256295524538 26.403494842350483
leaf_count=123038 1809 25820 731 52222 6821 66 3645 75 627 59692 364 3581 14 4370 1023 2819 34 640 15952 3058 496 191 270 859 207 408 196 5512 1409 24
internal_value=0.00482027 0.00741821 0.00598833 0.00721488 -0.0021075 0.00576985 0.00837584 0.00699033 0.00885543 0.00751252 0.0083679 0.000790832 0.025455 0.017639 -0.00243415 -0.0110849 -0.018877 -0.0229519 0.00372639 0.00333776 0.0124452 -0.0105239 0.0059417 -0.0143557 -0.0529572 -0.0354136 0.0173855 0.00888269 0.00923623 -0.0375318
internal_weight=72113.7 21367.3 20114.1 17467.7 2646.41 16185.4 10624.6 10062.7 9254.13 8719.83 8591.33 5560.85 1282.25 896.906 4300.64 1512.8 1084.34 1015.27 50746.4 48581 2165.42 717.914 316.775 808.573 297.356 177.366 254.776 8496.04 8428.93 95.2871
internal_count=315973 173429 171620 138979 32641 133864 72273 72207 67703 67628 67001 61591 5115 5101 58010 5788 2969 2935 142544 126096 16448 1680 657 4504 1255 615 387 66613 61101 388
is_linear=0
shrinkage=0.03


Tree=75
num_leaves=31
num_cat=0
split_feature=5 5 5 5 1 1 3 2 4 0 6 5 8 8 8 2 5 9 2 3 5 8 4 5 2 1 4 8 5 8
split_gain=226.528 275.061 184.244 257.474 146.641 171.144 129.019 154.15 131.381 128.141 170.024 267.401 230.983 176.761 156.143 147.61 118.578 206.481 198.634 200.227 142.383 273.594 125.854 118.483 145.066 136.315 114.914 117.497 114.806 114.187
threshold=162.50000000000003 169.50000000000003 170.50000000000003 172.50000000000003 1.0000000180025095e-35 2.5000000000000004 4.5000000000000009 7.5000000000000009 2.5000000000000004 3.5000000000000004 1.5000000000000002 9.5000000000000018 0.83333333333333337 0.0047337344402989265 0.0081577196095829665 1.0000000180025095e-35 119.50000000000001 3.5000000000000004 4.5000000000000009 5.5000000000000009 120.50000000000001 0.0022650085675295765 16.500000000000004 142.50000000000003 3.5000000000000004 1.0000000180025095e-35 1.5000000000000002 0.0055814001786048065 96.500000000000014 0.0058337398327869229
decision_type=2 2 2 2 2 2 2 2 2 2 2 2 2 2 2 2 2 2 2 2 2 2 2 2 2 2 2 2 2 2
left_child=6 -2 4 -4 -3 -6 7 9 -9 10 -1 -12 13 -13 -11 -15 17 -8 19 23 21 -20 -22 -18 25 -25 28 -28 -17 -30
right_child=1 2 3 -5 5 -7 16 8 -10 14 11 12 -14 15 -16 26 18 -19 20 -21 22 -23 -24 24 -26 -27 27 -29 29 -31
leaf_value=0.0048313557436600154 0.033451949511179906 0.0063987547048599243 0.036632011220530739 -0.022939118720624152 -0.077563612489882111 0.031846212515032071 0.013010516011962207 -0.043067367353444325 5.9790024103285586e-05 0.028166378221482279 -0.15129756780516007 -0.089105795554873871 -0.035219005212705608 -0.031336814713555365 -0.0057753104345617656 0.032732067083658882 0.026924171913874296 -0.043295785790800602 0.034195112183763789 -0.065483184955100832 0.025694769289957405 -0.064974236306978822 -0.037831041813132203 -0.030959242789096206 0.023901395845737975 -0.14590023735359695 0.030554791651899647 -0.030509739750823779 0.024582980261032072 -0.05656962653315848
leaf_weight=66022.773250163649 555.47316931188107 66.489251498132944 183.45480108261108 101.38587265482056 60.78034676425159 16.323053173720837 3640.1408310412953 110.95064474536048 148.87788703775732 431.76883320952766 11.80510944011621 18.131557513319422 195.52282809000462 79.546994142350741 170.01482140203007 239.33978296839632 61.04577612131834 59.574332468211651 44.906771479174495 73.88982521359867 293.36435744990013 56.588496122509241 31.037387880962342 35.585593254887499 29.085006087669171 12.565084122819824 42.110848240554333 86.840694260434248 33.836448166519403 28.960844545683358
leaf_count=275623 64 210 12 5793 852 4 13471 1763 434 2027 219 1071 3063 4495 1901 246 15 244 9 1624 290 489 822 169 38 338 5 490 11 278
internal_value=0.005224 0.0195214 0.00146008 0.0154283 -0.0262483 -0.0544012 0.0050285 0.00470677 -0.0183561 0.00479573 0.00467149 -0.00966695 -0.00735853 0.00294346 0.0185772 0.00621193 0.010044 0.0121038 -0.00189974 -0.0256147 0.00991449 -0.0210966 0.0196169 -0.0043113 -0.0289993 -0.0609535 0.0131406 -0.0105683 0.0232596 -0.012843
internal_weight=72942.2 983.906 428.433 284.841 143.593 77.1034 71958.3 67620.5 259.829 67360.7 66758.9 736.095 724.29 528.767 601.784 510.636 4337.78 3699.72 638.068 212.171 425.897 101.495 324.402 138.281 77.2357 48.1507 431.089 128.952 302.137 62.7973
internal_count=316070 6935 6871 5805 1066 856 309135 291626 2197 289429 285501 9878 9659 6596 3928 5525 17509 13715 3794 2184 1610 498 1112 560 545 507 1030 495 535 289
is_linear=0
shrinkage=0.03


Tree=76
num_leaves=31
num_cat=0
split_feature=5 3 1 5 0 7 0 8 0 3 1 8 5 5 8 8 1 8 8 8 5 5 6 8 8 5 5 5 3 8
split_gain=233.028 242.495 247.604 233.307 173.511 167.144 395.454 331.983 268.397 383.255 216.14 883.78 225.522 158.206 273.293 144.586 275.074 143.42 250.243 282.088 226.65 794.608 559.415 286.249 290.369 217.917 366.5 346.582 347.688 487.337
threshold=162.50000000000003 4.5000000000000009 3.5000000000000004 172.50000000000003 4.5000000000000009 1.0000000180025095e-35 3.5000000000000004 0.0050568980948727795 1.5000000000000002 11.500000000000002 1.0000000180025095e-35 0.36666666666666675 94.500000000000014 120.50000000000001 0.0072529524711328558 0.009669627551815491 5.5000000000000009 0.36666666666666675 0.04819976771196284 0.0077419483736913619 10.500000000000002 27.500000000000004 1.5000000000000002 0.58333333333333337 0.83333333333333337 95.500000000000014 99.500000000000014 94.500000000000014 1.0000000180025095e-35 0.83333333333333337
decision_type=2 2 2 2 2 2 2 2 2 2 2 2 2 2 2 2 2 2 2 2 2 2 2 2 2 2 2 2 2 2
left_child=1 2 4 -2 17 8 -7 -8 9 -3 11 12 -10 14 -9 -16 -17 18 19 -1 23 -22 25 -19 -25 27 -27 -23 29 -29
right_child=3 5 -4 -5 -6 6 7 13 10 -11 -12 -13 -14 -15 15 16 -18 20 -20 -21 21 22 -24 24 -26 26 -28 28 -30 -31
leaf_value=0.0043105488376714973 0.024369281780886466 0.0087633467800130455 -0.041094832290727856 -0.026369929716680909 0.034364830864128469 -0.0648038845450742 0.025486429178900732 -0.087055676696481871 -0.043157172099877628 -0.061468499094742626 0.029068079820562465 -0.061681755658278367 0.035690468237365255 0.031719941500113071 0.006541222203186473 -0.075002172161677955 0.014029950115449491 -0.046519973995154125 0.012325772958350464 -0.057734623206193089 0.030449634981462394 0.0052491911202729126 -0.04194946191260511 0.028020447578823854 -0.008655561031687381 0.034072703318190199 0.0041231245404233178 0.022235515105769498 -0.027821178013979531 -0.010069039093865929
leaf_weight=47630.357336952125 851.63040301622823 1624.4872350329751 109.19105093512917 90.19940649002092 170.25509516964667 77.875244172988459 401.36133662611246 47.668884232640266 35.915057104924927 73.075558042881312 1270.5867996534216 129.94242292246054 358.87834983083303 62.084430307673756 189.90597982425243 69.323680052708369 56.83922465518117 157.78565769665875 3697.7764793250099 66.040858685271814 883.85184244380798 3180.2299429832492 266.80106678074662 219.14090745267458 1712.5185773042031 393.83035206794739 5549.8288381480525 523.23421843722463 675.06950954394415 2136.0939037464559
leaf_count=106955 1102 2713 2241 5774 623 652 253 252 883 3505 4415 3578 466 9 232 369 51 3142 20843 1685 560 29606 5425 629 28504 44 42929 3866 1988 42637
internal_value=0.0046845 0.00448995 0.00404441 0.01951 0.00411768 0.0113152 -0.000174178 0.00591039 0.0142922 0.00574005 0.0223787 0.00618114 0.0285176 -0.0125411 -0.0200958 -0.00999705 -0.0348912 0.00404093 0.00480751 0.00422464 0.00153125 0.0029437 0.00103321 -0.00766834 -0.00449478 0.00195371 0.0061076 -0.00183612 -0.00859383 -0.00371298
internal_weight=72711.8 71769.9 67372 941.83 67262.8 4397.94 905.059 827.184 3492.89 1697.56 1795.32 524.736 394.793 425.822 363.738 316.069 126.163 67092.6 51394.2 47696.4 15698.4 13608.9 12725.1 2089.45 1931.66 12458.3 5943.66 6514.63 3334.4 2659.33
internal_count=315931 309055 291677 6876 289436 17378 1818 1166 15560 6218 9342 4927 1349 913 904 652 420 288813 129483 108640 159330 127055 126495 32275 29133 121070 42973 78097 48491 46503
is_linear=0
shrinkage=0.03


Tree=77
num_leaves=31
num_cat=0
split_feature=5 5 0 2 2 3 10 1 5 3 3 5 8 5 5 5 0 5 5 5 5 8 8 8 1 2 0 3 2 8
split_gain=261.205 668.366 230.712 167.935 150.267 289.78 207.889 147.269 138.977 269.206 137.1 128.81 124.293 115.975 457.846 268.74 545.442 383.357 354.103 673.624 454.642 340.877 319.725 298.337 341.135 335.023 288.926 268.262 299.839 239.675
threshold=10.500000000000002 27.500000000000004 2.5000000000000004 12.500000000000002 4.5000000000000009 3.5000000000000004 0.41666666666666669 1.5000000000000002 162.50000000000003 5.5000000000000009 2.5000000000000004 185.00000000000003 0.0021574998138079991 94.500000000000014 91.500000000000014 95.500000000000014 1.5000000000000002 99.500000000000014 100.50000000000001 105.50000000000001 109.00000000000001 0.83333333333333337 0.23611111111111113 0.36666666666666675 1.0000000180025095e-35 1.0000000180025095e-35 1.5000000000000002 1.0000000180025095e-35 1.0000000180025095e-35 0.83333333333333337
decision_type=2 2 2 2 2 2 2 2 2 2 2 2 2 2 2 2 2 2 2 2 2 2 2 2 2 2 2 2 2 2
left_child=2 -2 4 8 5 7 10 -1 12 11 -6 -10 -3 14 -14 16 -15 -17 21 -20 -21 -19 -18 27 25 -25 -23 28 -24 -27
right_child=1 3 -4 -5 6 -7 -8 -9 9 -11 -12 -13 13 15 -16 17 22 18 19 20 -22 26 23 24 -26 29 -28 -29 -30 -31
leaf_value=0.003493512915808919 0.030041020978458996 -0.054036268092880424 0.026035549213124447 -0.054966700558228672 -0.06065758865824647 -0.019596358233710847 0.027368716474225781 0.047362850548450436 0.025173325786080159 -0.042159920125991596 0.015774244551027602 -0.035118050917453444 0.0074014648385075403 -0.0084688303377009611 0.042742254695528559 0.033214003887160053 -0.041933601574662874 -0.035768895733688688 0.040121755657906301 -0.049058743283483558 0.0070564229247224147 0.013822245279023046 0.013295372414456344 -0.0018605940575748675 0.012681700980507025 -0.043825588996423664 -0.048872368970199545 0.035480272577257797 -0.074393779094382842 -0.15784317616664906
leaf_weight=49616.888532175915 1134.4677462983964 31.027418316545663 412.05709500238299 40.090454086661339 43.884228779003024 491.4227962460136 451.92635739757679 68.966087082400918 784.42557832598686 61.912334825363359 40.721349669620395 33.243451694725081 3685.0022918504401 3212.1521121035767 362.3630395680666 512.67716868594289 101.93499669752782 330.84932409983594 561.99167824210599 132.30272812768817 7284.4746222037793 408.91406285716221 553.67471860162914 256.99049166683108 798.33364211025764 109.52851802282385 78.924798412481323 668.32462313945871 37.469479850493371 19.555353410483804
leaf_count=138426 1776 883 781 227 352 1913 690 98 868 1092 36 4946 37631 44269 13 63 1460 3245 78 654 59434 545 1761 5294 5852 921 683 701 157 1014
internal_value=0.00483915 0.00763884 0.00367819 0.0063723 0.00349654 0.00332767 0.0192888 0.00355441 0.0064951 0.0181552 -0.0238703 0.0227221 0.00595944 0.00605682 0.0105655 0.00484576 -0.000248747 0.00799652 0.00652695 0.00845492 0.00605542 -0.0122626 0.0101229 0.0122942 0.00148533 -0.0216668 0.00367922 0.0224588 0.00773722 -0.0610985
internal_weight=72326.5 21200.6 51125.9 20066.2 50713.8 50177.3 536.532 49685.9 20026.1 879.581 84.6056 817.669 19146.5 19115.5 4047.37 15068.1 5757.96 9310.13 8797.46 7978.77 7416.78 818.688 2545.81 2443.88 1184.41 386.074 487.839 1259.47 591.144 129.084
internal_count=315863 173567 142296 171791 141515 140437 1078 138524 171564 6906 388 5814 164658 163775 37644 126131 61429 64702 64639 60166 60088 4473 17160 15700 13081 7229 1228 2619 1918 1935
is_linear=0
shrinkage=0.03


Tree=78
num_leaves=31
num_cat=0
split_feature=5 5 3 5 5 3 3 9 0 3 1 1 3 0 7 5 0 5 9 0 8 11 5 5 1 5 5 8 1 7
split_gain=177.139 244.718 157.391 172.123 152.387 141.713 108.143 281.894 274.926 101.243 339.378 80.1147 68.7858 83.6883 57.6825 216.289 76.3304 199.001 233.895 379.041 339.029 181.146 168.751 196.096 143.857 135.754 526.276 159.99 122.892 122.13
threshold=162.50000000000003 169.50000000000003 5.5000000000000009 170.50000000000003 185.00000000000003 2.5000000000000004 16.500000000000004 2.5000000000000004 1.5000000000000002 13.500000000000002 5.5000000000000009 1.0000000180025095e-35 24.500000000000004 3.5000000000000004 4.5000000000000009 115.50000000000001 2.5000000000000004 129.50000000000003 1.0000000180025095e-35 4.5000000000000009 0.010544848035581913 1.0000000180025095e-35 119.50000000000001 115.50000000000001 1.5000000000000002 100.50000000000001 113.00000000000001 0.23611111111111113 1.5000000000000002 1.0000000180025095e-35
decision_type=2 2 2 2 2 2 2 2 2 2 2 2 2 2 2 2 2 2 2 2 2 2 2 2 2 2 2 2 2 2
left_child=6 -2 3 5 -5 11 9 8 -8 14 -11 -3 -10 -14 16 -16 21 18 25 22 24 -1 23 -20 -21 27 -27 -18 -23 -29
right_child=1 2 -4 4 -6 -7 7 -9 12 10 -12 -13 13 -15 15 -17 17 -19 19 20 -22 28 -24 -25 -26 26 -28 29 -30 -31
leaf_value=0.0048896962134112867 0.033589074731472462 -0.0056205441131190184 -0.047701318049836877 0.035883303995025047 -0.034871682834044321 0.013525673524700301 -0.051844334371394719 -0.053250990784056804 0.031860409370116867 -0.077526362909845173 0.024621225901809013 -0.072827708199226335 -0.040038101934995393 0.01903346571634211 -0.068981176674103362 0.018420364599487562 0.037035863198947735 -0.048832020361032548 -0.038447425776821732 0.062448259482002118 -0.081329306723533751 -0.085358075297131478 -0.11149130978878226 0.032112675628165596 0.014389590854232493 0.13570221873090016 0.022942588935022608 -0.0025732754996073376 0.018613458131979954 0.038238726481057729
leaf_weight=69217.711320337621 462.36111095547676 25.268461659550667 50.940938555228058 183.68472146987915 32.197219320340082 65.867059644311666 43.065515367707121 48.621748231351376 490.97060700465227 54.71710349470959 62.952049545943737 43.349095609039068 26.290511367435101 120.59667451679707 43.002661673352122 62.544991716742516 206.93447040760657 48.299782211848651 164.64822879727581 64.415011420845985 31.198634588625282 33.269004749978194 21.507243376225233 45.173686027526855 432.03605850134045 43.914445273578167 245.53783171740361 355.28814360531396 14.775520926632451 81.045362472126726
leaf_count=292003 55 182 1075 13 4895 47 3278 272 1138 415 21 559 1282 162 909 36 225 1100 2664 16 576 336 122 3 1353 32 663 2596 10 145
internal_value=0.00520602 0.0187116 0.00157075 0.00873457 0.0253307 -0.0179064 0.00504392 0.0165355 0.0215187 0.00492622 -0.0228782 -0.0480786 0.0264718 0.00846058 0.00497223 -0.0171891 0.00500517 0.0112111 0.0129254 0.000559358 0.0145969 0.00484928 -0.0314596 -0.0232562 0.0206253 0.022988 0.04005 0.0153106 -0.0533829 0.00500722
internal_weight=72822.2 863.669 401.307 350.367 215.882 134.485 71958.5 729.545 680.923 71229 117.669 68.6176 637.858 146.887 71111.3 105.548 71005.8 1740 1691.7 758.979 527.65 69265.8 231.329 209.822 496.451 932.72 289.452 643.268 48.0445 436.334
internal_count=316183 6826 6771 5696 4908 788 309357 6132 5860 303225 436 741 2582 1444 302789 945 301844 9495 8395 4734 1945 292349 2789 2667 1369 3661 695 2966 346 2741
is_linear=0
shrinkage=0.03


Tree=79
num_leaves=31
num_cat=0
split_feature=5 5 5 5 1 5 5 2 10 1 3 1 2 5 5 4 2 1 3 8 5 5 5 5 5 5 8 8 8 9
split_gain=413.624 635.888 278.67 415.837 375.22 238.744 308.299 231.2 227.071 194.692 216.237 182.406 159.318 139.4 216.307 174.229 202.338 217.468 153.102 181.552 138.996 208.218 322.858 167.2 272.239 647.11 576.732 285.978 624.661 551.944
threshold=10.500000000000002 27.500000000000004 29.500000000000004 43.500000000000007 1.0000000180025095e-35 91.500000000000014 94.500000000000014 4.5000000000000009 0.41666666666666669 1.5000000000000002 3.5000000000000004 1.0000000180025095e-35 1.0000000180025095e-35 162.50000000000003 169.50000000000003 15.500000000000002 7.5000000000000009 2.5000000000000004 24.500000000000004 0.0044004453696083667 161.00000000000003 154.00000000000003 151.50000000000003 114.50000000000001 105.50000000000001 100.50000000000001 0.23611111111111113 0.093073593073593086 0.83333333333333337 1.0000000180025095e-35
decision_type=2 2 2 2 2 2 2 2 2 2 2 2 2 2 2 2 2 2 2 2 2 2 2 2 2 2 2 2 2 2
left_child=7 -2 4 -4 12 11 -7 9 -9 10 -1 -5 -3 15 -15 16 20 -18 -17 -20 21 22 23 24 25 26 -8 29 -29 -26
right_child=1 2 3 5 -6 6 13 8 -10 -11 -12 -13 -14 14 -16 18 17 -19 19 -21 -22 -23 -24 -25 27 -27 -28 28 -30 -31
leaf_value=0.002705537624359035 0.029748054891907912 0.00552084028608663 0.032414674861001073 -0.03504426606400695 -0.034127131877448223 0.045007383744446468 -0.038166654985083509 -0.025234763734280581 0.02809071677982005 0.035755776991326073 -0.016785980208428031 0.006146371405163267 -0.014721987582125541 0.033303853175127247 0.0036448138482129506 0.029285641885021394 -0.030582719256065354 0.011320641600036289 0.02824973680716977 -0.042397856481370094 0.00063794524450355348 0.047162477719221323 -0.05264306490330304 0.016773997401312052 0.032277902769843499 0.039421221306541618 0.0080335052416467389 -0.073884131021399777 -0.0051019302609442664 -0.014443374941157983
leaf_weight=49442.3123849025 1128.4421445614134 1780.3082280484959 603.56957261892967 210.81559626176022 301.54473512465484 196.1387515515089 252.17603597047855 82.896335932426155 540.20569722750224 158.9757933432702 517.61090362572577 178.83940041271853 435.51709201147605 450.69716934859753 434.82271299636341 508.07516989216674 276.39781944756396 186.79645026475191 65.439511087955907 65.511533982877154 2923.9190904317074 120.74956841766834 79.611498196085449 1657.1873440525378 426.19759455882013 577.21774467872456 6817.5304394972336 143.62412690161727 688.42463173269061 488.28389539476484
leaf_count=139164 1785 20649 1849 3078 6870 8 3117 425 713 179 1962 1979 3404 54 6818 1733 2193 171 78 2092 26623 7 1880 10334 702 77 60505 2690 9336 5673
internal_value=0.00430023 0.00784135 0.00659721 0.00795044 -0.00273052 0.00706882 0.00762161 0.00283486 0.0209964 0.00260907 0.0025036 -0.0161391 0.00154214 0.00716792 0.0187402 0.00649715 0.00582777 -0.013684 0.0218307 -0.00709349 0.00646535 0.00797978 0.0075547 0.00798838 0.00643842 0.0088792 0.00638555 -0.00424816 -0.0169748 0.00733126
internal_weight=71739.8 20997.8 19869.4 17352 2517.37 16748.5 16358.8 50742 623.102 50118.9 49959.9 389.655 2215.83 16162.7 885.52 15277.1 14638.1 463.194 639.026 130.951 14174.9 11251 11130.3 11050.6 9393.45 7646.92 7069.71 1746.53 832.049 914.481
internal_count=316148 173705 171920 140997 30923 139148 134091 142443 1138 141305 141126 5057 24053 134083 6872 127211 123308 2364 3903 2170 120944 94321 94314 92434 82100 63699 63622 18401 12026 6375
is_linear=0
shrinkage=0.03


Tree=80
num_leaves=31
num_cat=0
split_feature=8 8 1 2 0 1 4 0 1 2 3 7 2 4 0 2 3 2 10 2 3 10 2 2 4 2 9 0 4 1
split_gain=292.973 295.914 348.642 415.213 211.084 188.294 154.471 150.003 713.347 556.213 396.982 308.186 304.686 226.005 220.807 209.029 292.888 206.394 158.189 144.718 118.09 106.765 101.512 98.5687 99.4054 95.511 234.217 330.231 160.807 138.114
threshold=0.58333333333333337 0.36666666666666675 1.0000000180025095e-35 1.5000000000000002 1.5000000000000002 1.5000000000000002 1.0000000180025095e-35 1.5000000000000002 1.0000000180025095e-35 1.5000000000000002 11.500000000000002 1.0000000180025095e-35 1.0000000180025095e-35 4.5000000000000009 2.5000000000000004 4.5000000000000009 5.5000000000000009 3.5000000000000004 0.87500000000000011 2.5000000000000004 4.5000000000000009 0.29166666666666669 1.0000000180025095e-35 2.5000000000000004 4.5000000000000009 1.5000000000000002 1.0000000180025095e-35 2.5000000000000004 4.5000000000000009 4.5000000000000009
decision_type=2 2 2 2 2 2 2 2 2 2 2 2 2 2 2 2 2 2 2 2 2 2 2 2 2 2 2 2 2 2
left_child=1 25 4 -4 22 7 -5 10 9 11 15 12 -9 20 18 16 21 -18 19 -15 -10 -2 -3 24 -8 26 27 28 -1 -28
right_child=5 2 3 6 -6 -7 23 8 13 -11 -12 -13 -14 14 -16 -17 17 -19 -20 -21 -22 -23 -24 -25 -26 -27 29 -29 -30 -31
leaf_value=0.0030440548428734217 0.0091738091386779977 0.0070087927454743279 -0.021019573054738103 0.033005013797366069 -0.042218977927801903 0.025552414889526361 -0.0020584343020871448 -0.013783963573463008 0.0051366128539789765 -0.082790532420493002 -0.063432412925454901 0.042691428393177779 -0.091311956515723769 -0.072290514110915638 0.082077596266832642 0.023271587837174659 -0.059354302652888553 0.0081381114149528602 0.03994268086396164 0.010092639716146807 -0.080816058321552808 0.0012111685708020533 -0.028338381103533226 -0.020821773844294962 0.039718103217733759 0.008624304474374813 -0.047881114096636423 0.03295109848772626 -0.051043232370384266 0.0043056518257269562
leaf_weight=48912.453779786309 11296.254209753592 172.27195820165798 435.50495116782258 293.46087765538687 354.02293957599613 502.72543430657242 128.72519142144301 418.64862048171926 1572.3713536084979 127.21546493197093 69.37989247526275 76.519442643824732 51.202126935619162 22.198648761695949 61.098622708392213 812.88172677345574 99.489398196339607 69.101228110492229 175.10858834670216 141.62317727570189 14.518772386829367 1750.3329169265926 127.04889664330403 105.809037708299 85.182596841725172 2942.0940082468005 128.75930331235577 333.32857159922423 49.521958921308396 70.704165854258463
leaf_count=122535 119638 2865 7613 569 7972 1131 477 10777 11384 2300 2579 210 960 461 306 369 479 91 538 573 141 1967 1491 1396 411 7783 5416 675 1412 976
internal_value=0.00405832 0.00297324 -0.00933751 0.00137958 -0.0265395 0.00746172 0.0172884 0.00691902 0.000385465 -0.0262944 0.00815205 -0.01314 -0.0222326 0.0094302 0.0295822 0.00850609 0.00759784 -0.0316908 0.0201189 -0.00107068 0.00435021 0.00810554 -0.00799457 0.00286249 0.0145779 0.00337283 0.00306067 0.00319195 0.00298935 -0.0293824
internal_weight=71399.6 54138.9 1702.03 1048.68 653.344 17260.7 613.178 16757.9 2660.5 673.586 14097.4 546.37 469.851 1986.92 400.029 14028.1 13215.2 168.591 338.93 163.822 1586.89 13046.6 299.321 319.717 213.908 52436.9 49494.8 49295.3 48962 199.463
internal_count=315495 161591 22794 10466 12328 153904 2853 152773 27650 14247 125123 11947 11737 13403 1878 122544 122175 570 1572 1034 11525 121605 4356 2284 888 138797 131014 124622 123947 6392
is_linear=0
shrinkage=0.03


Tree=81
num_leaves=31
num_cat=0
split_feature=5 5 2 8 2 4 5 5 0 2 5 5 5 5 0 5 10 5 0 5 7 9 5 5 8 8 0 5 5 8
split_gain=217.725 217.228 173.023 222.953 172.839 420.599 163.943 584.894 271.582 169.19 157.72 716.522 526.986 548.97 288.334 331.706 431.438 297.231 488.256 229.996 195.506 216.786 184.131 491.889 259.546 219.391 181.884 160.122 249.566 141.499
threshold=162.50000000000003 169.50000000000003 10.500000000000002 0.0022650085675295765 4.5000000000000009 1.0000000180025095e-35 136.50000000000003 114.50000000000001 1.5000000000000002 1.0000000180025095e-35 27.500000000000004 10.500000000000002 29.500000000000004 89.000000000000014 1.5000000000000002 95.500000000000014 1.0000000180025095e-35 99.500000000000014 3.5000000000000004 99.500000000000014 2.5000000000000004 2.5000000000000004 105.50000000000001 100.50000000000001 0.085144927536231887 0.072751322751322761 1.5000000000000002 93.500000000000014 94.500000000000014 0.072751322751322761
decision_type=2 2 2 2 2 2 2 2 2 2 2 2 2 2 2 2 2 2 2 2 2 2 2 2 2 2 2 2 2 2
left_child=2 -2 4 -4 6 -6 7 10 9 -8 11 -1 26 -14 15 16 27 -16 22 -17 -20 -22 23 -19 25 -24 -12 -15 -29 -7
right_child=1 -3 3 -5 5 29 8 -9 -10 -11 12 -13 13 14 17 19 -18 18 20 -21 21 -23 24 -25 -26 -27 -28 28 -30 -31
leaf_value=0.0041071661500549439 0.033219708108504581 0.0038347772488538786 0.033167378153831743 -0.046939596120881923 -0.053790429427129402 -0.00024327394186161345 0.0035764084720816651 0.029453006828060395 -0.020278935234622836 -0.020307942567616075 -0.0097844912643661724 0.029502544892564958 0.028594099752570282 -0.037315497351980927 0.013231824771804996 0.03276873050373872 -0.027935695633363671 -0.029931671248844011 0.035050140114109916 0.0026934424886748635 -0.061154495400521078 0.011553931732575242 -0.035258279724988559 0.031215329369344975 -0.061121938736669254 0.031295649761428221 -0.045072721715171932 0.038635308582301298 -0.0032016048250320247 0.018492404105069991
leaf_weight=51311.104851802855 463.14299724251032 442.97246372539666 41.899252019822598 123.247742369771 83.809991586625983 455.91379460712778 2874.6259007994086 815.70784093532711 625.04281778250879 294.24824746126251 2238.5561397762649 1019.7862406622444 747.89477816346334 112.61289620772004 2791.0972773152316 278.03271150588989 797.11479831952602 303.24071888974868 293.03334634914063 1293.5576224501128 44.133503422839567 225.38577289681416 117.85140210064128 194.24707555770874 170.19539357599569 71.696661382913589 139.65624496272358 136.63469472527504 2109.8670992761909 1776.1890999079405
leaf_count=141301 58 6887 12 555 1435 839 25569 227 11622 1437 23226 1737 2544 1054 19403 38 2553 2164 513 9906 1245 2104 2271 21 3588 19 6968 5 40797 5922
internal_value=0.004241 0.0188543 0.00405577 -0.0266157 0.00412679 0.0121882 0.00385624 0.00420894 -0.00220615 0.00135861 0.00388917 0.00460205 0.000797064 0.00390377 0.00183795 -0.00324701 -0.0088543 0.00754715 -0.00362812 0.00801411 0.018089 -0.000351998 -0.0178798 -0.00605646 -0.0342303 -0.0100842 -0.0118567 -0.00240694 -0.000657038 0.0146656
internal_weight=72392.5 906.115 71486.4 165.147 71321.2 2315.91 69005.3 65211.4 3793.92 3168.87 64395.7 52330.9 12064.8 9686.6 8938.7 4727.82 3156.23 4210.88 1419.78 1571.59 562.553 269.519 857.231 497.488 359.743 189.548 2378.21 2359.11 2246.5 2232.1
internal_count=316020 6945 309075 567 308508 8196 300312 261684 38628 27006 261457 143038 118419 88225 85681 54353 44409 31328 11925 9944 3862 3349 8063 2185 5878 2290 30194 41856 40802 6761
is_linear=0
shrinkage=0.03


Tree=82
num_leaves=31
num_cat=0
split_feature=5 5 5 5 5 5 5 8 8 8 2 3 3 2 4 2 2 4 2 6 5 5 5 5 1 2 10 3 1 2
split_gain=197.131 606.881 443.674 246.607 489.958 229.65 506.763 345.186 436.064 214.08 274.42 205.803 343.761 405.321 200.722 172.023 249.205 162.021 229.597 168.047 147.663 675.138 393.534 312.065 312.033 273.014 258.274 165.238 150.813 148.159
threshold=100.50000000000001 105.50000000000001 109.00000000000001 99.500000000000014 95.500000000000014 94.500000000000014 91.500000000000014 0.30952380952380959 0.83333333333333337 0.45000000000000007 2.5000000000000004 4.5000000000000009 1.5000000000000002 3.5000000000000004 4.5000000000000009 7.5000000000000009 4.5000000000000009 8.5000000000000018 5.5000000000000009 1.5000000000000002 27.500000000000004 10.500000000000002 29.500000000000004 89.000000000000014 1.0000000180025095e-35 1.0000000180025095e-35 0.29166666666666669 2.5000000000000004 1.0000000180025095e-35 1.5000000000000002
decision_type=2 2 2 2 2 2 2 2 2 2 2 2 2 2 2 2 2 2 2 2 2 2 2 2 2 2 2 2 2 2
left_child=3 -2 -3 4 5 6 15 -7 11 14 -11 12 -9 -14 -5 16 20 18 19 -10 21 26 24 -24 29 -26 -1 -27 -25 -22
right_child=1 2 -4 9 -6 7 -8 8 17 10 -12 -13 13 -15 -16 -17 -18 -19 -20 -21 22 -23 23 28 25 27 -28 -29 -30 -31
leaf_value=0.0038709527250773423 0.039569053172135264 -0.048551976961338041 0.0071191681581386709 -0.06098840218533659 0.032880492929049182 -0.040817913137607978 0.042127989531892528 0.011647457625626989 -0.0079923043871340527 0.0032499270086736114 -0.054906405950427672 0.029014943226977195 -0.047441125636951249 0.026429102586975641 0.011195239260301672 -0.026275752987797052 0.025914680888679733 -0.069526727902325003 0.028914104634030623 -0.076712335228783735 -0.0027036588719214117 0.028671924723458909 0.023771112560729994 -0.034683264068271512 -0.031396551459847148 -0.23161200018169567 -0.014064400137531774 -0.059691089104048613 0.0074959500980157521 -0.029608781905600536
leaf_weight=50278.340606268837 522.62356721609831 130.8512419462204 8376.166035522685 132.01865550025832 512.32199926488101 202.55671033248655 311.96226375922561 1363.862970800139 3104.6542036300525 530.39383387682028 84.682837924803607 406.17642934093601 206.76206297427416 98.791295997798443 47.018379175686277 170.79902219481301 458.04948440426961 37.664570197433932 153.17343263328075 32.360116034862585 1858.1093815140775 986.35614571036422 723.42397465533577 144.14931518754747 237.55012870347127 10.159761061891915 733.14474027708638 9.9679714552185015 162.07191762636648 204.47554660133028
leaf_count=138691 76 661 67061 1597 66 3184 14 8046 44684 1960 880 1911 1004 87 65 2166 406 1501 30 1290 21531 1758 2574 2202 6069 152 2447 431 1500 1770
internal_value=0.00404424 0.00819058 0.00626286 0.00345185 0.00366324 0.0034214 0.00399809 -0.00236904 -0.000927727 -0.0131607 -0.00475695 0.00986353 0.0052039 -0.0235575 -0.0420317 0.00378559 0.0038776 -0.00765827 -0.00695003 -0.00870119 0.00369522 0.00408853 -0.00240975 0.0130258 -0.00925944 -0.0403852 0.00361318 -0.146471 -0.0123593 -0.00537091
internal_weight=72230.6 9029.64 8507.02 63201 62406.9 61894.6 56288.6 5606 5403.45 794.114 615.077 2075.59 1669.42 305.553 179.037 55976.6 55805.8 3327.85 3290.19 3137.01 55347.7 51997.8 3349.91 1029.65 2320.26 257.678 51011.5 20.1277 306.221 2062.58
internal_count=315814 67798 67722 248016 243514 243448 181711 61737 58553 4502 2840 11048 9137 1091 1662 181697 179531 47505 46004 45974 179125 142896 36229 6276 29953 6652 141138 583 3702 23301
is_linear=0
shrinkage=0.03


Tree=83
num_leaves=31
num_cat=0
split_feature=5 5 5 6 5 5 5 5 5 9 5 1 4 3 9 0 3 10 4 4 0 1 10 7 6 9 5 5 1 4
split_gain=181.214 224.164 195.656 257.963 222.63 303.925 222.43 249.829 379.574 400.227 309.865 395.989 216.582 191.314 148.425 236.861 240.443 190.137 190.355 152.05 145.252 138.568 128.035 119.9 165.026 128.73 116.707 135.826 106.888 167.77
threshold=162.50000000000003 169.50000000000003 161.00000000000003 1.5000000000000002 154.00000000000003 151.50000000000003 114.50000000000001 119.50000000000001 120.50000000000001 1.0000000180025095e-35 129.50000000000003 1.0000000180025095e-35 1.0000000180025095e-35 20.500000000000004 1.0000000180025095e-35 2.5000000000000004 13.500000000000002 0.58333333333333337 4.5000000000000009 5.5000000000000009 5.5000000000000009 1.5000000000000002 0.58333333333333337 3.5000000000000004 5.5000000000000009 4.5000000000000009 95.500000000000014 94.500000000000014 1.0000000180025095e-35 11.500000000000002
decision_type=2 2 2 2 2 2 2 2 2 2 2 2 2 2 2 2 2 2 2 2 2 2 2 2 2 2 2 2 2 2
left_child=2 -2 4 13 5 6 14 -8 9 -9 -10 -12 -13 -4 15 16 19 18 -17 -1 26 -20 -3 -22 -25 -26 27 -16 29 -21
right_child=1 22 3 -5 -6 -7 7 8 10 -11 11 12 -14 -15 20 17 -18 -19 21 28 23 -23 -24 24 25 -27 -28 -29 -30 -31
leaf_value=0.0046543845355698542 0.03313037126806067 0.0095528454824978896 -0.0027038434898578236 -0.053794103414730308 0.046204094333381629 -0.05441212656997798 0.033954031551007485 0.011795081989276032 0.035361702648814788 -0.080631606522763535 -0.036060035493836677 0.017555164555354576 -0.087463243845197949 0.03425991523116035 -0.048490950802394447 0.01790128608724316 -0.055046398456262274 -0.027377705885807836 0.093144178042069342 -0.0035374247215650624 0.02776802031100745 0.031236775531994426 -0.037457049081055946 -0.07604132404547502 0.0076398016154953169 -0.063275921869433552 -0.026187034484703938 0.028399591685567202 0.025605023229717271 0.048553565555491625
leaf_weight=64228.174347224209 454.77216681092978 379.89143759543367 2918.836168210677 85.996425651755999 118.43643699586391 77.307158402603818 479.12349838670343 86.360730651533231 426.80051946640015 82.393253348767757 175.84516213057213 637.04157987667713 18.178287133516278 131.70573907659855 27.670366802980425 709.45239235676127 60.416490287723718 69.936659358994802 55.540837838081643 334.60003815245 144.597641043365 78.57695359113859 60.438280144575401 27.073060314869508 262.96433248033281 25.249546929611824 380.24858535744715 81.805170150793856 535.28082289759186 66.745886503631482
leaf_count=247633 58 5835 26007 1511 6 1862 41 356 31 369 3517 5960 982 691 675 2982 4279 513 204 2781 132 44 1043 238 1046 371 4766 543 1397 92
internal_value=0.00494206 0.0183577 0.00477603 -0.00255248 0.00510825 0.00503778 0.00510439 0.0152109 0.00891617 -0.0333318 0.0145841 0.0039136 0.0146416 -0.00110795 0.0048173 0.00498638 0.00477392 0.0201566 0.0240975 0.00482938 -0.00695896 0.0568739 0.00310041 0.00514874 -0.00522497 0.00142709 -0.0183289 0.00896521 0.0168295 0.00512557
internal_weight=73221.5 895.102 72326.4 3136.54 69189.8 69071.4 68994.1 1905.74 1426.62 168.754 1257.87 831.065 655.22 3050.54 67088.3 66138.7 65225.2 913.507 843.57 65164.8 949.609 134.118 440.33 459.885 315.287 288.214 489.724 109.476 936.627 401.346
internal_count=315965 6936 309029 28209 280820 280814 278952 11256 11215 725 10490 10459 6942 26698 267696 259925 256182 3743 3230 251903 7771 248 6878 1787 1655 1417 5984 1218 4270 2873
is_linear=0
shrinkage=0.03


Tree=84
num_leaves=31
num_cat=0
split_feature=5 5 10 5 5 2 4 2 2 3 0 4 0 4 3 4 0 5 3 4 4 0 5 2 10 4 4 9 5 5
split_gain=173.751 220.616 146.17 126.385 171.397 137.55 122.295 211.491 197.414 270.129 168.866 197.796 169.475 215.585 154.545 143.724 255.227 181.978 140.839 141.876 129.627 117.705 114.25 170.868 111.198 99.8702 172.339 121.214 97.8126 231.525
threshold=162.50000000000003 169.50000000000003 0.58333333333333337 170.50000000000003 185.00000000000003 2.5000000000000004 15.500000000000002 7.5000000000000009 4.5000000000000009 5.5000000000000009 4.5000000000000009 7.5000000000000009 1.5000000000000002 2.5000000000000004 8.5000000000000018 4.5000000000000009 2.5000000000000004 10.500000000000002 24.500000000000004 27.500000000000004 7.5000000000000009 1.5000000000000002 89.000000000000014 3.5000000000000004 0.87500000000000011 2.5000000000000004 1.5000000000000002 1.0000000180025095e-35 161.00000000000003 114.50000000000001
decision_type=2 2 2 2 2 2 2 2 2 2 2 2 2 2 2 2 2 2 2 2 2 2 2 2 2 2 2 2 2 2
left_child=6 -2 3 5 -5 21 7 8 9 15 11 12 13 -9 22 24 17 -17 -8 -20 -16 -3 23 -11 28 26 -10 -27 29 -1
right_child=1 2 -4 4 -6 -7 18 10 25 14 -12 -13 -14 -15 20 16 -18 -19 19 -21 -22 -23 -24 -25 -26 27 -28 -29 -30 -31
leaf_value=0.0039219469166220915 0.033102176128468497 -0.0013132644624059724 -0.045496902306583445 0.035095907395141075 -0.034760675553018497 0.024689462237220124 0.025463685677654269 -0.050214583840840224 -0.057825682650009737 -0.04465501763670391 0.011196203821293207 -0.065866263251070867 -0.035939457618374804 0.020028267328317639 0.030152942722479922 -0.029722439318703428 0.051410923705848932 0.014171350350020815 -0.042940481950683937 0.018075626525766136 -0.014188539493336828 -0.068246870138280055 -0.056060970149984291 0.024383169254765507 -0.04109324328092135 0.023806244609992859 0.016956073026417655 -0.002788384496415019 -0.0015965992847292733 0.015516903967270934
leaf_weight=63388.504545915523 422.83839602023363 47.847982112318277 50.330377698919619 186.23533406667411 38.072817257096176 56.740808957256377 464.87870974693215 51.247800088574877 42.979415583133232 75.966690470173489 187.21475195884705 78.768865034624469 173.80607283218706 169.00916594220325 80.1269254032959 96.496155039407313 151.12953974562697 713.95879522681935 61.57475191220874 77.421674732118845 228.67914098377514 46.746980299241841 116.83532382920384 56.084939827793278 49.314148336299695 884.18058811407536 78.197892894037068 186.83789006620646 2724.6688812216162 1588.7426792357874
leaf_count=253155 55 284 1024 23 5016 22 2786 667 299 1479 178 415 1733 260 270 251 130 1156 3073 176 2326 501 2894 103 216 441 79 241 25447 11405
internal_value=0.00425764 0.0177511 0.00251309 0.00894568 0.0232388 -0.0122395 0.00409796 0.00398381 0.00414215 0.00393383 -0.0129188 -0.022467 -0.013792 0.00368467 -0.0168609 0.0041026 0.0156194 0.00894517 0.0175416 -0.00895422 -0.00268311 -0.0343905 -0.0344521 -0.0153331 0.00393915 0.0162462 -0.00956767 0.0191668 0.00397195 0.00420545
internal_weight=72575.4 848.813 425.974 375.644 224.308 151.336 71726.6 71122.8 70462.7 69270.5 660.047 472.832 394.063 220.257 557.693 68712.8 961.584 810.455 603.875 138.996 308.806 94.595 248.887 132.052 67751.2 1192.2 121.177 1071.02 67701.9 64977.2
internal_count=316105 6925 6870 5846 5039 807 309180 303145 299892 298832 3253 3075 2660 927 7072 291760 1537 1407 6035 3249 2596 785 4476 1582 290223 1060 378 682 290007 264560
is_linear=0
shrinkage=0.03


Tree=85
num_leaves=31
num_cat=0
split_feature=2 0 7 7 8 8 8 8 0 10 8 1 3 0 1 4 0 8 3 3 2 4 3 4 3 3 3 2 4 2
split_gain=87.106 143.366 153.045 147.958 130.46 113.68 268.465 351.111 198.476 188.892 158.873 133.206 203.289 128.54 1221.26 223.9 242.122 150.538 114.21 102.976 102.268 208.036 159.82 102.2 128.191 179.375 99.0417 120.941 94.5411 165.156
threshold=1.5000000000000002 2.5000000000000004 4.5000000000000009 1.0000000180025095e-35 0.0055071145146207709 0.36666666666666675 0.072751322751322761 0.013259684697884312 3.5000000000000004 0.87500000000000011 0.0051612989157942416 1.5000000000000002 13.500000000000002 1.5000000000000002 1.0000000180025095e-35 4.5000000000000009 2.5000000000000004 0.83333333333333337 12.500000000000002 1.0000000180025095e-35 4.5000000000000009 2.5000000000000004 2.5000000000000004 7.5000000000000009 8.5000000000000018 5.5000000000000009 5.5000000000000009 3.5000000000000004 10.500000000000002 4.5000000000000009
decision_type=2 2 2 2 2 2 2 2 2 2 2 2 2 2 2 2 2 2 2 2 2 2 2 2 2 2 2 2 2 2
left_child=1 3 4 23 -3 6 7 8 10 11 -2 12 13 20 17 -16 -17 -15 -10 -6 26 22 -22 24 25 -1 -7 -28 29 -11
right_child=5 2 -4 -5 19 9 -8 -9 18 28 -12 -13 -14 14 15 16 -18 -19 -20 -21 21 -23 -24 -25 -26 -27 27 -29 -30 -31
leaf_value=0.0039451221303425151 -0.070831208014816405 -0.063927911023470452 -0.049937990470403898 -0.045569065235279108 0.02268460384312079 0.0067088221270436175 0.018531017203295936 -0.054604471677854934 -0.0024261137689993756 -0.05753935200109854 -0.0040086790749321016 0.026840450972115126 -0.055960694222570329 -0.047895010098491619 0.0025711477007209979 0.019846858499178922 0.088654951065991694 -0.099211191005736638 0.018886785305700676 -0.011476174855297595 -0.049930914433938448 0.025550225833926153 0.024267182992820591 -0.049567138162641501 0.044927739637793493 -0.048392751142287194 -0.051184351315052085 0.0089548351120507467 -0.052191864887543578 0.017516924104791533
leaf_weight=62476.67925745104 50.179509277484613 17.24833191127982 31.027265041950159 54.432390710964683 816.39338129793759 3440.5482033478329 1978.5125149510714 95.84392711838882 380.16509676701389 40.205854139319854 88.494351917179301 256.772053492954 49.213995718106162 172.77586582829099 778.42643880754622 232.9500058793783 57.358081990183564 73.267103247751947 559.06760657951236 87.976939764543204 64.24170000772574 579.01649532350712 44.036357008561026 32.142616145567445 68.601011737773661 58.990511995347333 59.910787593224086 60.473512575845234 70.875893881529919 76.758561641559936
leaf_count=275901 317 1361 849 2327 5660 3890 5212 1041 520 549 150 312 1697 2241 2220 986 159 1384 569 634 420 332 25 1781 99 1397 538 107 3160 72
internal_value=0.00444041 0.00404581 0.0155964 0.00387029 0.0178027 0.00716745 0.0117877 0.000420991 0.00531368 0.00476284 -0.0281886 0.00571064 0.00474391 0.00528094 -0.00291621 0.0109567 0.0334417 -0.063176 0.0102601 0.0193615 0.00781786 0.0184128 -0.0197548 0.00391326 0.00394071 0.00389575 0.00577294 -0.0209742 -0.0248508 -0.00828324
internal_weight=72852.6 63643.5 952.646 62690.8 921.619 9209.09 3152.26 1173.75 1077.91 6056.83 138.674 5868.99 5612.22 5563 1314.78 1068.73 290.308 246.043 939.233 904.37 4248.23 687.295 108.278 62636.4 62604.3 62535.7 3560.93 120.384 187.84 116.964
internal_count=315910 290009 8504 281505 7655 25901 7809 2597 1556 18092 467 14311 13999 12302 6990 3365 1145 3625 1089 6294 5312 777 445 279178 277397 277298 4535 645 3781 621
is_linear=0
shrinkage=0.03


Tree=86
num_leaves=31
num_cat=0
split_feature=4 2 0 8 2 4 10 1 2 7 9 0 8 6 8 8 1 2 1 0 4 1 0 2 2 4 2 8 1 2
split_gain=266.993 207.62 179.01 156.292 114.196 149.419 205.616 161.971 141.911 181.011 125.536 163.265 213.394 147.114 131.742 122.87 223.861 150.794 130.571 244.931 196.158 111.478 129.286 105.942 97.0595 92.4336 91.3383 187.994 178.866 310.835
threshold=2.5000000000000004 7.5000000000000009 2.5000000000000004 0.83333333333333337 5.5000000000000009 5.5000000000000009 0.87500000000000011 1.0000000180025095e-35 2.5000000000000004 3.5000000000000004 1.0000000180025095e-35 2.5000000000000004 0.83333333333333337 1.5000000000000002 0.078461538461538485 0.30952380952380959 3.5000000000000004 10.500000000000002 1.0000000180025095e-35 1.5000000000000002 11.500000000000002 1.5000000000000002 3.5000000000000004 1.5000000000000002 5.5000000000000009 10.500000000000002 1.5000000000000002 0.83333333333333337 1.0000000180025095e-35 2.5000000000000004
decision_type=2 2 2 2 2 2 2 2 2 2 2 2 2 2 2 2 2 2 2 2 2 2 2 2 2 2 2 2 2 2
left_child=1 2 24 21 5 10 8 -8 -7 -10 11 13 -13 -2 -12 16 17 25 19 20 -17 -4 -23 -5 26 -6 -1 28 29 -28
right_child=4 -3 3 23 15 6 7 -9 9 -11 14 12 -14 -15 -16 18 -18 -19 -20 -21 -22 22 -24 -25 -26 -27 27 -29 -30 -31
leaf_value=0.0011018969920138387 0.0075662902646916616 -0.041686188616426798 0.02798135829730778 -0.0057015068098508802 0.0023139772327406063 -0.043262849873958308 -0.059742130980577179 0.019615486289132757 -0.002734358288695852 -0.092381922713974426 -0.067246158053729327 0.015994644939048012 0.079879210724291369 -0.046307850709346461 0.012638657011429952 0.023728582528160316 0.018323918600151836 -0.058611075582973397 0.026919065913554644 -0.049374044190062902 -0.055584953722699712 -0.030856153027310856 0.013700751411958867 -0.080056937457460342 -0.046922803827111968 -0.051960665324256833 -0.026284469852965765 0.00055124001421555434 0.023532653505949425 0.020450286253274292
leaf_weight=59370.790145692037 3510.2297979584109 100.05619767850294 477.10976443067193 113.06480560440104 208.68612995039439 144.4249365772921 25.233889948343858 279.94935567016364 339.85023003545939 21.556565500795841 40.621339984587394 189.72330915581551 62.579832780058496 46.218602698048926 34.241304032839253 290.7395584108308 424.58600844442844 58.788504794239998 796.84480690784403 61.262442381063011 31.062660511408467 67.509256232500775 444.5538714073482 20.349940356914885 37.463303457945585 32.660791616770439 217.82182292337529 2138.9200109555386 827.93326983478619 310.89549057162367
leaf_count=276088 7124 1781 2128 1283 459 3988 1024 1191 1809 110 185 335 229 558 67 131 391 294 2457 1121 1538 1323 3708 153 258 503 1041 2802 1648 595
internal_value=0.00208633 0.00149503 0.00156251 0.0134368 0.00783217 0.00531853 -0.00639338 0.0130539 -0.0181265 -0.0080815 0.00776433 0.00852051 0.0318402 0.00686616 -0.0307078 0.0140279 0.00430543 -0.0155258 0.0199996 0.00560596 0.0160727 0.0175478 0.00782647 -0.017043 0.0013506 -0.00503086 0.00137936 0.00609202 0.0148277 0.00119643
internal_weight=70725.7 64126.5 64026.4 1122.59 6599.26 4694.63 811.015 305.183 505.832 361.407 3883.61 3808.75 252.303 3556.45 74.8626 1904.63 724.721 300.135 1179.91 383.065 321.802 989.173 512.063 133.415 62903.8 241.347 62866.4 3495.57 1356.65 528.717
internal_count=316322 292808 291027 8595 23514 16620 8122 2215 5907 1919 8498 8246 564 7682 252 6894 1647 1256 5247 2790 1669 7159 5031 1436 282432 962 282174 6086 3284 1636
is_linear=0
shrinkage=0.03


Tree=87
num_leaves=31
num_cat=0
split_feature=5 5 2 5 5 5 5 0 2 2 3 5 5 5 5 5 5 0 8 8 8 10 5 8 5 4 0 5 5 2
split_gain=230.06 205.925 136.838 128.902 690.982 320.782 518.87 129.282 125.093 288.503 145.121 122.045 214.711 110.898 140.807 115.562 414.742 162.318 107.864 104.393 101.06 287.034 203.739 591.151 446.427 187.904 166.724 402.83 480.378 299.153
threshold=162.50000000000003 169.50000000000003 12.500000000000002 10.500000000000002 27.500000000000004 30.500000000000004 43.500000000000007 1.5000000000000002 7.5000000000000009 4.5000000000000009 3.5000000000000004 170.50000000000003 172.50000000000003 71.500000000000014 73.500000000000014 91.500000000000014 94.500000000000014 1.5000000000000002 0.0021574998138079991 0.83333333333333337 0.36666666666666675 0.87500000000000011 99.500000000000014 0.23611111111111113 100.50000000000001 4.5000000000000009 1.5000000000000002 105.50000000000001 100.50000000000001 1.5000000000000002
decision_type=2 2 2 2 2 2 2 2 2 2 2 2 2 2 2 2 2 2 2 2 2 2 2 2 2 2 2 2 2 2
left_child=2 -2 3 8 -5 7 -7 -6 9 10 -1 -3 -13 -8 -15 17 -17 -16 -18 -19 22 26 23 -20 25 -24 -22 28 -28 -29
right_child=1 11 -4 4 5 6 13 -9 -10 -11 -12 12 -14 14 15 16 18 19 20 -21 21 -23 24 -25 -26 -27 27 29 -30 -31
leaf_value=0.0029281124180330466 0.033046548393532153 -0.015417437815565739 -0.053101652154811475 0.029234138112452384 -0.0033506455910900191 0.040868694768451438 -0.034046803307332021 -0.028166834805090298 -0.027487150014769542 0.028427030550398982 -0.012234968361833074 0.035026012990254658 -0.021861313842206551 0.05048188574178241 -0.041377236558908945 0.041245293866271182 -0.059545362629977963 -0.024800702274629407 -0.039689828301868485 0.019014742464264187 0.006020986301571646 -0.045571100142017359 -0.060519669424711264 0.022044027606686261 0.0069976421188390602 0.0096867442797666722 0.00073789544970431688 -0.041453835432462206 0.057477680809225967 -0.0050438467221657207
leaf_weight=50307.578698294936 456.59303184598684 172.03489699354395 38.227148026227951 1065.6367385778867 2447.314576783494 375.1070293255616 64.654567377641797 204.74068166894722 121.76819851109758 397.11133294738829 574.55319356836844 186.51602506637573 87.831823260159581 61.898967842455022 114.10713414300699 286.98329362273216 23.386336524679791 77.049369234446203 152.93614875253115 134.14489821589086 8169.2713534270151 106.48478031827108 133.10472283884883 1601.2864192668494 1990.0443964008518 46.225815460085869 1570.7517746160156 340.25439935475151 146.84670734405518 503.80749142780405
leaf_count=139192 59 1083 225 1803 24720 36 682 7745 990 172 2051 15 5683 5 1393 12 746 2071 2656 932 75346 2707 1617 4282 13700 66 14036 8818 11 3068
internal_value=0.00383381 0.0188812 0.00364259 0.00367313 0.00574208 0.00439257 0.00600382 -0.00526647 0.00288357 0.00295569 0.00275689 0.00439187 0.0168137 0.00516134 0.00532533 0.00514378 0.00552563 -0.0125471 0.00483226 0.00302969 0.00493426 0.00344067 0.00905973 0.016662 0.00291233 -0.0424226 0.00392702 -0.00275076 0.00558888 -0.0197213
internal_weight=71958.3 902.976 71055.3 71017 19616 18550.4 15898.3 2652.06 51401 51279.2 50882.1 446.383 274.348 15523.2 15458.6 15396.7 15071.4 325.301 14784.4 211.194 14761 10837.4 3923.6 1754.22 2169.37 179.331 10730.9 2561.66 1717.6 844.062
internal_count=315922 6840 309082 308857 166452 164649 132184 32465 142405 141415 141243 6781 5698 132148 131466 131461 127065 4396 127053 3003 126307 103986 22321 6938 15383 1683 101279 25933 14047 11886
is_linear=0
shrinkage=0.03


Tree=88
num_leaves=31
num_cat=0
split_feature=1 6 10 3 2 0 2 4 2 0 9 0 7 4 2 4 3 0 2 2 3 2 2 9 3 2 0 7 6 2
split_gain=284.118 230.438 206.255 154.553 255.339 125.734 239.524 313.355 155.144 124.767 162.807 274.405 155.652 155.275 142.427 131.426 137.525 129.366 267.534 124.157 309.396 145.078 108.379 92.5721 92.1989 130.97 81.7348 75.9915 66.4054 65.4306
threshold=1.0000000180025095e-35 1.5000000000000002 0.87500000000000011 2.5000000000000004 5.5000000000000009 1.5000000000000002 1.0000000180025095e-35 1.0000000180025095e-35 2.5000000000000004 1.5000000000000002 1.5000000000000002 5.5000000000000009 3.5000000000000004 10.500000000000002 10.500000000000002 15.500000000000002 24.500000000000004 7.5000000000000009 6.5000000000000009 3.5000000000000004 5.5000000000000009 7.5000000000000009 1.0000000180025095e-35 3.5000000000000004 10.500000000000002 4.5000000000000009 1.5000000000000002 1.0000000180025095e-35 1.0000000180025095e-35 4.5000000000000009
decision_type=2 2 2 2 2 2 2 2 2 2 2 2 2 2 2 2 2 2 2 2 2 2 2 2 2 2 2 2 2 2
left_child=1 2 3 4 5 28 -7 -8 -9 13 14 24 -13 29 15 -11 -17 18 23 20 -5 -21 -3 -14 25 -12 -23 -24 -1 -2
right_child=9 22 -4 19 -6 6 7 8 -10 10 11 12 17 -15 -16 16 -18 -19 -20 21 -22 26 27 -25 -26 -27 -28 -29 -30 -31
leaf_value=0.0017183436945205131 0.0037413702322170463 -0.0036250332581505679 -0.042740574027318227 0.007469404284323058 -0.055343482603179041 0.0016208468033814009 -0.04858841488948288 -0.02060489246286875 0.022561212986933137 0.011079496381559832 -0.04740611721828291 0.030250886366067341 -0.091236615187402864 -0.057492198810152509 -0.056683057931735871 0.035264067117608849 -0.041851876643829389 0.028498650320921658 0.0099796456792496414 0.023207523348776977 -0.043549968464894041 0.0044873243970724392 -0.060546803522294294 -0.031098696331190993 -0.062487370432740559 0.004017276518099357 -0.045250034410493696 -0.013282241803189047 0.004758611260743323 0.020507141067263864
leaf_weight=46518.158816963434 5779.5586398455271 99.092211276874878 92.149786076501186 2025.6434050810058 70.245923952759767 1144.1465780199505 235.82661475506029 180.18109983211616 128.29229917214252 4907.0032409891573 80.556088814424584 198.74309119628742 33.872417188249528 36.765477232824196 27.047941416501999 321.40809906338109 22.254154532929533 90.976005040109158 176.51456266641617 770.9070941497921 112.94054118618806 109.70445019414183 91.714280406813486 72.015471090504434 57.813093381002545 99.797450701473281 40.793405109609012 45.955567146607791 7509.6032759282971 217.37567166599911
leaf_count=103534 60775 2792 2687 3672 1092 18262 1284 857 220 30302 2497 111 573 1850 133 702 904 32 249 840 2994 621 1216 746 292 125 531 282 75496 552
internal_value=0.00284525 0.00198812 0.00210677 0.002177 0.00181692 0.00188899 -0.00617262 -0.0225549 -0.00265236 0.00702955 0.0100596 -0.002461 0.00880304 0.00397227 0.0119818 0.0123356 0.0302704 -0.00261329 -0.012636 0.00874154 0.00477503 0.0179478 -0.0275492 -0.0503362 -0.0295194 -0.0189513 -0.0089943 -0.0447694 0.00214093 0.00434909
internal_weight=71297.1 59175.4 58938.6 58846.4 55786.5 55716.2 1688.45 544.3 308.473 12121.7 6088 810.288 572.122 6033.7 5277.71 5250.67 343.662 373.378 282.402 3059.99 2138.58 921.405 236.762 105.888 238.167 180.354 150.498 137.67 54027.8 5996.93
internal_count=316223 216380 212090 209403 200745 199653 20623 2361 1077 99843 36666 4625 1711 63177 32041 31908 1606 1600 1568 8658 6666 1992 4290 1319 2914 2622 1152 1498 179030 61327
is_linear=0
shrinkage=0.03


Tree=89
num_leaves=31
num_cat=0
split_feature=5 5 5 5 5 5 9 6 6 5 5 3 4 5 5 5 5 1 0 5 5 1 9 0 6 5 5 5 3 4
split_gain=181.286 254.314 148.478 249.522 131.133 520.239 326.478 298.831 185.373 196.193 303.052 269.135 107.022 100.359 468.563 533.062 376.451 290.921 831.028 415.195 477.336 150.299 380.633 181.171 427.587 142.949 205.48 133.402 108.841 187.76
threshold=162.50000000000003 169.50000000000003 170.50000000000003 172.50000000000003 129.50000000000003 114.50000000000001 3.5000000000000004 1.5000000000000002 1.5000000000000002 119.50000000000001 120.50000000000001 23.500000000000004 4.5000000000000009 94.500000000000014 91.500000000000014 89.000000000000014 30.500000000000004 1.0000000180025095e-35 1.5000000000000002 23.000000000000004 29.500000000000004 3.5000000000000004 1.5000000000000002 3.5000000000000004 1.5000000000000002 43.500000000000007 78.500000000000014 10.500000000000002 12.500000000000002 11.500000000000002
decision_type=2 2 2 2 2 2 2 2 2 2 2 2 2 2 2 2 2 2 2 2 2 2 2 2 2 2 2 2 2 2
left_child=4 -2 -3 -4 5 6 13 -6 -7 -10 11 12 -11 14 15 16 17 18 -1 27 -21 22 23 24 28 -18 -27 -19 29 -15
right_child=1 2 3 -5 7 8 -8 -9 9 10 -12 -13 -14 21 -16 -17 25 19 -20 20 -22 -23 -24 -25 -26 26 -28 -29 -30 -31
leaf_value=0.00322818836056621 0.033044719900689815 -0.024580884998624639 0.035451496561726109 -0.032317127570730179 -0.00085937044366959318 0.034842663083215507 -0.061423010877672213 -0.053072247017477425 0.033229338397316087 -0.027498577136945025 0.031714671403173023 0.032804163486711529 -0.085413969593172878 0.000363694783489118 0.041219583702504003 -0.03837869405762824 0.040941727052042201 0.013335476083069306 -0.034527556323690589 -0.034090329854204876 0.044542503588587988 0.015906549591947979 -0.065041186091750636 0.024631497463083823 -0.033813830478717506 -0.03394226261426047 0.040757019482311821 0.031099409616288459 -0.053750223206704584 0.052103991367801292
leaf_weight=51861.715967297037 432.43785808234679 144.39869201183319 156.70279455184937 71.077708646895189 3951.35689534618 618.03923052363098 70.59185130870901 101.17967458137718 183.66604518890381 55.734230702742934 106.67231750488281 40.243143133819103 59.237773325294256 8057.3331267500762 296.47004284709692 273.45434316554747 333.36082359065767 2367.8276153603802 530.03927235744777 310.21441545683774 89.532836166210473 521.06064505781978 81.917063404805958 259.28112304469687 339.49617775967636 65.047958642593585 67.567953116260469 453.31804860197008 33.090314006134577 63.621604534040671
leaf_count=140746 57 1054 11 5739 38221 347 1214 2292 11 136 9 9 280 72856 11 4425 34 16538 11493 7630 56 1696 1772 613 5605 701 13 77 2260 26
internal_value=0.00323775 0.0173979 -0.000782221 0.0143047 0.00307771 0.00339404 0.003059 -0.00216297 0.0242086 0.00945784 -0.0072135 -0.0339671 -0.0573387 0.00312796 0.00360336 0.00340546 0.00360921 0.00338422 0.00284622 0.0121354 -0.0164787 0.000249455 -0.000673979 -7.15708e-05 -0.000825678 0.0304615 0.0041171 0.0161899 0.000547794 0.000769041
internal_weight=71995.7 804.617 372.179 227.781 71191.1 67138.5 66074.9 4052.54 1063.59 445.554 261.887 155.215 114.972 66004.3 56648.5 56352.1 56078.6 55612.6 52391.8 3220.89 399.747 9355.8 8834.74 8752.82 8493.54 465.977 132.616 2821.15 8154.05 8120.95
internal_count=315932 6861 6804 5750 309071 268558 267766 40513 792 445 434 425 416 266552 181724 181713 177288 176540 152239 24301 7686 84828 83132 81360 80747 748 714 16615 75142 72882
is_linear=0
shrinkage=0.03


Tree=90
num_leaves=31
num_cat=0
split_feature=5 10 2 3 3 3 2 8 8 1 2 5 5 3 2 7 7 5 6 10 2 8 3 3 5 1 5 2 5 5
split_gain=207.662 209.266 133.04 194.352 237.364 189.848 281.361 190.39 236.961 165.876 243.841 156.205 508.74 319.757 214.328 188.035 129.817 129.291 126.941 120.891 113.702 390.011 124.427 206.041 109.803 158.203 167.427 156.267 141.048 102.593
threshold=162.50000000000003 0.58333333333333337 3.5000000000000004 5.5000000000000009 8.5000000000000018 2.5000000000000004 5.5000000000000009 0.072751322751322761 0.012760529743812419 2.5000000000000004 5.5000000000000009 136.50000000000003 114.50000000000001 4.5000000000000009 2.5000000000000004 3.5000000000000004 2.5000000000000004 185.00000000000003 1.5000000000000002 0.87500000000000011 7.5000000000000009 0.83333333333333337 20.500000000000004 10.500000000000002 154.00000000000003 1.0000000180025095e-35 151.50000000000003 1.0000000180025095e-35 161.00000000000003 105.50000000000001
decision_type=2 2 2 2 2 2 2 2 2 2 2 2 2 2 2 2 2 2 2 2 2 2 2 2 2 2 2 2 2 2
left_child=2 17 3 11 -5 6 -4 8 9 16 19 12 15 18 -15 29 -7 -2 24 -11 -9 -22 23 -23 25 -13 -27 -28 -26 -1
right_child=1 -3 5 4 -6 7 -8 20 -10 10 -12 13 -14 14 -16 -17 -18 -19 -20 -21 21 22 -24 -25 28 26 27 -29 -30 -31
leaf_value=0.0029381288383114011 0.024265352267529242 -0.040308034756542335 0.0045004047932007398 -0.045594518717863006 0.00028057807097808633 -0.061728457575155549 -0.050441528680132429 0.021266551436982584 -0.061058972763611573 -0.071897158976010261 0.017399410386328817 -0.034931929453709806 0.030751402410335336 -0.18438955844835239 -0.033054625906195394 -0.051920301930240227 0.0084265499732500363 -0.034487175323765162 -0.051436964576095021 -0.0030906117307909768 -0.047795404671377467 0.016223686314735471 0.031908903923355214 -0.062486358104590224 0.046084719171269876 7.4926685426498918e-05 -0.03386894836543624 -0.1865888200578299 -8.496418570347794e-05 -0.0062289485904566686
leaf_weight=61616.938544174947 753.71146234311163 52.337352888906025 333.83484512672294 166.8716867329058 259.15082895573869 56.998397706251126 112.04252401768463 1412.4897045791731 54.491215967049357 43.396901637781411 528.67560165002942 198.45304781620507 588.38906218670309 14.024439091648672 21.08592761142063 56.621069794695359 40.68181212246418 35.288208966929233 47.137634469894692 48.851417802274227 101.78831716474087 131.29350680857897 237.03003848355729 38.770841488032602 60.891356259584427 553.43594078987371 27.438369165174663 7.7284652686503241 2707.2390317409299 1118.701446477673
leaf_count=236181 894 1042 599 4115 3820 293 1975 2051 405 175 471 3662 130 390 135 2052 60 4992 1672 69 1917 102 1812 465 5 5918 709 305 24035 15400
internal_value=0.0029678 0.0177842 0.00279119 0.00251015 -0.0176886 0.00882709 -0.00930571 0.0118277 -0.00074408 0.00382955 0.00954634 0.00263855 0.00298552 -0.00340725 -0.0935037 0.00272534 -0.0325103 0.0216376 -0.00252912 -0.0354597 0.0168861 0.00472755 0.0178602 -0.00172043 -0.00188066 -0.0117682 -0.00395833 -0.0674315 0.000930644 0.00277466
internal_weight=71425.8 841.337 70584.5 67444.1 426.023 3140.35 445.877 2694.47 773.095 718.604 620.924 67018.1 63380.7 3637.43 35.1104 62792.3 97.6802 789 3602.32 92.2483 1921.37 508.883 407.094 170.064 3555.19 787.056 588.603 35.1668 2768.13 62735.6
internal_count=315851 6928 308923 298529 7935 10394 2574 7820 1473 1068 715 290594 253763 36831 525 253633 353 5886 36306 244 6347 4296 2379 567 34634 10594 6932 1014 24040 251581
is_linear=0
shrinkage=0.03


Tree=91
num_leaves=31
num_cat=0
split_feature=5 5 6 8 8 5 5 8 2 3 5 2 0 2 5 1 5 5 1 5 1 3 5 5 5 2 0 11 9 8
split_gain=250.211 391.911 364.89 152.673 131.976 135.142 241.758 158.13 87.1069 228.827 137.608 129.157 270.113 177.955 323.059 554.746 110.3 150.369 107.438 287.726 102.796 197.075 97.8791 91.4901 79.9633 73.2203 75.5204 223.535 188.79 232.965
threshold=114.50000000000001 129.50000000000003 1.5000000000000002 0.45000000000000007 0.085144927536231887 119.50000000000001 120.50000000000001 0.006045341584640874 4.5000000000000009 5.5000000000000009 162.50000000000003 1.0000000180025095e-35 1.5000000000000002 1.5000000000000002 151.50000000000003 1.0000000180025095e-35 169.50000000000003 170.50000000000003 1.0000000180025095e-35 154.00000000000003 1.0000000180025095e-35 4.5000000000000009 161.00000000000003 164.50000000000003 185.00000000000003 12.500000000000002 2.5000000000000004 1.0000000180025095e-35 1.0000000180025095e-35 0.0061412551543799663
decision_type=2 2 2 2 2 2 2 2 2 2 2 2 2 2 2 2 2 2 2 2 2 2 2 2 2 2 2 2 2 2
left_child=25 4 3 -3 5 -2 7 -7 9 10 11 12 18 14 -13 -16 -12 20 19 -5 -18 -22 -21 -10 -19 26 27 -1 -28 -30
right_child=1 2 -4 8 -6 6 -8 -9 23 -11 16 13 -14 -15 15 -17 17 24 -20 22 21 -23 -24 -25 -26 -27 28 -29 29 -31
leaf_value=0.0031100287143257504 0.032914692498491868 -0.031961216015249531 -0.049958280668702434 -0.032428298894084988 0.034030734474300828 -0.0028303928024444478 0.031817291971255469 -0.064170841438798712 0.025847021334854569 -0.050456244417572044 0.03224555198528295 0.019873789646432518 -0.031386583890085279 0.0012147282955352616 -0.011651743890945762 -0.17050910502406111 0.011336484764576977 0.033078871302858089 0.014462768274471995 0.0462678049154987 -0.083250619184185345 0.022193801026489483 0.0066691618085486914 -0.046599629480640344 -0.033994406143357858 -0.048249562641843852 0.018793443203689621 -0.082666066739108104 0.014353481106543442 -0.018016958720630468
leaf_weight=64643.22662026 202.1578674316479 88.670355710957665 103.19812897726661 177.3289501927793 658.36143121635541 125.50833387859166 134.97641086578369 54.13920958340168 325.56326064898894 62.276748868316645 334.24949407577515 53.894752692896873 150.39634927082807 516.93942568002967 49.996574347780552 32.740049519954482 58.889922045171261 147.69920301437378 1786.5790314394981 59.745292574167252 41.682356778532267 25.842902228236198 941.06968335062265 16.482720175103168 17.939852565526962 24.867048950865865 911.67001861592871 27.355193077281001 417.41010481206467 384.33331572869793
leaf_count=258089 13 6488 2813 2779 364 189 11 222 1499 1238 50 184 4322 1500 214 422 189 16 13055 3 390 11 7808 692 3664 172 3778 301 2225 3553
internal_value=0.00375593 0.00953663 0.0058668 0.00704542 0.0251235 0.0137759 0.00147855 -0.0213162 0.00776609 0.00664648 0.00745562 0.0052916 0.00783546 -0.00683322 -0.0372823 -0.0745138 0.0204773 0.00700878 0.00982514 0.00279249 -0.0176318 -0.0428955 0.00903307 0.0223559 0.0258144 0.00321917 0.00323845 0.00307375 0.00945492 -0.001164
internal_weight=72575.2 6166.33 4991.19 4887.99 1175.14 516.782 314.624 179.648 4799.32 4457.27 4394.99 3768.69 3115.12 653.571 136.631 82.7366 626.304 292.054 2964.72 1178.14 126.415 67.5253 1000.81 342.046 165.639 66408.9 66384 64670.6 1713.41 801.743
internal_count=316254 48136 47337 44524 799 435 422 411 38036 35845 34607 30287 27967 2320 820 636 4320 4270 23645 10590 590 401 7811 2191 3680 268118 267946 258390 9556 5778
is_linear=0
shrinkage=0.03


Tree=92
num_leaves=31
num_cat=0
split_feature=5 5 2 4 2 10 0 5 11 8 8 7 4 9 5 5 4 2 0 6 5 5 8 8 4 4 0 0 5 5
split_gain=132.058 169.914 138.366 321.639 163.234 129.054 128.916 222.687 204.51 184.061 264.54 139.459 115.604 106.688 97.7415 143.102 114.672 85.8629 165.848 223.115 143.21 189.39 107.164 97.2414 92.3014 96.792 108 81.9466 78.4872 204.442
threshold=162.50000000000003 169.50000000000003 4.5000000000000009 1.0000000180025095e-35 12.500000000000002 0.58333333333333337 2.5000000000000004 119.50000000000001 1.0000000180025095e-35 0.0052287671045616732 0.0057664597650188441 4.5000000000000009 7.5000000000000009 3.5000000000000004 170.50000000000003 185.00000000000003 2.5000000000000004 7.5000000000000009 5.5000000000000009 1.5000000000000002 113.00000000000001 99.500000000000014 0.30952380952380959 0.006045341584640874 2.5000000000000004 7.5000000000000009 1.5000000000000002 1.5000000000000002 161.00000000000003 154.00000000000003
decision_type=2 2 2 2 2 2 2 2 2 2 2 2 2 2 2 2 2 2 2 2 2 2 2 2 2 2 2 2 2 2
left_child=2 -2 6 -4 13 14 8 11 12 -9 -11 -8 28 17 16 -16 27 -5 19 20 21 22 -19 -21 -24 -26 -27 -3 29 -1
right_child=1 5 3 4 -6 -7 7 9 -10 10 -12 -13 -14 -15 15 -17 -18 18 -20 23 -22 -23 24 -25 25 26 -28 -29 -30 -31
leaf_value=0.0033220805860015262 0.032114164002948004 -0.00074036759062332956 -0.051355526177380227 0.020172853208485025 -0.050689629184369388 -0.043372262500218528 0.016732132638859608 -0.13497104365207724 -0.07839920159130595 0.026798078515971345 -0.065672634133218777 -0.048078517039250278 -0.02664274548116501 -0.021018231758406433 0.034011775789254933 -0.034101988628862344 0.017217592441190203 -0.041953139028021627 0.030871996044038619 -0.0094982748980073032 0.029481092750356253 -0.046529214423982931 -0.061775343795789125 -0.05417302914597192 0.032111713333097029 -0.058005503988032635 0.016245431866042298 -0.062149339174304354 -0.0016917254059123979 0.043693145095968923
leaf_weight=64615.003388367812 334.17162167280912 36.111476658843458 73.068472094309982 1206.8081152548548 36.142103143036366 47.200810638809344 1373.4818494299616 12.636743106413631 27.704304574377602 62.749167110770941 50.053930860340188 30.545675466069952 117.20137133070966 77.548414587974548 171.93444793857634 33.105051709935651 78.606271726079285 32.772578164265724 226.66650295257568 110.42039912403561 225.23177978199965 66.949101340200286 13.221077231399248 72.733994892230839 174.19136963016354 25.973563986131921 54.887052797799697 42.662686015479267 2853.0151741984155 113.09211084246635
leaf_count=260814 58 279 1394 1416 225 1044 7775 84 317 17 1121 845 3865 193 23 5012 51 623 78 271 1263 705 95 520 64 1387 495 480 25657 6
internal_value=0.00366329 0.0162391 0.00353275 0.0106195 0.0125685 0.00328806 0.00328751 0.0119005 0.003093 -0.0263968 -0.0142338 0.0153221 0.00312635 0.013568 0.00936501 0.0230143 -0.00841771 0.0147817 0.00829532 0.001704 0.0106401 -0.000891591 0.00925769 -0.0272394 0.0155137 0.0195201 -0.00760501 -0.0339984 0.00317797 0.00339262
internal_weight=72395.9 743.792 71652.1 2396.61 2323.55 409.621 69255.5 1529.47 67726 125.44 112.803 1404.03 67698.3 2287.4 362.42 205.039 157.38 2209.86 1003.05 776.381 593.227 367.995 301.046 183.154 268.273 255.052 80.8606 78.7742 67581.1 64728.1
internal_count=316177 6947 309230 8729 7335 6889 300501 9842 290659 1222 1138 8620 290342 7110 5845 5035 810 6917 5501 5423 4632 3369 2664 791 2041 1946 1882 759 286477 260820
is_linear=0
shrinkage=0.03


Tree=93
num_leaves=31
num_cat=0
split_feature=2 3 5 5 5 5 2 4 3 3 5 5 5 1 4 6 1 4 5 8 0 2 1 5 2 5 4 0 6 0
split_gain=276.459 333.264 185.406 232.437 288.907 182.335 129.619 164.21 131.646 128.175 178.667 149.718 699.594 137.597 159.889 124.031 118.74 111.768 108.744 222.584 204.801 246.942 108.252 481.526 280.285 253.337 164.782 230.482 106.299 129.157
threshold=4.5000000000000009 1.5000000000000002 162.50000000000003 169.50000000000003 170.50000000000003 185.00000000000003 7.5000000000000009 15.500000000000002 15.500000000000002 5.5000000000000009 119.50000000000001 10.500000000000002 23.000000000000004 1.5000000000000002 2.5000000000000004 5.5000000000000009 1.0000000180025095e-35 15.500000000000002 114.50000000000001 0.83333333333333337 1.5000000000000002 3.5000000000000004 1.0000000180025095e-35 29.500000000000004 1.0000000180025095e-35 94.500000000000014 4.5000000000000009 2.5000000000000004 1.5000000000000002 1.5000000000000002
decision_type=2 2 2 2 2 2 2 2 2 2 2 2 2 2 2 2 2 2 2 2 2 2 2 2 2 2 2 2 2 2
left_child=2 -2 9 -4 16 -6 15 8 -8 11 17 13 -13 14 28 -3 -5 18 19 -11 21 -21 -14 24 -24 -25 -27 -28 29 -1
right_child=1 6 3 4 5 -7 7 -9 -10 10 -12 12 22 -15 -16 -17 -18 -19 -20 20 -22 -23 23 25 -26 26 27 -29 -30 -31
leaf_value=0.0010859701077246388 -0.039578729527434006 0.022685218682063944 0.032818086663145375 -0.0075455021322059848 0.034537420356204607 -0.033797420080276037 -0.00074151662220384954 0.019730633336866452 -0.061031508886502078 -0.043902280664002355 -0.058433680091966582 0.03072357275789615 0.0049238047418185306 0.034466810149345335 -0.015536289919720111 -0.012835354039660221 -0.075137960377394231 0.027447713127091943 0.03344302817943548 -0.054559511778576951 0.046465189517600973 0.0191844673343563 -0.031478971984185915 0.025372451372088003 -0.15808819347329892 -0.00082098514176089327 0.008016260844165379 0.075061113351918785 0.020163158916104814 -0.013487218429537996
leaf_weight=48486.837117288262 108.34355649545614 1282.88717387621 382.39076308905351 41.484927386045456 147.09174917638302 46.173696942489187 549.72621573574725 454.23392301514104 34.650197068360285 163.38034907785914 67.16993559612456 848.56780171394348 9277.0609117085987 109.80120012722909 530.43495362089016 95.027096975594759 53.628692289814353 74.96767846783041 42.389969560317695 78.348833136260509 66.108783291332657 85.429450646042824 251.93892433447763 379.54483608924784 16.785038495901972 6216.2487921936554 198.08371108124265 60.163906219648197 259.76493999618106 553.58059424976818
leaf_count=131740 1711 1527 54 219 13 5263 1627 4269 201 3835 1593 152 80088 162 1226 175 626 1409 3 350 1398 48 6677 1420 443 61897 414 65 1137 5841
internal_value=0.00214678 0.0118956 0.00178712 0.017482 -0.00285373 0.0182113 0.0142034 0.00620053 -0.00431637 0.00163177 -0.0124377 0.00175276 0.00416245 0.000920501 0.000846582 0.0202356 -0.0456567 -0.00638713 -0.0122094 -0.0171302 0.00189659 -0.0160934 0.00278811 6.47231e-06 -0.0393872 0.00155097 0.000154516 0.0236357 0.00102285 0.000921464
internal_weight=70962.2 2524.87 68437.4 670.77 288.379 193.265 2416.52 1038.61 584.376 67766.6 577.795 67188.8 17248.4 49940.4 49830.6 1377.91 95.1136 510.625 435.657 393.267 229.887 163.778 16399.8 7122.77 268.724 6854.04 6474.5 258.248 49300.2 49040.4
internal_count=315583 9510 306073 6175 6121 5276 7799 6097 1828 299898 8636 291262 151156 140106 139944 1702 845 7043 5634 5631 1796 398 151004 70916 7120 63796 62376 479 138718 137581
is_linear=0
shrinkage=0.03


Tree=94
num_leaves=31
num_cat=0
split_feature=5 5 5 5 2 5 10 6 1 8 10 5 4 5 5 6 8 5 5 5 5 5 5 5 1 8 8 5 5 6
split_gain=310.407 869.323 766.768 344.763 199.977 390.783 207.41 189.269 154.975 140.148 194.332 588.1 404.417 237.546 232.392 203.463 178.959 162.914 168.01 156.769 156.676 152.138 166.93 253.528 213.28 279.094 211.227 175.393 151.837 141.419
threshold=29.500000000000004 27.500000000000004 10.500000000000002 89.000000000000014 4.5000000000000009 8.5000000000000018 0.41666666666666669 1.5000000000000002 1.5000000000000002 0.36666666666666675 1.0000000180025095e-35 95.500000000000014 1.5000000000000002 105.50000000000001 100.50000000000001 1.5000000000000002 0.83333333333333337 129.50000000000003 120.50000000000001 99.500000000000014 119.50000000000001 162.50000000000003 105.50000000000001 109.00000000000001 1.0000000180025095e-35 0.58333333333333337 0.83333333333333337 93.500000000000014 114.50000000000001 1.5000000000000002
decision_type=2 2 2 2 2 2 2 2 2 2 2 2 2 2 2 2 2 2 2 2 2 2 2 2 2 2 2 2 2 2
left_child=1 2 4 -2 5 8 -6 -7 -1 17 21 12 -12 14 19 16 -15 18 20 -13 28 22 24 -24 25 -11 -25 -27 -5 -26
right_child=3 -3 -4 9 6 7 -8 -9 -10 10 11 13 -14 15 -16 -17 -18 -19 -20 -21 -22 -23 23 26 29 27 -28 -29 -30 -31
leaf_value=0.0016108099515859784 0.026053991519582567 -0.016727701710411581 0.028339512886467105 0.0082926565979699954 -0.027073154998100066 -0.01209101967545427 0.026120417127260445 0.011796906179377483 0.048641360472652162 -0.037819606937897626 -0.071821510243723102 0.030768331531079815 -0.014134878212119067 -0.037045893311917037 0.047194991456621108 -0.050382353354245478 0.0053157908031682324 -0.03194262573311081 0.033805865797293291 -0.0079531594258505783 -0.01824710057617511 0.02350174324216147 -0.046902574940710581 -0.046467679807714282 0.017068860432866966 -0.035888990820797724 0.0023244434994519935 0.0069778914157161871 0.032324897392147597 -0.022963061731597942
leaf_weight=47133.983392365277 707.06598007504726 2410.3160010690481 954.75127643615997 3574.7161917483318 76.25649284850806 2692.8484807367204 489.10868215630762 335.73168179730419 63.142967998981476 148.46017569137621 121.750352966832 162.46981263160706 1076.1372706306429 96.421418965386692 216.08421993255615 69.018149653649743 1297.7915406224784 84.733105835628521 252.43942165374756 223.62448912800755 186.89292701333761 395.74991038160806 100.74454131908715 81.564179427841736 1989.3363591749221 90.252133158035576 3806.4604985065525 1782.8856673269183 253.38121509552002 82.723943900084123
leaf_count=104114 2577 30781 1786 18119 456 35663 734 1592 8 3520 641 28 6361 2761 28 927 3135 6768 20 1228 409 4579 474 4687 22462 945 35476 24333 20 1242
internal_value=0.00198865 0.000883481 0.00170381 0.00555111 0.00120312 0.0010034 0.0189457 -0.00944294 0.00167373 0.00465033 0.0029459 -0.00327503 -0.019998 0.00642389 0.0222833 -0.000102872 0.00238613 0.00924862 0.0100665 0.00834098 0.00857391 0.00534037 0.00445111 8.33906e-05 0.00870691 0.00177435 0.00130087 0.00491247 0.00988335 0.0154706
internal_weight=70956.8 54156.1 51745.8 16800.7 50791.1 50225.7 565.365 3028.58 47197.1 16093.6 11741.5 3263.3 1197.89 2065.41 602.179 1463.23 1394.21 4352.16 4267.43 386.094 4014.99 8478.18 8082.43 3988.77 4093.66 2021.6 3888.02 1873.14 3828.1 2072.06
internal_count=315874 175134 144353 140740 142567 141377 1190 37255 104122 138163 112827 15109 7002 8107 1284 6823 5896 25336 18568 1256 18548 97718 93139 40637 52502 28798 40163 25278 18139 23704
is_linear=0
shrinkage=0.03


Tree=95
num_leaves=31
num_cat=0
split_feature=5 5 10 2 3 2 4 0 0 7 5 6 2 3 8 5 5 2 3 5 5 2 0 5 5 5 5 8 6 5
split_gain=136.164 206.39 106.759 96.3209 328.188 152.248 193.807 176.921 269.116 175.579 231.147 200.276 274.12 115.132 227.268 179.262 235.918 150.584 94.1339 91.273 129.692 114.388 101.993 89.2999 538.784 132.485 348.033 215.598 168.686 160.828
threshold=162.50000000000003 169.50000000000003 0.58333333333333337 4.5000000000000009 1.5000000000000002 7.5000000000000009 15.500000000000002 4.5000000000000009 1.5000000000000002 1.0000000180025095e-35 115.50000000000001 6.5000000000000009 6.5000000000000009 5.5000000000000009 0.0053262411347517738 37.500000000000007 29.500000000000004 3.5000000000000004 8.5000000000000018 170.50000000000003 185.00000000000003 2.5000000000000004 1.5000000000000002 10.500000000000002 27.500000000000004 136.50000000000003 114.50000000000001 0.0048840121653050276 1.5000000000000002 154.00000000000003
decision_type=2 2 2 2 2 2 2 2 2 2 2 2 2 2 2 2 2 2 2 2 2 2 2 2 2 2 2 2 2 2
left_child=3 -2 19 13 -5 9 7 8 18 -6 11 12 -11 23 -15 16 17 -16 -7 21 -21 22 -3 -1 -25 26 27 -26 29 -27
right_child=1 2 -4 4 5 6 -8 -9 -10 10 -12 -13 -14 14 15 -17 -18 -19 -20 20 -22 -23 -24 24 25 28 -28 -29 -30 -31
leaf_value=0.002604755072995125 0.032343216895643664 -0.00021022177007082825 -0.043051854301252121 -0.042588920973381059 0.024308904000588098 0.01271448692444371 0.018467300998174674 0.013595745620921669 -0.051878910999121987 -0.11177784680276912 0.023270196636274155 0.023449368208486268 -0.0011544954186759133 0.020722589130787887 -0.041765774347862689 -0.040562597129560077 0.046741850003627031 0.018761821780399299 -0.040572732365041733 0.034029926823407899 -0.033834381394341702 0.02339155411349552 -0.063304577623427422 0.028531132644291995 -0.062337539760652531 -0.01233441231963445 0.02894398980550076 0.0045725836941007507 -0.050981245865702199 0.0029762103601900978
leaf_weight=51134.364660207182 363.59745548665524 46.917613372206688 44.748813555626839 104.408973793732 1002.0425657115411 147.84570781874936 399.0554194295546 194.52497250586748 152.22543625386606 43.647760765627027 134.10250599030405 37.118193797767162 37.463609017431736 160.2077369075123 109.49056081153685 215.85220647075039 63.422054439084604 55.868093873024918 37.379561035253573 137.58898748457432 31.066266510992136 55.157362115569413 45.343172915279865 840.3655422325246 43.499478391837329 778.85760280510294 540.31682342849672 11932.300639806199 59.800668706855504 2980.0283789216774
leaf_count=140177 59 293 1040 1726 1111 369 3722 169 1074 247 58 16 56 172 2696 5455 212 133 167 24 5037 24 506 1481 2241 10701 138 110471 1813 24527
internal_value=0.00345079 0.0163915 0.000317161 0.00331914 0.00937232 0.0118548 0.00266381 -0.009191 -0.0223265 0.0186766 -0.00369004 -0.0342698 -0.0606833 0.00311801 -0.00991321 -0.0209517 -0.0024491 -0.0213159 0.00196081 0.00645723 0.0215293 -0.0107862 -0.031219 0.00323339 0.00510499 0.0038998 0.00539215 0.00432955 -0.000991512 -0.000196218
internal_weight=71928.6 724.42 360.822 71204.2 2289.81 2185.41 931.031 531.976 337.451 1254.37 252.332 118.23 81.1114 68914.4 604.841 444.633 228.781 165.359 185.225 316.073 168.655 147.418 92.2608 68309.5 17175.2 16334.8 12516.1 11975.8 3818.69 3758.89
internal_count=315915 6983 6924 308932 8715 6989 5501 1779 1610 1488 377 319 303 300217 8668 8496 3041 2829 536 5884 5061 823 799 291549 151372 149891 112850 112712 37041 35228
is_linear=0
shrinkage=0.03


Tree=96
num_leaves=31
num_cat=0
split_feature=2 3 3 10 3 0 5 5 5 5 5 2 5 5 7 5 5 3 5 5 2 2 1 1 9 0 6 5 1 7
split_gain=206.498 206.896 171.116 170.502 164.729 184.751 253.976 173.687 162.86 149.307 138.523 135.73 313.864 237.852 126.677 121.3 112.817 136.54 348.147 148.843 133.014 532.073 109.991 99.0752 127.918 88.3624 221.171 211.274 121.013 112.423
threshold=2.5000000000000004 24.500000000000004 5.5000000000000009 0.87500000000000011 4.5000000000000009 1.5000000000000002 102.50000000000001 10.500000000000002 99.500000000000014 71.500000000000014 162.50000000000003 1.5000000000000002 89.000000000000014 98.500000000000014 1.5000000000000002 29.500000000000004 120.50000000000001 23.500000000000004 119.50000000000001 114.50000000000001 3.5000000000000004 6.5000000000000009 5.5000000000000009 2.5000000000000004 1.0000000180025095e-35 3.5000000000000004 1.5000000000000002 9.5000000000000018 1.5000000000000002 1.5000000000000002
decision_type=2 2 2 2 2 2 2 2 2 2 2 2 2 2 2 2 2 2 2 2 2 2 2 2 2 2 2 2 2 2
left_child=2 14 4 -4 10 7 8 -6 -7 15 25 -9 -13 -14 23 -5 17 18 19 20 -16 -22 -23 24 -2 26 -1 -28 -27 -30
right_child=1 -3 3 9 5 6 -8 11 -10 -11 -12 12 13 -15 16 -17 -18 -19 -20 -21 21 22 -24 -25 -26 28 27 -29 29 -31
leaf_value=0.001376948548863793 0.009993852457375281 -0.041354798153161662 -0.042094158788809961 -0.042002228776907798 -0.045496248249176016 0.024856646055951385 -0.0410623475194122 0.018562050965267887 0.076925921198881933 -0.057752973906783668 0.017773288993080432 0.021416628366589953 -0.13476014192839747 -0.018469340495482767 0.014040496685855062 0.046859530345508681 0.031705880299881355 0.02909433790877566 -0.08422077851609551 0.032349327113362629 -0.096658716323348173 -0.022716012009990173 0.024647167228013162 0.036673695372293362 -0.036971294435575959 0.051995109583201929 -0.14344418560264433 -0.015737550768781392 0.035249002324738925 -0.0040431350646159634
leaf_weight=62658.330535230532 4376.8559557851549 76.255312482840964 159.477643017628 17.785230717228842 65.532292347401381 465.83305127825588 48.174720767550752 297.3876264358405 61.15995756816119 24.372458233156067 463.13292439596262 85.89185180934146 26.664422689937055 38.954030504450202 109.51040031423327 62.093985413433984 70.297640406512073 75.010011553764343 56.77327037602663 77.879067420959473 68.566503039328381 85.263669681851752 91.468265727162361 123.52102812099474 52.824096909665968 68.021670144284144 11.950232224538921 478.39271985529922 93.883669175498653 217.05819606309524
leaf_count=271746 12287 2705 4688 655 189 823 369 302 38 1092 5757 73 165 107 112 50 16 27 283 6 360 226 32 22 314 141 223 9032 137 3526
internal_value=0.00198545 0.00770138 0.00152496 -0.0225913 0.00162269 0.0131893 0.0248722 0.000127147 0.0308995 0.00724299 0.00142574 0.00678747 -0.0163239 -0.0657248 0.00842243 0.0270743 -0.00413273 -0.00859596 -0.014372 -0.0052071 -0.0134506 -0.0257236 0.00179698 0.0101728 0.00943379 0.00130656 0.00121989 -0.0188499 0.0157495 0.00782047
internal_weight=70608.3 5264.23 65344.1 263.729 65080.4 1089.6 575.168 514.43 526.993 104.252 63990.8 448.898 151.51 65.6185 5187.97 79.8792 634.769 564.471 489.461 432.688 354.809 245.298 176.732 4553.2 4429.68 63527.6 63148.7 490.343 378.964 310.942
internal_count=315503 16390 299113 6485 292628 2066 1230 836 861 1797 290562 647 345 272 13685 705 1062 1046 1019 736 730 618 258 12623 12601 284805 281001 9255 3804 3663
is_linear=0
shrinkage=0.03


Tree=97
num_leaves=31
num_cat=0
split_feature=5 5 5 5 6 2 3 2 3 5 5 5 5 2 6 5 5 8 8 1 6 8 5 5 8 2 4 2 2 8
split_gain=117.758 291.993 242.716 370.851 218.027 245.216 163.367 199.845 184.026 170.042 244.537 171.362 251.5 133.202 121.376 99.6843 673.09 368.889 555.062 351.892 333.595 284.805 178.713 495.968 250.213 181.332 164.466 157.587 247.31 122.369
threshold=162.50000000000003 169.50000000000003 129.50000000000003 114.50000000000001 1.5000000000000002 4.5000000000000009 4.5000000000000009 2.5000000000000004 5.5000000000000009 144.00000000000003 151.50000000000003 154.00000000000003 161.00000000000003 1.0000000180025095e-35 1.5000000000000002 105.50000000000001 100.50000000000001 0.093073593073593086 0.83333333333333337 1.0000000180025095e-35 1.5000000000000002 0.013259684697884312 99.500000000000014 95.500000000000014 0.45000000000000007 2.5000000000000004 4.5000000000000009 5.5000000000000009 2.5000000000000004 0.0043336995614652891
decision_type=2 2 2 2 2 2 2 2 2 2 2 2 2 2 2 2 2 2 2 2 2 2 2 2 2 2 2 2 2 2
left_child=2 -2 3 15 5 6 9 8 -8 -4 -11 13 -13 -12 -5 16 22 20 -19 -20 -17 29 23 -1 26 -26 -24 28 -21 -22
right_child=1 -3 4 14 -6 -7 7 -9 -10 10 11 12 -14 -15 -16 17 -18 18 19 27 21 -23 24 -25 25 -27 -28 -29 -30 -31
leaf_value=0.0028216436292966647 0.032246021842847708 -0.0070192473897480101 -0.017831899140236616 0.033238911400825341 -0.049357907488243292 0.023378329397566584 -0.1995358549872599 -0.01499885399076554 -0.045628406337766762 0.048407516030267425 -0.033984186409266488 0.042645258223787265 -0.0033873849805855301 -0.16096545499595971 0.011161683498513679 0.039507140349241673 0.036635600033086697 -0.067567690389322241 0.017196254935708175 -0.027144820471807406 -0.02616197863655308 -0.060938608352430791 -0.059236751497682393 0.032514866206832048 0.0040359725634293063 -0.042461674253174923 0.0079569655079439524 0.029422846525170361 -0.14800974876309755 0.0075057784572405261
leaf_weight=62434.434721756057 392.58825445920229 301.23998082996695 679.78172949852524 455.46465988317505 94.410353112489247 289.16123792134749 12.085616181837397 63.172643237368902 16.590045971432119 86.831277515273541 58.231678229756653 111.22871969640255 2694.4252278169733 8.5230535105511063 441.24878575652838 230.06008989177644 536.17211884213611 168.04926841502311 305.92332709720358 319.33663232636172 109.6651700391667 65.601355062972289 133.07744803774403 510.40833251364529 550.95764003231307 87.467261516256258 43.50047974899644 40.959675941616297 15.999846697086467 852.04847076581791
leaf_count=244056 66 6887 8774 354 2312 1726 315 575 819 338 1186 7 24221 371 427 60 84 2904 3498 5680 1679 1134 1597 73 1944 856 69 15 214 4294
internal_value=0.00289857 0.0151982 0.00277907 0.00321151 -0.00429435 -0.00323604 -0.00529878 -0.0448131 -0.110494 -0.00430145 -0.0011933 -0.00269271 -0.00156244 -0.0501968 0.0223753 0.00295272 0.00316317 -0.00346723 -0.0187297 -0.00669958 0.00685364 -0.000458891 0.00288169 0.00306242 -0.0110764 -0.00233443 -0.0426834 -0.0261265 -0.0329116 0.00366661
internal_weight=72108.6 693.828 71414.8 67300.4 4114.44 4020.03 3730.87 91.8483 28.6757 3639.02 2959.24 2872.41 2805.65 66.7547 896.713 66403.7 64296 2107.64 850.269 682.219 1257.38 1027.31 63759.8 62944.8 815.003 638.425 176.578 376.296 335.336 961.714
internal_count=316535 6953 309582 268938 40644 38332 36606 1709 1134 34897 26123 25785 24228 1557 781 268157 248679 19478 12311 9407 7167 7107 248595 244129 4466 2800 1666 5909 5894 5973
is_linear=0
shrinkage=0.03


Tree=98
num_leaves=31
num_cat=0
split_feature=2 1 0 8 2 7 2 8 3 8 2 2 8 8 2 4 3 2 4 8 8 4 2 3 0 3 7 8 0 0
split_gain=228.395 240.134 287.344 811.865 410.229 282.515 258.951 136.826 135.092 134.344 92.0024 128.967 92.6885 90.9494 89.6827 191.564 136.068 100.184 98.0524 80.7127 398.811 139.203 272.998 107.845 69.7286 139.487 83.3025 141.159 138.712 104.449
threshold=11.500000000000002 1.0000000180025095e-35 1.5000000000000002 0.36666666666666675 1.5000000000000002 1.0000000180025095e-35 1.0000000180025095e-35 0.83333333333333337 11.500000000000002 0.00245399142457966 2.5000000000000004 4.5000000000000009 0.050423728813559332 0.83333333333333337 4.5000000000000009 2.5000000000000004 5.5000000000000009 6.5000000000000009 8.5000000000000018 0.30952380952380959 0.11437908496732027 2.5000000000000004 1.0000000180025095e-35 2.5000000000000004 1.5000000000000002 11.500000000000002 2.5000000000000004 0.014117725219239969 4.5000000000000009 4.5000000000000009
decision_type=2 2 2 2 2 2 2 2 2 2 2 2 2 2 2 2 2 2 2 2 2 2 2 2 2 2 2 2 2 2
left_child=1 2 8 10 5 6 -5 -6 14 -3 12 -12 -4 -8 16 17 -1 -16 -18 20 23 22 -21 -14 25 -11 29 28 -28 -26
right_child=-2 9 3 4 7 -7 13 -9 -10 24 11 -13 19 -15 15 -17 18 -19 -20 21 -22 -23 -24 -25 26 -27 27 -29 -30 -31
leaf_value=0.0027226411837429731 -0.052528693790285151 -0.060686732568490512 0.032771771415718305 -0.013890585848197735 -0.046031701726385828 0.037216460186818456 -0.046023053998293019 -0.092935245302042793 -0.053228826093523578 0.0052340998370946201 0.024224735546948994 -0.02923818247007089 0.01621804516081559 -0.10215271021240097 0.011351108769896206 0.023527298785853336 -0.051296881164525882 -0.057745064173944066 0.00433077379514078 0.0069127261096101327 -0.064857855853164559 0.021599079099242087 -0.041596828182502113 -0.049865988935470631 0.010061392083945792 -0.055695023035747082 -0.063267331018598758 -0.059509126296464404 0.0059558892015852856 0.036164282915050611
leaf_weight=56845.232845201739 66.6216487493366 26.340101770212641 80.206888252469071 530.56425275804941 164.72070379990328 76.073513150782674 117.00519604900182 84.788790489008534 38.803761681410833 5950.9113535209108 352.84710407812963 45.889582053147024 194.40520863246638 33.396936098957667 33.184159987140447 416.80533493042458 72.253373060710146 43.830694110452896 47.113390939746751 462.01066052471288 95.204591597081162 279.6513195498701 134.89714477042435 25.094358990099863 4886.4736267725966 34.009643290883105 27.385117419529706 34.995114097255282 535.45632272341754 141.97431053500623
leaf_count=181058 395 860 393 15085 2807 287 1226 2055 2009 61097 531 510 827 806 35 225 849 459 214 4016 1466 702 551 406 31347 1835 745 659 2402 120
internal_value=0.00299212 0.00304363 0.00228072 -0.00732737 -0.02861 -0.0176149 -0.0237403 -0.0619706 0.00272802 0.00698843 0.00549863 0.0180718 0.00155564 -0.0584867 0.00276581 0.0154955 0.00265545 -0.0279729 -0.029341 -0.000546124 -0.0135786 0.00413283 -0.00405011 0.00866297 0.00714195 0.00488787 0.00953971 -0.0010471 0.00258783 0.0107984
internal_weight=71878.1 71811.5 60174 2676.76 1006.55 757.04 680.966 249.509 57497.2 11637.5 1670.21 398.737 1271.47 150.402 57458.4 493.82 56964.6 77.0149 119.367 1191.26 314.704 876.559 596.908 219.5 11611.2 5984.92 5626.28 597.837 562.841 5028.45
internal_count=315977 315582 216517 31668 22266 17404 17117 4862 184849 99065 9402 1041 8361 2032 182840 719 182121 494 1063 7968 2699 5269 4567 1233 98205 62932 35273 3806 3147 31467
is_linear=0
shrinkage=0.03


Tree=99
num_leaves=31
num_cat=0
split_feature=2 2 5 3 10 0 7 1 5 10 6 5 2 3 10 0 5 5 3 5 0 2 1 3 5 2 2 3 1 3
split_gain=145.394 152.262 141.597 136.402 215.971 144.531 127.946 115.501 445.333 319.802 240.871 236.633 211.614 193.252 173.672 160.197 186.717 307.566 346.262 153.839 152.887 114.68 108.378 103.457 329.425 105.529 102.516 132.79 95.7029 112.255
threshold=1.5000000000000002 10.500000000000002 9.5000000000000018 1.0000000180025095e-35 0.70833333333333337 2.5000000000000004 4.5000000000000009 1.0000000180025095e-35 10.500000000000002 1.0000000180025095e-35 1.5000000000000002 23.000000000000004 2.5000000000000004 2.5000000000000004 0.87500000000000011 1.5000000000000002 129.50000000000003 162.50000000000003 5.5000000000000009 23.000000000000004 1.5000000000000002 8.5000000000000018 1.0000000180025095e-35 1.0000000180025095e-35 95.500000000000014 5.5000000000000009 3.5000000000000004 5.5000000000000009 1.5000000000000002 1.5000000000000002
decision_type=2 2 2 2 2 2 2 2 2 2 2 2 2 2 2 2 2 2 2 2 2 2 2 2 2 2 2 2 2 2
left_child=3 2 -2 5 22 -1 -7 8 9 -4 14 -9 13 -11 19 16 23 18 -18 -10 -15 26 -5 -13 25 -25 27 -21 29 -24
right_child=1 -3 7 4 -6 6 -8 11 10 12 -12 15 -14 20 -16 -17 17 -19 -20 21 -22 -23 28 24 -26 -27 -28 -29 -30 -31
leaf_value=0.0023620399394558285 -0.052904785756441461 -0.023505785378223787 -0.083013329059216989 -0.0061905105080406475 0.0093856819240720982 0.017413512165918073 -0.046212890555302456 0.020528869203062957 0.030685980771825643 -0.0129238887148235 -0.055366556781376024 0.013624058101999738 0.00041400002108784483 -0.14477374175827373 -0.042434754990108105 0.0095763847315053774 -0.29872507399283577 0.0061677728875185163 -0.062779993322093317 0.0057428559755549899 -0.045197166209853895 -0.038903910444499631 -0.0075272774596535346 -0.054881823259421245 0.011245309741579832 -0.0028498225523117329 0.017109549279689672 -0.043811691004891233 0.013613386570773656 -0.041330330352242296
leaf_weight=60726.283986911818 35.44407929724548 150.47003087773919 69.08103369618766 752.48323180109219 563.29133171340436 782.72339270374505 29.516998255334329 1434.4133491395623 273.44031953811646 72.227194607257843 54.471658436101279 246.02345166401938 298.96317156008445 23.832353237085044 59.865089280865504 2429.4945748741738 7.927802937221716 31.233845527698577 19.04769390731235 2202.7798498355551 33.220806228753645 47.780262920095993 133.75504225450277 135.67715485235385 256.84721685072873 47.314747616066597 807.00030229717959 49.767315881486866 51.492392023443244 260.84393347305013
leaf_count=273983 408 558 481 2677 3503 7027 837 1339 49 147 771 407 771 222 2092 7258 547 309 526 3972 258 1186 391 626 229 730 1579 1525 138 1699
internal_value=0.00279651 0.00641282 0.00693412 0.00229455 -0.00593574 0.00253018 0.0151013 0.00718073 0.00344573 -0.0231159 0.00722523 0.0104168 -0.0134537 -0.0455231 0.00821618 0.00584626 -0.00633311 -0.0579186 -0.132122 0.00911308 -0.0867925 0.0072147 -0.0131363 -0.00195503 -0.0106692 -0.0414283 0.00793492 0.00464801 -0.0248527 -0.0298723
internal_weight=72086.7 8786.32 8635.85 63300.4 1761.87 61538.5 812.24 8600.41 3992.43 497.325 3495.1 4607.98 428.244 129.28 3440.63 3173.57 744.072 58.2093 26.9755 3380.77 57.0532 3107.33 1198.57 685.863 439.839 182.992 3059.55 2252.55 446.091 394.599
internal_count=316245 25990 25432 290255 8408 281847 7864 25024 13053 1879 11174 11971 1398 627 10403 10632 3374 1382 1073 8311 480 8262 4905 1992 1585 1356 7076 5497 2228 2090
is_linear=0
shrinkage=0.03


Tree=100
num_leaves=31
num_cat=0
split_feature=3 5 2 5 5 5 5 0 5 3 2 2 5 5 1 5 5 8 1 5 5 8 3 8 2 0 2 5 8 1
split_gain=223.491 242.71 128.932 112.754 240.732 98.707 188.288 186.152 134.277 118.937 117.668 105.248 103.676 202.261 288.359 193.203 276.763 241.951 488.995 223.218 281.333 188.697 188.318 156.39 133.092 127.326 156.359 115.997 106.974 100.639
threshold=2.5000000000000004 162.50000000000003 7.5000000000000009 169.50000000000003 170.50000000000003 151.50000000000003 144.00000000000003 1.5000000000000002 154.00000000000003 1.5000000000000002 1.5000000000000002 1.0000000180025095e-35 114.50000000000001 129.50000000000003 1.0000000180025095e-35 105.50000000000001 100.50000000000001 0.0081577196095829665 1.0000000180025095e-35 99.500000000000014 95.500000000000014 0.36666666666666675 1.5000000000000002 0.0048840121653050276 1.0000000180025095e-35 2.5000000000000004 3.5000000000000004 23.000000000000004 0.58333333333333337 1.0000000180025095e-35
decision_type=2 2 2 2 2 2 2 2 2 2 2 2 2 2 2 2 2 2 2 2 2 2 2 2 2 2 2 2 2 2
left_child=1 2 5 -3 -5 6 12 8 -7 10 11 -9 15 -14 -15 16 19 23 24 20 25 -21 -20 -17 -19 26 -1 -27 -29 -23
right_child=-2 3 -4 4 -6 7 -8 9 -10 -11 -12 -13 13 14 -16 17 -18 18 22 21 -22 29 -24 -25 -26 27 -28 28 -30 -31
leaf_value=0.00080331531980305912 0.0066690630199128997 0.032699067286078652 -0.038898578050431232 -0.043765432415700897 0.026439683140675893 -0.048077742446033467 0.044784066766794833 -0.031296454802670078 -0.0011172334860480376 -0.10792689969793753 -0.00071229839309008077 -0.10621237026515218 0.029785520925310133 -0.034647528579678968 0.011455484499735718 -0.061457627969386322 0.030523964948946776 0.026328858879111006 -0.040303900833249376 -0.057058258379549136 0.032522492643458398 0.0017356308255650978 -0.16356154126625788 0.018269827735298137 -0.01543732441748029 0.02793320456606525 -0.033779536060758827 -0.045034607687381913 0.0098797334543618606 -0.029749750725394909
leaf_weight=56901.646807531361 6567.0997706382041 311.92848332226276 73.9511586153385 64.719545939937234 137.0301921486971 56.123342388746096 88.206291812995914 124.95766215119511 2323.7839477587258 15.90358746566926 114.65167374734301 19.512945971771842 328.4117674138397 156.47447954677045 555.8117616820964 24.313345409929752 283.87187974806875 156.66701371595263 381.98721622477751 96.182018027000595 253.69649423100054 242.42788144235965 11.491562258219345 248.045720417751 122.24719235510565 294.73483552224934 117.90766442404129 41.184246737277135 142.02355338213965 146.6308147709351
leaf_count=225509 24489 44 1694 742 4846 808 321 5436 18627 364 683 452 83 3153 5721 1820 49 4322 9022 1415 37 1048 91 1838 224 531 450 514 1173 644
internal_value=0.00139917 0.00085704 0.000690432 0.0213954 0.0039185 0.00073672 0.000984794 -0.00492511 -0.00222466 -0.0282931 -0.0234056 -0.041415 0.000920943 0.010308 0.00132761 0.000756659 0.000973931 -0.0127017 -0.0223641 0.00082989 0.00100014 -0.0194325 -0.0439036 0.0111526 0.00802288 0.000861054 0.000731803 0.0162809 -0.00246475 -0.0101308
internal_weight=70403.6 63836.5 63322.8 513.678 201.75 63248.9 60594 2654.93 2379.91 275.026 259.122 144.471 60505.8 1040.7 712.286 59465.1 58520.3 944.752 672.393 58236.4 57751.2 485.241 393.479 272.359 278.914 57497.5 57019.6 477.943 183.208 389.059
internal_count=316150 291661 286029 5632 5588 284335 257965 26370 19435 6935 6571 5888 257644 8957 8874 248687 231370 17317 13659 231321 228214 3107 9113 3658 4546 228177 225959 2218 1687 1692
is_linear=0
shrinkage=0.03


Tree=101
num_leaves=31
num_cat=0
split_feature=2 4 3 8 2 0 11 10 4 10 10 1 9 8 3 2 8 2 4 3 8 0 1 1 4 3 3 0 8 8
split_gain=136.763 279.835 216.679 284.358 201.367 136.668 191.564 140.183 131.309 157.492 158.128 133.87 126.948 120.653 115.471 80.0449 103.067 77.0388 172.552 116.851 239.591 112.834 108.695 85.0163 76.574 74.8713 146.334 154.917 149.26 140.492
threshold=4.5000000000000009 1.0000000180025095e-35 5.5000000000000009 0.0053262411347517738 3.5000000000000004 2.5000000000000004 1.0000000180025095e-35 0.87500000000000011 4.5000000000000009 1.0000000180025095e-35 0.29166666666666669 1.5000000000000002 3.5000000000000004 0.002797252042189603 9.5000000000000018 1.5000000000000002 0.0055071145146207709 7.5000000000000009 6.5000000000000009 12.500000000000002 0.009669627551815491 1.5000000000000002 1.0000000180025095e-35 2.5000000000000004 7.5000000000000009 4.5000000000000009 3.5000000000000004 1.5000000000000002 0.83333333333333337 0.58333333333333337
decision_type=2 2 2 2 2 2 2 2 2 2 2 2 2 2 2 2 2 2 2 2 2 2 2 2 2 2 2 2 2 2
left_child=2 -2 5 -4 -5 6 7 25 9 15 -11 -12 17 -14 -6 16 -7 19 21 -3 -21 -19 24 -23 -20 26 -1 -28 -29 -27
right_child=1 12 3 4 14 8 -8 -9 -10 10 11 -13 13 -15 -16 -17 -18 18 22 20 -22 23 -24 -25 -26 29 27 28 -30 -31
leaf_value=0.0029706335125307499 -0.049845713524889673 0.022083845306445644 0.019274879193751641 -0.043604847355190587 0.010341048310067848 -0.052669458144765896 -0.081678214548372485 -0.054966510471916891 0.042491271674742925 -0.079527235918952513 -0.056345898186075979 0.011143088151532735 0.019413999321284535 -0.050949580445563671 -0.061232461631640013 -0.011432635085505901 0.018849662800730416 0.0069617910162526695 0.015412399728186418 0.016067766788006661 -0.078996698452988429 -0.046617127754277676 0.018144664583697376 0.0076105102982429807 -0.046490512433577248 0.019644266040395653 -0.0016709072113109513 -0.024771776591748947 -0.11559739272558545 0.00087070622880223297
leaf_weight=65728.802761592087 67.698091889316856 1036.8147076360183 156.68690135248835 270.78817010814601 131.09041033237008 18.525334075151477 24.087054709627409 37.604801778274123 121.35643638379406 29.406535669520963 33.867972057225415 120.80431353481254 36.69254345074296 54.521608226001263 24.000887962203706 96.558915577101288 860.65366122699925 125.04371835653728 31.305578346422408 91.307413698174059 32.301338311233849 100.34979279056279 715.0280478049317 35.128155995800626 42.265724493263406 680.10106808893033 493.41672208957607 189.39671527981409 17.816070830915123 759.28272320295218
leaf_count=282951 1405 662 177 8212 425 1517 212 207 143 291 363 155 26 272 260 228 6388 446 33 67 897 976 2524 42 2165 1317 838 1065 356 1166
internal_value=0.00318015 0.0102698 0.00293957 -0.0152799 -0.0279931 0.00309292 0.00290985 0.00293985 0.0128001 0.00969341 -0.0157585 -0.00363471 0.0120387 -0.0226446 -0.000735188 0.0144951 0.0173427 0.0134705 0.00757904 0.0187968 -0.0087744 -0.0135887 0.014572 -0.0325564 -0.02015 0.00297194 0.00282526 -0.0108126 -0.0325809 0.00974111
internal_weight=72162.7 2368.46 69794.2 582.566 425.879 69211.7 67930.5 67906.4 1281.17 1159.82 184.079 154.672 2300.76 91.2142 155.091 975.738 879.179 2209.54 1049.12 1160.42 123.609 260.522 788.599 135.478 73.5713 67868.8 66429.4 700.63 207.213 1439.38
internal_count=315786 9515 306271 9074 8897 297197 288112 287900 9085 8942 809 518 8110 298 685 8133 7905 7812 6186 1626 964 1464 4722 1018 2198 287693 285210 2259 1421 2483
is_linear=0
shrinkage=0.03


Tree=102
num_leaves=31
num_cat=0
split_feature=5 5 5 5 6 6 7 0 1 0 7 3 8 3 1 5 5 2 8 0 10 2 3 1 8 5 2 3 2 3
split_gain=116.524 244.661 206.108 415.88 195.419 174.967 140.061 221.258 235.309 151.83 340.138 168.664 243.096 174.386 131.823 127.278 243.699 281.428 121.896 120.162 210.224 171.195 237.164 152.668 459.07 114.686 110.981 248.238 127.783 202.241
threshold=162.50000000000003 169.50000000000003 129.50000000000003 114.50000000000001 1.5000000000000002 1.5000000000000002 3.5000000000000004 7.5000000000000009 5.5000000000000009 4.5000000000000009 1.5000000000000002 4.5000000000000009 0.072751322751322761 13.500000000000002 3.5000000000000004 119.50000000000001 120.50000000000001 9.5000000000000018 0.0081577196095829665 1.5000000000000002 0.41666666666666669 3.5000000000000004 5.5000000000000009 1.0000000180025095e-35 0.36666666666666675 10.500000000000002 4.5000000000000009 4.5000000000000009 1.5000000000000002 5.5000000000000009
decision_type=2 2 2 2 2 2 2 2 2 2 2 2 2 2 2 2 2 2 2 2 2 2 2 2 2 2 2 2 2 2
left_child=2 -2 3 6 26 -5 9 8 -8 10 11 14 -13 19 -1 -7 17 -17 -11 21 -21 22 25 24 -22 -14 27 -4 -29 -30
right_child=1 -3 4 5 -6 15 7 -9 -10 18 -12 12 13 -15 -16 16 -18 -19 -20 20 23 -23 -24 -25 -26 -27 -28 28 29 -31
leaf_value=0.0017542708726120471 0.032019775240930991 -0.0048308869637948343 -0.0037559435439176794 0.033683042968697043 -0.048479223258795223 0.031954555953896437 -0.063790970695375426 0.026512963718830804 0.003986590544366478 0.030327154390420379 -0.046096254185262517 -0.054064454557985905 -0.023610168516335534 -0.031024122703622647 0.045979008902366773 -0.085159269604076451 0.031664753349518376 0.0004159933928117261 -0.014078470810418471 -0.067689991403202171 0.022829987189875642 0.020448488510974056 -0.047307281303462165 0.028898342476488134 -0.060628615157602865 0.0088439755507229677 0.017781218217692497 -0.015509328507648584 -0.19323454961228709 -0.049489858352244162
leaf_weight=62390.79319607027 344.21712989359366 306.56024222530687 3678.022397260931 527.23111193068326 89.591635172837414 122.16456127166748 114.34621026337845 68.035964384675026 77.242569589987397 285.86061462759972 132.01065218531585 52.838626385389944 116.80921848863363 86.04313173891569 60.718978465360124 52.667436173185706 97.656909942626953 100.75064816325903 69.080940738320351 24.360968835113454 279.27287001890363 477.15815977391321 92.843641528961598 768.91345850078505 75.313399460123037 608.47475391603075 205.71111738592299 33.132557285774965 12.866058029991107 27.936006766714854
leaf_count=249097 64 6845 34870 352 2302 10 2209 35 317 321 2498 693 245 4305 8 239 9 175 378 353 838 324 1102 1978 2251 702 1703 591 306 838
internal_value=0.0020242 0.0146606 0.00190793 0.00230691 -0.00466552 0.0225566 0.00202971 -0.0199614 -0.0364652 0.00211685 0.00201027 0.00210792 0.00962163 0.0109521 0.00179727 0.00683954 -0.00538057 -0.0289614 0.0216847 0.0124305 0.019498 0.00616731 -0.00216192 0.0213885 0.00510355 0.00361714 -0.00367369 -0.00485001 -0.0592764 -0.0948167
internal_weight=71378.6 650.777 70727.8 66680.6 4047.26 900.471 65780.1 259.625 191.589 65520.5 65165.6 65033.5 2582.03 2529.19 62451.5 373.24 251.075 153.418 354.942 2443.15 1147.86 1295.29 818.128 1123.5 354.586 725.284 3957.67 3751.96 73.9346 40.8021
internal_count=315958 6909 309049 268439 40610 785 267654 2561 2526 265093 264394 261896 12791 12098 249105 433 423 414 699 7793 5420 2373 2049 5067 3089 947 38308 36605 1735 1144
is_linear=0
shrinkage=0.03


Tree=103
num_leaves=31
num_cat=0
split_feature=5 5 5 5 2 1 2 4 4 10 5 1 5 5 2 6 1 2 2 1 4 9 5 5 5 5 5 0 2 2
split_gain=115.426 175.926 104.565 158.397 133.965 93.8079 74.3765 309.029 281.78 114.205 310.251 168.381 123.459 250.788 111.255 105.159 164.905 191.832 101.045 143.245 100.424 96.6664 138.071 91.6896 183.312 210.81 144.645 138.209 211.331 154.237
threshold=162.50000000000003 169.50000000000003 170.50000000000003 172.50000000000003 2.5000000000000004 1.0000000180025095e-35 4.5000000000000009 1.5000000000000002 5.5000000000000009 0.58333333333333337 10.500000000000002 1.0000000180025095e-35 23.000000000000004 95.500000000000014 3.5000000000000004 1.5000000000000002 2.5000000000000004 7.5000000000000009 1.5000000000000002 1.0000000180025095e-35 3.5000000000000004 3.5000000000000004 115.50000000000001 161.00000000000003 154.00000000000003 151.50000000000003 144.00000000000003 1.5000000000000002 1.5000000000000002 1.0000000180025095e-35
decision_type=2 2 2 2 2 2 2 2 2 2 2 2 2 2 2 2 2 2 2 2 2 2 2 2 2 2 2 2 2 2
left_child=6 -2 4 -4 5 -3 8 -8 9 23 11 20 -12 18 -10 -9 17 -17 19 -14 -11 -18 -23 24 25 26 -1 -25 29 -29
right_child=1 2 3 -5 -6 -7 7 15 14 10 12 -13 13 -15 -16 16 21 -19 -20 -21 -22 22 -24 27 -26 -27 -28 28 -30 -31
leaf_value=0.0035749207876620615 0.031940494508186153 -0.0078446959341761466 0.034141918841614077 -0.020747360373436743 0.017189755865926012 -0.069768296825680073 -0.042709893053411038 0.016684135782272749 -0.034779401189908271 -0.0044154254646532574 0.03064290598207255 -0.10228229760433244 0.004919159521746156 0.0087727992864474521 -0.0020160043452017995 0.013961560718952664 0.014632014522971616 -0.051295539728940152 -0.045700464707024525 -0.075524185487360007 -0.077458835716575442 -0.063756496753488504 0.013360746486008114 0.00073628103808970173 0.042530875284487624 -0.048197158067772812 0.045132231687087104 -0.031260688385701042 -0.0012059104531729472 -0.10713779682665717
leaf_weight=65347.776253670774 318.78405567258596 40.683082550764084 135.14980697631836 72.806868469619076 58.2997665356379 47.989175269845873 99.931566526400275 1259.3380910542037 242.4903699469578 54.975495673490514 100.34411716461182 40.17731470009312 112.81207111627737 456.79523548350699 151.59292307915166 70.009300349280238 528.31521285040071 96.322717097777058 137.33560954216227 24.195176143723074 24.485088741232175 36.653110418468714 48.601527459919453 2352.245081815403 108.84961830079556 70.730783773149597 75.466027107904665 114.45390941877849 235.43310388388636 30.545323288082727
leaf_count=262357 60 215 12 5788 230 594 1777 5442 6791 123 20 255 397 1036 616 78 520 630 1029 236 212 225 49 18757 5 1806 401 4879 1160 531
internal_value=0.00340479 0.0157645 0.00123578 0.0149249 -0.0181335 -0.0413576 0.00328885 0.00879883 0.0031197 0.00326357 -0.00706034 -0.0522306 -0.000561014 -0.00484356 -0.0221762 0.011323 0.00266611 -0.0238288 -0.0275155 -0.00928696 -0.0269231 0.00984858 -0.0197939 0.00340726 0.00363154 0.00356689 0.00362286 -0.00197699 -0.0187533 -0.0472448
internal_weight=72493.6 673.713 354.929 207.957 146.972 88.6723 71819.9 2139.17 69680.7 69286.6 951.12 119.638 831.482 731.138 394.083 2039.24 779.902 166.332 274.343 137.007 79.4606 613.57 85.2546 68335.5 65602.8 65494 65423.2 2732.68 380.432 144.999
internal_count=316231 6899 6839 5800 1039 809 309332 8721 300611 293204 3308 590 2718 2698 7407 6944 1502 708 1662 633 335 794 274 289896 264569 264564 262758 25327 6570 5410
is_linear=0
shrinkage=0.03


Tree=104
num_leaves=31
num_cat=0
split_feature=5 5 5 5 5 5 6 7 1 8 8 1 8 5 5 5 5 5 5 0 8 1 8 8 8 4 0 8 8 10
split_gain=95.7341 142.664 111.736 157.537 89.3058 364.202 197.034 155.133 266.221 216.425 286.202 198.651 149.015 200.551 312.22 125.2 635.587 424.081 440.538 328.7 337.997 317.088 306.417 333.932 191.082 179.555 158.394 140.58 108.038 94.5768
threshold=162.50000000000003 169.50000000000003 170.50000000000003 185.00000000000003 129.50000000000003 114.50000000000001 1.5000000000000002 1.5000000000000002 4.5000000000000009 0.0055814001786048065 0.0049566371029162474 2.5000000000000004 0.085144927536231887 119.50000000000001 120.50000000000001 105.50000000000001 100.50000000000001 99.500000000000014 95.500000000000014 1.5000000000000002 0.093073593073593086 1.0000000180025095e-35 0.093073593073593086 0.072751322751322761 0.83333333333333337 1.0000000180025095e-35 1.5000000000000002 0.83333333333333337 0.83333333333333337 0.87500000000000011
decision_type=2 2 2 2 2 2 2 2 2 2 2 2 2 2 2 2 2 2 2 2 2 2 2 2 2 2 2 2 2 2
left_child=4 -2 -3 -4 5 7 28 11 9 10 -9 15 13 -7 -15 16 17 18 29 20 -17 27 23 -21 -19 -23 -26 -22 -6 -1
right_child=1 2 3 -5 6 12 -8 8 -10 -11 -12 -13 -14 14 -16 19 -18 24 -20 22 21 25 -24 -25 26 -27 -28 -29 -30 -31
leaf_value=0.0020583321407537016 0.031450505995753268 -0.018708535075721424 0.028876773450264983 -0.033780294129205989 -0.031117677010087701 0.032425507748047366 -0.047721405641259318 -0.060848076324103079 0.0084134604066541472 -0.05400893859885831 0.021965489168262346 0.037176905019755117 0.03288551009783186 -0.04489943920331757 0.031521177140299415 0.044664988428052173 0.037011562488309384 -0.040324468081252209 0.032684238504946755 -0.046672409224493359 -0.070689104756540458 -0.046859802995305976 -0.058957141924143468 0.030686053756083041 0.001929271518374191 -0.0039295789457195361 -0.045895074746106351 0.019634620658777351 -0.00057418573288159868 -0.023101346543609642
leaf_weight=61686.92455858193 247.44118004292977 143.13097806670703 169.15251031471416 45.918635615154926 107.07244225964314 158.05827379226685 84.3228653696533 57.012394598452374 288.03972083417466 175.29650885739829 110.07360952091403 145.08937183057424 477.27897804393433 114.93024097196758 82.764203548431396 145.18422875879332 468.98889791965485 286.65175238557276 424.09508099406958 93.574638027348556 16.305747791193426 177.41818020027131 180.32828897394938 108.39694018289447 302.98569588072132 173.35951388441026 78.47052415215876 317.08745105192065 3922.8010622182628 134.76110459973279
leaf_count=239993 54 1062 258 5549 9937 12 2296 1342 1304 2792 287 123 353 393 8 43 73 3303 61 1531 271 5001 3804 21 517 241 680 2954 28182 3406
internal_value=0.00205561 0.013932 0.00183043 0.0154992 0.00195332 0.00221984 -0.00233539 0.00196865 -0.0128413 -0.0307225 -0.00629181 0.00211287 0.021931 0.00723436 -0.0129062 0.00203411 0.00221672 0.00195735 0.00221252 -0.0075185 0.00309023 -0.00573213 -0.0305329 -0.00515458 -0.0218168 -0.0256431 -0.00790882 0.015217 -0.00138572 0.00200349
internal_weight=70922.9 605.643 358.202 215.071 70317.3 66203.1 4114.2 65370 630.422 342.383 167.086 64739.6 833.032 355.753 197.694 64594.5 63382.9 62913.9 62245.8 1211.65 829.355 684.171 382.3 201.972 668.108 350.778 381.456 333.393 4029.87 61821.7
internal_count=315851 6923 6869 5807 308928 268513 40415 267747 5725 4421 1629 262022 766 413 401 261899 248033 247960 243460 13866 8510 8467 5356 1552 4500 5242 1197 3225 38119 243399
is_linear=0
shrinkage=0.03


Tree=105
num_leaves=31
num_cat=0
split_feature=1 3 5 5 5 5 8 8 1 0 2 0 8 5 7 2 8 5 5 5 8 8 5 4 2 3 2 0 8 4
split_gain=279.329 180.826 175.924 510.695 250.401 168.072 188.427 175.28 147.433 161.204 239.825 128.501 1301.16 523.132 372.737 327.773 215.505 168.429 242.939 155.244 133.376 303.804 225.284 131.146 126.899 239.498 115.556 276.243 340.845 215.483
threshold=1.0000000180025095e-35 11.500000000000002 23.000000000000004 29.500000000000004 73.500000000000014 10.500000000000002 0.83333333333333337 0.10818713450292398 1.5000000000000002 1.5000000000000002 1.0000000180025095e-35 1.5000000000000002 0.36666666666666675 91.500000000000014 1.0000000180025095e-35 1.0000000180025095e-35 0.83333333333333337 99.500000000000014 100.50000000000001 8.5000000000000018 0.83333333333333337 0.12132352941176472 162.50000000000003 4.5000000000000009 2.5000000000000004 1.0000000180025095e-35 1.0000000180025095e-35 1.5000000000000002 0.83333333333333337 1.0000000180025095e-35
decision_type=2 2 2 2 2 2 2 2 2 2 2 2 2 2 2 2 2 2 2 2 2 2 2 2 2 2 2 2 2 2
left_child=1 11 5 -4 -5 6 7 -2 9 -8 -11 20 13 19 15 -14 -17 -15 23 -13 21 -1 24 -19 -23 -26 -6 28 -28 -30
right_child=2 -3 3 4 26 -7 8 -9 -10 10 -12 12 14 17 -16 16 -18 18 -20 -21 -22 22 -24 -25 25 -27 27 -29 29 -31
leaf_value=0.0014778015820305029 -0.044397692877124618 -0.051104735736924922 -0.033846588662957408 0.042974251510542918 0.008334223819145687 0.031028279660116637 0.00012843654523827846 0.019922953721020317 0.043760377760219203 -0.031793363363701546 -0.23893285587911198 0.030575852353021259 -0.02272153508043407 0.024325583066814267 0.030850708912302145 -0.045216355399046705 -0.096575416105518397 -0.052974330889729478 0.018026310551351166 -0.031306747881213272 0.0052792564914294089 -0.035608537925419216 0.032309553586551819 0.01343489836686378 0.035238800832365288 -0.04907915583390373 0.011975495815033059 0.0057814179107859315 -0.065409162610816238 -0.018030660635196788
leaf_weight=47744.793855226846 39.386434929441748 58.825031014333945 301.29105636155873 160.71715086442418 4759.5712120967219 409.85271883010864 852.13301149813924 1195.8305897449609 65.197092203423381 44.69603347312659 5.6684812256135038 41.756491303443909 556.08909717184724 1081.3090515684744 78.260260342387483 272.84371569163341 100.65699267774471 88.203233267995529 254.52667351112905 289.03349030223035 8561.9484914704226 386.53420473354345 64.636050230939873 38.421488173305988 71.082431679336878 52.86734314711066 322.58951235441782 3030.7402705220629 104.41868751496077 500.55687739244604
leaf_count=105106 597 3621 7718 70 60758 79 10677 3650 85 1388 154 7 15079 2353 335 3501 2226 808 1786 3959 69410 7090 472 47 171 550 1973 10236 354 1971
internal_value=0.00230039 0.0014675 0.00651983 0.004565 0.00586848 0.0133881 0.0101061 0.017872 0.000193316 -0.002954 -0.0551067 0.00151932 -0.00475364 0.0105749 -0.0320274 -0.037321 -0.0590574 0.0182811 0.00113304 -0.0234951 0.00182822 0.00121672 -0.0204573 -0.0328239 -0.0271384 -0.000724688 0.00518442 0.00139702 -0.0129286 -0.0262082
internal_weight=71534.4 59741.8 11792.6 9179.88 8878.59 2612.76 2202.91 1235.22 967.695 902.498 50.3645 59683 2801.1 1793.25 1007.85 929.59 373.501 1462.46 381.151 330.79 56881.9 48319.9 575.12 126.625 510.484 123.95 8717.88 3958.31 927.565 604.976
internal_count=316231 216521 99710 83080 75362 16630 16551 4247 12304 12219 1542 212900 30101 8960 21141 20806 5727 4994 2641 3966 182799 113389 8283 855 7811 721 75292 14534 4298 2325
is_linear=0
shrinkage=0.03


Tree=106
num_leaves=31
num_cat=0
split_feature=0 11 6 1 9 0 2 0 2 3 3 10 2 4 1 1 4 0 7 2 9 10 3 4 2 2 2 3 2 2
split_gain=95.1256 144.265 127.696 140.283 124.503 264.556 113.122 139.249 95.457 334.526 332.451 106.631 104.793 93.6741 92.3816 92.2576 100.771 139.497 95.8141 82.5479 82.1654 81.9275 109.004 97.4591 66.8356 65.6998 67.1279 90.0821 86.2138 58.2771
threshold=2.5000000000000004 1.0000000180025095e-35 1.5000000000000002 1.0000000180025095e-35 1.0000000180025095e-35 3.5000000000000004 3.5000000000000004 4.5000000000000009 4.5000000000000009 5.5000000000000009 2.5000000000000004 0.87500000000000011 6.5000000000000009 9.5000000000000018 1.0000000180025095e-35 1.5000000000000002 11.500000000000002 6.5000000000000009 2.5000000000000004 3.5000000000000004 2.5000000000000004 0.58333333333333337 4.5000000000000009 4.5000000000000009 2.5000000000000004 6.5000000000000009 5.5000000000000009 1.5000000000000002 1.0000000180025095e-35 1.5000000000000002
decision_type=2 2 2 2 2 2 2 2 2 2 2 2 2 2 2 2 2 2 2 2 2 2 2 2 2 2 2 2 2 2
left_child=1 2 8 -4 21 14 15 -8 9 11 -10 29 -12 -3 -6 -7 17 18 24 -11 -9 23 -23 -2 -17 26 27 28 -5 -1
right_child=4 13 3 25 5 6 7 20 10 19 12 -13 -14 -15 -16 16 -18 -19 -20 -21 -22 22 -24 -25 -26 -27 -28 -29 -30 -31
leaf_value=0.0018343644932948397 0.013747067333803523 -0.079813017793740004 -0.050297766923862647 -0.032469918347314504 0.006589838321297576 0.048750891123789275 -0.047527039146478413 0.012053129968733275 -0.047239957690395198 -0.042200147723507948 0.023677761859615971 -0.04772612553326578 0.0054449323030434796 0.019930347463994462 -0.063833230331864943 -0.039335099470443571 0.036694375961530301 0.018508599368507905 -0.056245821566513657 -0.0040928356371943229 -0.011947912524574588 0.022050082109741808 -0.033625778668208588 0.037840284965095151 0.018954177956373126 -0.052529709819318995 0.035201897565276578 -0.037239565457569741 0.011970794160431767 0.0051814416443236797
leaf_weight=62139.783402212837 787.29114637043313 31.467043985656346 79.334152874656866 50.874802370904945 21.946176242345246 67.521765801226138 57.937823312182445 291.94052165746689 83.868359719024738 190.87985014132573 573.40818580114865 38.698560061864555 561.53595573484199 11.597267817967802 71.0085633905328 27.475461036985507 103.40153962373734 193.4462569206953 46.592566409206484 69.893113369296771 229.12206085398793 60.135011126112659 66.809349254192057 186.99316775327316 49.780675649642944 25.552319151229312 37.483265017624944 69.592798556332127 172.49890330896596 5063.230037154106
leaf_count=272629 4054 338 2621 3121 166 124 255 317 1649 6692 453 197 5403 59 1430 354 28 184 3015 516 563 85 608 338 32 286 6 900 331 9201
internal_value=0.00213768 0.00193981 0.00197399 -0.0142227 0.00819246 0.00133442 0.00556235 -0.00340647 0.00207659 0.00192635 0.0103975 0.00205787 0.0146567 -0.052952 -0.0472067 0.0161989 0.0109743 0.00259249 -0.0222678 -0.0319865 0.00149937 0.0154176 -0.00725148 0.0183712 -0.00177589 -0.00618348 -0.00259972 -0.0074362 0.00184914 0.00208654
internal_weight=71461.1 69199.7 69156.6 435.336 2261.4 1160.17 1067.22 579 68721.3 67502.5 1218.81 67241.7 1134.94 43.0643 92.9547 488.218 420.696 317.295 123.849 260.773 521.063 1101.23 126.944 974.284 77.2561 356.002 330.45 292.967 223.374 67203
internal_count=315955 304402 304005 7265 11553 6468 4872 1135 296740 289235 7505 282027 5856 397 1596 3737 3613 3585 3401 7208 880 5085 693 4392 386 4644 4358 4352 3452 281830
is_linear=0
shrinkage=0.03


Tree=107
num_leaves=31
num_cat=0
split_feature=0 11 8 5 8 8 9 10 8 4 8 4 0 8 8 4 5 1 0 4 3 4 3 5 5 5 1 5 5 5
split_gain=88.9446 139.998 79.3273 213.404 136.686 239.61 133.093 175.707 167.692 130.771 116.592 87.5227 81.2286 181.305 95.318 79.2856 65.1752 59.8872 61.8576 57.9646 238.254 111.681 85.4639 74.0457 156.284 107.912 216.384 138.036 100.373 426.628
threshold=2.5000000000000004 1.0000000180025095e-35 0.0043336995614652891 115.50000000000001 0.0061412551543799663 0.0073597118405373209 1.0000000180025095e-35 0.58333333333333337 0.012760529743812419 4.5000000000000009 0.36666666666666675 1.5000000000000002 6.5000000000000009 0.0083828162514786326 0.01251959247648903 9.5000000000000018 100.50000000000001 1.0000000180025095e-35 7.5000000000000009 19.500000000000004 13.500000000000002 11.500000000000002 23.500000000000004 162.50000000000003 169.50000000000003 170.50000000000003 1.0000000180025095e-35 185.00000000000003 94.500000000000014 91.500000000000014
decision_type=2 2 2 2 2 2 2 2 2 2 2 2 2 2 2 2 2 2 2 2 2 2 2 2 2 2 2 2 2 2
left_child=1 19 3 -2 -4 -6 7 9 12 10 -7 -12 13 -8 -15 -3 -11 -10 -19 20 21 23 -21 28 -25 26 -26 -27 29 -1
right_child=2 15 4 -5 5 6 8 -9 17 16 11 -13 -14 14 -16 -17 -18 18 -20 22 -22 -23 -24 24 25 27 -28 -29 -30 -31
leaf_value=0.001630482337957342 -0.059651374960965772 -0.07644959482105676 0.021918440339727702 0.012352906685154801 -0.053953139394581885 0.025186756375226726 0.012246606987912027 -0.036475771811307379 0.0077362000265872423 0.023533483209136372 0.004167585177341014 -0.050339419877385029 0.017188310137599992 -0.064996424217432791 0.020148194721181269 0.016409114597949664 0.059495416834176869 -0.059091145174035797 0.012794952381528193 0.03168166914243431 -0.056780070718064908 0.034979806203636381 -0.03095940061267358 0.031124301760756725 0.0095124514283089143 0.032054789602363916 -0.072002606759580923 -0.033601328306312711 -0.0012075410989195018 0.04049070922259463
leaf_weight=55276.828257455316 56.710609672431019 32.175359411470708 547.23503894428723 106.82760165786021 60.784128033323213 294.62640803024988 121.83271570783108 58.952593754082045 20.625353295778041 102.07419495863724 356.1689907083055 28.645317644361057 197.13336028531194 57.908305954304524 14.872280617826616 11.140855557518078 81.627336921432288 76.649159370448615 12.535054415464399 113.5074404734587 63.409834725462133 89.015545687696431 23.694188222030789 228.60325191915035 72.28963765874505 108.53774105012417 49.293579960241914 39.237965421401896 12086.362763772864 255.4365082681179
leaf_count=177663 1189 346 1274 104 778 602 495 627 149 215 2904 352 180 1088 40 60 98 1383 13 971 1822 190 3786 54 216 16 598 4911 113536 12
internal_value=0.00154037 0.00134974 0.0074845 -0.0126162 0.0091025 0.00437792 0.00686842 0.0136334 -0.00556886 0.0170559 0.0109841 0.00011012 0.0036152 -0.0101337 -0.0475976 -0.0525665 0.0395131 -0.0383331 -0.0489874 0.00138388 0.00134473 0.00139877 0.0208638 0.00135488 0.0128809 -0.00260213 -0.0235363 0.0146215 0.00127 0.00180923
internal_weight=70644.7 68449.5 2195.21 163.538 2031.67 1484.44 1423.65 922.095 501.556 863.142 679.441 384.814 391.747 194.613 72.7806 43.3162 183.702 109.81 89.1842 68406.2 68269 68205.6 137.202 68116.6 497.962 269.359 121.583 147.776 67618.6 55532.3
internal_count=315672 304181 11491 1293 10198 8924 8146 4798 3348 4171 3858 3256 1803 1623 1128 406 313 1545 1396 303775 299018 297196 4757 297006 5795 5741 814 4927 291211 177675
is_linear=0
shrinkage=0.03


Tree=108
num_leaves=31
num_cat=0
split_feature=5 5 2 10 0 0 10 5 5 0 5 5 0 5 10 8 9 8 5 10 5 6 5 8 8 2 5 5 2 2
split_gain=364.029 584.581 138.899 366.391 228.578 136.285 129.083 124.218 358.003 204.732 190.388 340.937 138.476 123.093 222.307 118.216 113.801 128.246 215.611 342.155 337.32 263.303 265.441 262.207 223.764 281.234 203.341 255.469 173.965 159.341
threshold=10.500000000000002 27.500000000000004 4.5000000000000009 0.29166666666666669 1.5000000000000002 2.5000000000000004 0.41666666666666669 29.500000000000004 94.500000000000014 1.5000000000000002 91.500000000000014 89.000000000000014 1.5000000000000002 30.500000000000004 0.87500000000000011 0.83333333333333337 4.5000000000000009 0.36666666666666675 95.500000000000014 1.0000000180025095e-35 105.50000000000001 1.5000000000000002 109.00000000000001 0.83333333333333337 0.83333333333333337 1.0000000180025095e-35 100.50000000000001 99.500000000000014 2.5000000000000004 4.5000000000000009
decision_type=2 2 2 2 2 2 2 2 2 2 2 2 2 2 2 2 2 2 2 2 2 2 2 2 2 2 2 2 2 2
left_child=2 -2 3 5 -5 -1 -4 9 10 -3 11 13 -13 14 -9 -14 17 -10 19 24 26 22 -22 -21 -19 -26 27 -20 -29 -24
right_child=1 7 6 4 -6 -7 -8 8 16 -11 -12 12 15 -15 -16 -17 -18 18 20 23 21 -23 29 -25 25 -27 -28 28 -30 -31
leaf_value=-0.00016060437131372652 0.028574599406082667 -0.00049670816219255203 -0.019979390071821024 -0.010593317999381341 -0.050168542392352397 0.023251767406014437 0.023241842964275946 -0.024868462162842234 0.0079872919053522364 -0.035924378507569223 0.038789515265501062 -0.03984494339244158 -0.032555991181012933 0.031664083504296073 0.046956396143044962 0.017525571410270571 -0.059531382311972629 0.017923721306280543 0.033085257848338399 -0.043354622728495155 -0.045090581018701788 -0.047798162066376604 0.0019625443067364167 -0.0097559859303142666 0.0014487087875821149 -0.030616552637652426 0.038351171861978221 0.0066530531534974456 -0.039759361397332896 0.021136959429422088
leaf_weight=48972.85209757174 875.18500660613063 2378.894251428901 74.191056847572327 392.46918727568118 197.4227720174822 224.79645957192406 384.44063296285458 103.73146139888559 3850.1526679612398 156.46111906750593 338.21945043280721 113.02586372310179 61.814936119793856 522.24990211811382 61.94256734935334 135.19264344341354 26.027872338716406 618.84130891898531 332.29379415512085 263.64449552702717 103.4734084289521 95.13397567541324 5207.578820461149 1009.4607243736973 2082.1942067332566 279.18047229656077 341.73876237869263 589.99312867081608 82.8957834233006 421.63508745580111
leaf_count=138402 1817 23728 442 890 1503 536 714 1761 24048 7074 15 1418 2050 753 73 916 407 4792 47 2346 524 2889 46116 3933 42842 620 58 1952 885 2487
internal_value=0.00117971 0.00459718 -0.000184044 -0.000335431 -0.0238382 -5.36273e-05 0.0162501 0.00350285 0.00444533 -0.00268301 0.0193375 0.0127449 -0.0133748 0.0245166 0.00198557 0.00181151 0.00314514 0.00325191 0.00165655 -0.00369537 0.00482927 0.00170206 0.00252351 -0.0167139 0.00186593 -0.0023423 0.01836 0.0115635 0.000935329 0.00339873
internal_weight=70297.1 20051 50246.2 49787.5 589.892 49197.6 458.632 19175.8 16640.4 2535.36 1336.18 997.957 310.033 687.924 165.674 197.008 15304.2 15278.2 11428.1 4253.32 7174.74 5827.82 5732.69 1273.11 2980.22 2361.37 1346.92 1005.18 672.889 5629.21
internal_count=316038 173551 142487 141331 2393 138938 1156 171734 140932 30802 6986 6971 4384 2587 1834 2966 133946 133539 109491 54533 54958 52016 49127 6279 48254 43462 2942 2884 2837 48603
is_linear=0
shrinkage=0.03


Tree=109
num_leaves=31
num_cat=0
split_feature=3 0 8 9 1 1 3 11 3 8 5 8 3 5 5 6 8 1 8 3 5 5 5 0 5 5 6 8 5 8
split_gain=142.538 101.24 197.999 161 95.5887 89.8318 332.168 125.845 95.8405 179.028 105.377 88.9994 86.759 82.2081 144.691 80.3449 327.137 227.355 165.079 93.7605 91.4556 90.5042 551.262 143.625 189.806 343.902 268.011 99.425 367.8 282.8
threshold=24.500000000000004 4.5000000000000009 0.014117725219239969 1.5000000000000002 1.5000000000000002 1.5000000000000002 13.500000000000002 1.0000000180025095e-35 16.500000000000004 0.0048840121653050276 8.5000000000000018 0.002797252042189603 11.500000000000002 162.50000000000003 169.50000000000003 1.5000000000000002 0.83333333333333337 1.0000000180025095e-35 0.21111111111111114 1.5000000000000002 9.5000000000000018 10.500000000000002 27.500000000000004 2.5000000000000004 8.5000000000000018 1.0000000180025095e-35 1.0000000180025095e-35 0.10818713450292398 113.00000000000001 0.23611111111111113
decision_type=2 2 2 2 2 2 2 2 2 2 2 2 2 2 2 2 2 2 2 2 2 2 2 2 2 2 2 2 2 2
left_child=1 3 4 5 -3 6 7 12 9 -7 -11 -5 13 15 -15 21 17 20 -19 -20 -17 23 -23 24 25 26 -1 28 -24 -29
right_child=-2 2 -4 11 -6 8 -8 -9 -10 10 -12 -13 -14 14 -16 16 -18 18 19 -21 -22 22 27 -25 -26 -27 -28 29 -30 -31
leaf_value=0.0021263586231094322 -0.039041053995929907 0.050171202122483549 -0.059215477159275692 0.001218881798936134 0.012367071980671074 -0.081797116174852177 -0.051786972357536376 -0.052306702632618794 0.033417774766118478 0.047806881180347947 0.0061849403940740216 -0.063010788435613196 0.026883295907791888 0.031674001974671066 -0.0005051646596216352 -0.15526512729003131 -0.042659422914748155 -0.025062253722288663 0.031231125800992427 -0.0048326480915249995 -0.028895469254201424 0.028317367767210576 -0.015522699084425154 0.035417079180867894 -0.0055373186003574021 0.038954476205775114 -0.051802048963779622 -0.046372994628219998 0.032999638784007169 0.0029916598830791274
leaf_weight=48138.612930834286 74.192205517421826 64.934483452700078 33.456187666626647 30.816306295237155 824.98196376423584 19.668889587628655 101.79217507014982 37.760398084225017 157.08397153552505 60.398931011557579 584.82067840534728 52.483124808175489 130.82140998195973 235.42389702796936 269.96824656391982 5.4332341449335209 179.95201219558658 80.685373196105502 267.8390834077727 85.622638855384139 100.38730269673761 822.53196819739242 223.02039518886886 114.30849587731063 3025.9706328833709 228.12853903323412 83.082495093345642 105.17551704002835 380.41366741457023 15044.855207985274
leaf_count=103802 3621 22 540 299 2624 420 3404 346 74 2 2995 1317 477 53 5799 73 3629 1300 1547 547 2220 1532 2777 75 35978 11 366 2238 821 137204
internal_value=0.00251951 0.00256264 0.012432 0.0024335 0.0151255 0.00248277 0.00236643 0.00244567 0.0123424 0.0073632 0.0100812 -0.0392493 0.00247541 0.0024294 0.0144847 0.00234095 -0.00762864 0.00404588 0.0136566 0.022495 -0.0353838 0.00244624 0.00437472 0.00182662 0.00175203 0.00220729 0.00203344 0.00312461 0.0150665 0.00264896
internal_weight=71564.6 71490.4 923.373 70567.1 889.916 70483.8 69661.8 69560 821.972 664.888 645.22 83.2994 69522.2 69391.4 505.392 68886 719.92 539.968 434.147 353.462 105.821 68166.1 16576 51590.1 51475.8 48449.8 48221.7 15753.5 603.434 15150
internal_count=316113 312492 3186 309306 2646 307690 304199 300795 3491 3417 2997 1616 300449 299972 5852 294120 9316 5687 3394 2094 2293 284804 144572 140232 140157 104179 104168 143040 3598 139442
is_linear=0
shrinkage=0.03


Tree=110
num_leaves=31
num_cat=0
split_feature=5 5 5 5 5 5 3 8 3 1 1 3 5 8 8 5 0 7 8 5 5 8 0 5 3 4 6 8 5 5
split_gain=174.225 261.155 151.674 399.674 363.384 290.963 142.78 237.034 359.942 187.769 187.105 214.801 200.872 137.585 293.232 341.908 357.078 249.567 238.136 232.617 171.282 121.337 194.647 134.176 122.836 119.485 110.626 240.406 210.098 142.274
threshold=114.50000000000001 119.50000000000001 89.000000000000014 91.500000000000014 30.500000000000004 94.500000000000014 4.5000000000000009 0.012220009955201594 12.500000000000002 3.5000000000000004 1.0000000180025095e-35 1.5000000000000002 95.500000000000014 0.36666666666666675 0.58333333333333337 95.500000000000014 1.5000000000000002 1.0000000180025095e-35 0.30952380952380959 113.00000000000001 113.00000000000001 0.36666666666666675 2.5000000000000004 99.500000000000014 9.5000000000000018 5.5000000000000009 1.5000000000000002 0.006045341584640874 129.50000000000003 166.50000000000003
decision_type=2 2 2 2 2 2 2 2 2 2 2 2 2 2 2 2 2 2 2 2 2 2 2 2 2 2 2 2 2 2
left_child=2 -2 4 -4 25 -5 10 8 -8 -10 13 -12 -13 18 -15 17 19 -16 20 -17 -7 23 24 -9 -23 -1 28 -28 -3 -29
right_child=1 26 3 5 -6 6 7 21 9 -11 11 12 -14 14 15 16 -18 -19 -20 -21 -22 22 -24 -25 -26 -27 27 29 -30 -31
leaf_value=0.0020389081761851458 0.032870693800736615 0.03265277237800876 -0.037979603245435513 0.035520360881399496 0.029897644392232987 -0.043725724683139879 -0.069936312574197398 0.034277601685760252 -0.04761444819786767 0.015840354479230222 0.0045437137024297979 -0.036291212561736647 -0.0002422554132041121 -0.042977735632632776 -0.018127189886954592 0.027929099293517036 -0.05779646807164885 0.043806617622649022 0.00854180184468545 -0.0080628840072847069 0.013596990986223072 0.0030268780251399429 0.047849316418866382 0.0038898620734492237 -0.045853431886357821 0.016665363483062988 0.012175940305401136 -0.050237440199260859 0.0053448267543774915 0.019447808812964127
leaf_weight=55097.256117962999 337.28110679239762 268.07924467755947 265.42711505991247 195.97042288258672 428.73769197182264 155.06663053651573 84.686791405838449 340.47313376681996 53.848054224450607 190.26548128202558 3195.4440745430475 240.51734258839861 329.97107463516295 242.92609343939694 1638.7799151835497 438.44918302819133 67.126972210826352 60.726127554662526 837.90005088970065 255.95753062516451 67.263715093256906 732.14975338251679 84.573184449007385 212.32631617202424 49.391322082094121 507.29139720530657 197.28866431202914 135.27503911398526 4682.6960764328687 32.752914819087891
leaf_count=172825 40 324 4376 13 748 2007 390 893 332 233 38332 986 495 4167 24831 189 1039 48 3089 2894 168 2545 296 399 2427 3861 201 2520 44731 531
internal_value=0.00221827 0.00727206 0.00178388 -0.00167166 0.00238449 -0.000654421 -0.00141852 0.00630647 -0.0166446 0.00184311 -0.00321146 0.00151638 -0.0154405 -0.00794148 -0.0115329 -0.00842905 0.00827545 -0.0159142 0.001218 0.0146625 -0.0263833 0.0116248 0.00461618 0.0226059 -6.22279e-05 0.00217235 0.00564795 -0.0102835 0.00682352 -0.036654
internal_weight=71425.9 5653.37 65772.5 9739.24 56033.3 9473.81 9277.84 1747.71 328.8 244.114 7530.13 3765.93 570.488 3764.2 2703.97 2461.04 761.534 1699.51 1060.23 694.407 222.33 1418.91 866.114 552.799 781.541 55604.5 5316.09 365.317 4950.78 168.028
internal_count=315930 48347 267583 90149 177434 85773 85760 7515 955 565 78245 39813 1481 38432 33168 29001 4122 24879 5264 3083 2175 6560 5268 1292 4972 176686 48307 3252 45055 3051
is_linear=0
shrinkage=0.03


Tree=111
num_leaves=31
num_cat=0
split_feature=5 5 5 5 1 2 8 2 2 3 3 5 1 9 8 5 5 6 8 5 8 7 8 5 5 0 5 5 5 3
split_gain=241.908 455.495 284.638 645.11 175.153 159.132 152.613 144.193 140.161 201.751 213.578 377.435 608.879 844.841 417.186 290.591 212.374 184.042 209.875 158.182 187.717 154.517 139.132 146.344 151.379 135.726 135.03 162.698 128.31 125.618
threshold=30.500000000000004 43.500000000000007 27.500000000000004 10.500000000000002 1.0000000180025095e-35 1.0000000180025095e-35 0.0077419483736913619 4.5000000000000009 2.5000000000000004 5.5000000000000009 4.5000000000000009 95.500000000000014 1.0000000180025095e-35 1.0000000180025095e-35 0.83333333333333337 113.00000000000001 99.500000000000014 1.5000000000000002 0.012760529743812419 100.50000000000001 0.58333333333333337 1.0000000180025095e-35 0.45000000000000007 100.50000000000001 99.500000000000014 1.5000000000000002 71.500000000000014 89.000000000000014 118.50000000000001 1.0000000180025095e-35
decision_type=2 2 2 2 2 2 2 2 2 2 2 2 2 2 2 2 2 2 2 2 2 2 2 2 2 2 2 2 2 2
left_child=2 -2 3 7 25 6 -3 -1 9 10 11 12 21 14 -14 19 -13 22 -19 20 -12 -7 29 24 -24 -4 -8 -28 -17 -10
right_child=1 5 4 -5 -6 8 26 -9 17 -11 15 16 13 -15 -16 28 -18 18 -20 -21 -22 -23 23 -25 -26 -27 27 -29 -30 -31
leaf_value=0.00095052704455436449 0.040063627501956724 -0.037551289909114285 -0.0043966090962932573 0.0279563042033288 -0.031098364916323631 -0.0091235052419159895 -0.034338847905830597 0.017679210957670468 -0.030215294815625061 -0.043250134565229033 0.027519178458108102 0.030743414745989562 -0.054410706658889724 0.041540135795412554 -0.14010035439613586 -0.10121097128007144 -0.00053279259072349164 0.00076040010477155954 -0.036859922485652806 0.056065093746513153 -0.012320112134556999 0.040283707763575323 0.0003255165133093162 0.013597354816499877 -0.049437953599736649 -0.039903984410714209 0.043822020803943575 0.0075208735888960898 -0.016573989218622569 0.025942500065668776
leaf_weight=50878.275545866491 330.7995453845906 67.715957224776503 2224.5456590024987 817.98381467463332 278.99914983008057 735.0627789220307 68.30818122625351 467.99248405196704 38.277373969496693 107.18593868270545 328.30534595856443 219.81893587112427 160.95089607918635 63.634868178982288 74.94488429906778 20.306559192948043 1758.6850256916805 758.85138610593276 161.94400947704708 99.825464725494385 157.51449746941216 61.75511418050155 850.61407253605284 1036.202306836658 58.820065604959382 101.3000103540835 112.64754668623209 8181.55616020452 78.203932450480352 565.00560987582139
leaf_count=141360 34 3727 19623 1823 6809 1826 680 1144 560 4096 356 40 881 28 586 109 4480 1321 1304 8 391 23 3176 4136 813 6143 8 108853 433 1287
internal_value=0.00199103 0.00522416 0.0010408 0.00152408 -0.00863742 0.00449317 0.00730472 0.001103 0.00126222 -0.00266616 -0.00150893 -0.00488203 -0.0190017 -0.0554663 -0.0816346 0.013651 0.00294211 0.00563949 -0.00585604 0.0216698 0.0146023 -0.00529434 0.00979225 0.00588936 -0.00289307 -0.0059431 0.00766794 0.0080139 -0.0340207 0.0223794
internal_weight=70866 16096.9 54769.1 52164.3 2604.84 15766.1 8430.23 51346.3 7335.91 3866.19 3759.01 3074.85 1096.35 299.531 235.896 684.156 1978.5 3469.71 920.795 585.645 485.82 796.818 2548.92 1945.64 909.434 2325.85 8362.51 8294.2 98.5105 603.283
internal_count=316058 139156 176902 144327 32575 139122 113268 142504 25854 13257 9161 7864 3344 1495 1467 1297 4520 12597 2625 755 747 1849 9972 8125 3989 25766 109541 108861 542 1847
is_linear=0
shrinkage=0.03


Tree=112
num_leaves=31
num_cat=0
split_feature=4 3 3 0 7 0 5 8 4 0 8 3 7 3 10 8 5 5 8 0 1 5 5 5 5 5 5 5 5 8
split_gain=132.114 76.749 70.5371 124.212 68.7798 177.589 97.1312 81.8592 109.755 80.5808 113.148 109.956 99.1267 86.7801 131.598 114.705 104.924 181.016 88.2002 123.25 83.5615 90.2233 397.855 405.249 398.996 180.911 424.987 292.066 234.264 217.637
threshold=15.500000000000002 29.500000000000004 15.500000000000002 5.5000000000000009 3.5000000000000004 6.5000000000000009 120.50000000000001 0.0056364502806311558 7.5000000000000009 4.5000000000000009 0.0083828162514786326 13.500000000000002 2.5000000000000004 2.5000000000000004 0.29166666666666669 0.45000000000000007 89.000000000000014 98.500000000000014 0.072751322751322761 2.5000000000000004 3.5000000000000004 94.500000000000014 91.500000000000014 89.000000000000014 30.500000000000004 114.50000000000001 105.50000000000001 100.50000000000001 129.50000000000003 0.23611111111111113
decision_type=2 2 2 2 2 2 2 2 2 2 2 2 2 2 2 2 2 2 2 2 2 2 2 2 2 2 2 2 2 2
left_child=2 -2 4 -4 9 6 -6 -7 -9 11 -11 12 13 14 20 -16 -17 -18 19 -15 21 22 23 24 -1 26 27 29 -27 -23
right_child=1 -3 3 -5 5 7 -8 8 -10 10 -12 -13 -14 18 15 16 17 -19 -20 -21 -22 25 -24 -25 -26 28 -28 -29 -30 -31
leaf_value=0.0019056568739158949 0.018961312391986711 -0.036706207740257513 -0.062716679783808682 0.01034842738252381 -0.069645329150622992 0.023458584636760333 0.0312821974731219 -0.050068649120946981 0.013174337128860389 0.026114752960675648 -0.025407111476070283 -0.060822882871441407 -0.057133055159309908 -0.056348226667582102 -0.049708137619829153 0.0076426443147154599 -0.058469364710671164 -0.0027526786539790868 0.0064775869466157723 -0.0015915449456532012 0.036394720976956084 -0.038013969223545961 0.038786604705983767 -0.036349718425905175 0.03125171261342867 0.030883719041959249 -0.026415985172415984 0.030738539100886923 0.0019799268758928117 -0.0018365555001158892
leaf_weight=53349.959511015753 524.02612741324992 23.280330176698044 41.349103088330594 42.426316782832146 58.7637157094141 83.793446585536003 10.049502372741697 46.988361641764641 52.058495253324509 238.4983454188332 45.716025701491162 25.208391335254419 25.639742061699508 46.076572619724175 68.658560939744348 205.19542806316167 79.65778172534192 153.81274778495572 4902.4559366420763 187.72788666996348 62.374076721258461 154.41161170450141 265.30353220552206 247.38919105322566 420.26155650801957 269.96521984599531 691.24832778191194 242.81927514076233 3872.1321281263772 4861.30695980991
leaf_count=168905 6577 219 284 41 2048 56 1 190 43 311 329 252 939 683 465 332 405 481 15499 365 48 2864 13 3222 680 74 13915 45 41126 54926
internal_value=0.00191071 0.0165934 0.00179713 -0.0257144 0.00182974 -0.0138261 -0.0549058 0.00163459 -0.0168285 0.00188569 0.0178274 0.00182109 0.00184361 0.00186519 0.00156831 -0.0136512 -0.00800769 -0.0217626 0.00561906 -0.0123826 0.00168813 0.0016545 0.00213876 0.00195877 0.00213502 -0.000950257 -0.00430166 -0.00139467 0.00386376 -0.0029503
internal_weight=71298.6 547.306 70751.2 83.7754 70667.5 251.654 68.8132 182.84 99.0469 70415.8 284.214 70131.6 70106.4 70080.8 64944.5 507.325 438.666 233.471 5136.26 233.804 64437.2 64374.8 54282.9 54017.6 53770.2 10091.9 5949.79 5258.54 4142.1 5015.72
internal_count=315338 6796 308542 325 308217 2338 2049 289 233 305879 640 305239 304987 304048 287501 1683 1218 886 16547 1048 285818 285770 172820 172807 169585 112950 71750 57835 41200 57790
is_linear=0
shrinkage=0.03


Tree=113
num_leaves=31
num_cat=0
split_feature=5 5 5 5 5 5 8 8 4 0 5 5 4 1 8 2 8 2 4 10 1 6 5 5 1 1 5 2 0 2
split_gain=290.096 535.779 167.017 281.369 276.952 328.724 183.359 212.826 148.49 133.915 145.247 390.479 311.374 319.741 368.578 193.58 148.511 227.205 183.04 196.427 147.903 256.089 111.26 257.264 369.485 220.637 451.682 239.424 214.942 106.447
threshold=10.500000000000002 23.000000000000004 114.50000000000001 119.50000000000001 94.500000000000014 91.500000000000014 0.83333333333333337 0.050423728813559332 9.5000000000000018 2.5000000000000004 8.5000000000000018 1.0000000180025095e-35 1.0000000180025095e-35 1.0000000180025095e-35 0.83333333333333337 1.0000000180025095e-35 0.83333333333333337 2.5000000000000004 4.5000000000000009 0.29166666666666669 1.5000000000000002 1.0000000180025095e-35 30.500000000000004 43.500000000000007 1.0000000180025095e-35 1.0000000180025095e-35 29.500000000000004 1.0000000180025095e-35 1.5000000000000002 1.5000000000000002
decision_type=2 2 2 2 2 2 2 2 2 2 2 2 2 2 2 2 2 2 2 2 2 2 2 2 2 2 2 2 2 2
left_child=9 -2 4 -4 5 6 7 -3 22 10 11 20 15 14 -14 -12 -15 18 19 -18 21 -1 25 -24 -25 28 27 -27 29 -8
right_child=1 2 3 -5 -6 -7 8 -9 -10 -11 12 -13 13 16 -16 -17 17 -19 -20 -21 -22 -23 23 24 -26 26 -28 -29 -30 -31
leaf_value=-0.00010201020929916918 0.030571587889499544 0.026808188338390798 0.03306988596768088 0.005677149215135585 -0.0016760795092774449 0.038204472587676591 0.012409337169940284 -0.032813060477381868 -0.061140850385603046 0.018887017661341307 -0.010458016067349545 0.037750243285424971 -0.045151812875541757 0.020879043442844109 0.0027610275584211449 -0.035991396824517824 -0.030294580393469193 0.016779113881294005 0.0050976421289894583 -0.13857634929723039 0.047106867371048043 -0.051625808390562099 0.039772481439103731 -0.035779488295760276 0.02917366163649043 -0.031297811664262321 0.04120741019629643 -0.14881508056271286 -0.043956750524426741 -0.0069877244579598955
leaf_weight=46721.317746877685 663.51625306065762 72.163919316168176 360.12787782773376 5366.3042426575048 8944.6681031824664 297.29963357001543 2035.1705919653177 212.72744534105004 28.242183210997609 327.25206798029831 1328.7228926352691 246.10116519778967 220.26026438723784 706.55684447166277 420.10992651816923 334.50702105648816 40.106858152430505 177.3394934493117 51.036498375062365 24.160400884691626 59.561268851161003 86.981141962110996 293.37132740020752 139.59065611945698 181.05237959855003 215.41372866928577 84.455222304910421 16.821397590800188 68.446007651393302 291.03931015916169
leaf_count=103805 153 391 42 48094 85961 15 16563 9875 908 778 32720 15 1706 1164 533 1121 102 147 76 165 2 385 35 1433 710 5647 51 223 3099 417
internal_value=0.000948111 0.00408172 0.0031371 0.00739984 0.00124196 0.00787364 0.00539532 -0.0177108 0.00735821 -0.000241902 -0.000366066 6.02709e-05 -0.0064477 0.00282983 -0.013719 -0.0155933 0.0134357 -0.00453561 -0.0373181 -0.0710016 -0.000137638 -0.000197754 0.00793997 0.0194712 0.000896569 0.0053286 -0.0182041 -0.0398099 0.00844077 0.00998251
internal_weight=70014.4 19270.4 18606.9 5726.43 12880.5 3935.79 3638.49 284.891 3353.6 50744 50416.8 47114 3302.8 1639.57 640.37 1663.23 999.2 292.643 115.304 64.2673 46867.9 46808.3 3325.36 614.014 320.643 2711.35 316.69 232.235 2394.66 2326.21
internal_count=316336 173617 173464 48136 125328 39367 39352 10266 29086 142719 141941 104207 37734 3893 2239 33841 1654 490 343 267 104192 104190 28178 2178 2143 26000 5921 5870 20079 16980
is_linear=0
shrinkage=0.03


Tree=114
num_leaves=31
num_cat=0
split_feature=5 5 3 7 11 0 8 5 5 8 5 0 4 2 2 5 8 5 4 0 2 2 10 5 5 2 8 1 4 5
split_gain=104.275 195.934 92.8343 122.553 121.622 120.648 134.551 101.138 225.692 185.897 132.305 168.968 158.449 139.089 122.876 113.769 144.449 134.52 115.56 109.457 91.7825 78.315 130.54 207.815 217.408 326.582 367.203 214.547 186.613 183.461
threshold=162.50000000000003 169.50000000000003 4.5000000000000009 3.5000000000000004 1.0000000180025095e-35 3.5000000000000004 0.0081577196095829665 105.50000000000001 100.50000000000001 0.23611111111111113 99.500000000000014 1.5000000000000002 9.5000000000000018 4.5000000000000009 2.5000000000000004 10.500000000000002 0.45000000000000007 23.000000000000004 4.5000000000000009 1.5000000000000002 7.5000000000000009 4.5000000000000009 0.29166666666666669 95.500000000000014 89.000000000000014 2.5000000000000004 0.83333333333333337 1.0000000180025095e-35 1.5000000000000002 11.500000000000002
decision_type=2 2 2 2 2 2 2 2 2 2 2 2 2 2 2 2 2 2 2 2 2 2 2 2 2 2 2 2 2 2
left_child=2 -2 3 5 -5 20 -7 8 9 -4 11 12 13 15 19 18 -17 -18 -11 -9 21 22 -1 24 29 27 -27 28 -26 -24
right_child=1 -3 7 4 -6 6 -8 14 -10 10 -12 -13 -14 -15 -16 16 17 -19 -20 -21 -22 -23 23 -25 25 26 -28 -29 -30 -31
leaf_value=0.0013699612678968699 0.031855375935248363 -0.0024299763280360232 -0.045941215577965711 -0.057722137773358287 0.031154837170351241 0.027026935573618769 -0.02435086852825517 -0.0041187227373247516 0.050582940791983819 -0.076384974383388204 -0.031659125483365649 0.020274796205802036 -0.05148792043368209 0.026278738883289247 0.0031072624000109761 0.043361760426037906 0.030567969169942602 -0.0074572337796617117 -0.01096000605506859 -0.053774751650482781 -0.022094694058796993 0.016169966064493942 -0.018673063017595099 0.0054193916418895137 0.03267397914096163 -0.047377857956115668 -0.21364274472888853 -0.061314811772371934 -0.024104530913949897 0.014546039653149495
leaf_weight=63977.058208452872 288.30656423420078 312.7465317893475 56.238912066572084 58.540890704636695 18.154523849487305 291.30056794686243 54.450524061438045 96.716553682475933 117.56708392500877 30.527509357780218 68.406782830337761 907.02884458949848 46.57325125385978 218.69930756371468 1124.7959068241616 76.738574377988698 102.41335678100586 459.00729701895034 119.06294057331979 68.072034660883219 152.29372448740469 313.930116516829 348.93394657131284 713.33317719092884 72.765978319570422 37.124836261384189 17.633214462082833 92.337018031976186 183.41626840352546 261.95706872449955
leaf_count=279685 56 6874 1498 2095 2 1070 861 489 17 128 904 5700 2134 82 3613 114 22 1218 368 1257 2168 455 930 1818 80 228 208 604 676 785
internal_value=0.00157337 0.0140156 0.00146666 0.00121664 -0.0366841 0.00126034 0.0189357 0.00623482 0.0101418 0.0078611 0.00935277 0.0107841 0.00260922 0.00511256 -0.000437249 -0.000763707 0.00475612 -0.000520744 -0.0243115 -0.024631 0.00116799 0.00122165 0.00115023 -0.00698739 -0.0157139 -0.0328095 -0.100919 -0.0221085 -0.00797717 -0.00442833
internal_weight=70686.1 601.053 70085.1 66593.2 76.6954 66516.5 345.751 3491.85 2202.26 2084.7 2028.46 1960.05 1053.02 1006.45 1289.58 787.75 638.159 561.421 149.59 164.789 66170.8 66018.5 65704.6 1727.5 1014.17 403.277 54.7581 348.519 256.182 610.891
internal_count=316139 6930 309209 291665 2097 289568 1931 17544 12185 12168 10670 9766 4066 1932 5359 1850 1354 1240 496 1746 287637 285469 285014 5329 3511 1796 436 1360 756 1715
is_linear=0
shrinkage=0.03


Tree=115
num_leaves=31
num_cat=0
split_feature=5 5 5 5 1 5 5 5 5 5 1 0 4 0 2 3 3 8 2 2 5 5 5 5 5 5 8 0 2 5
split_gain=253.223 555.378 207.565 288.766 274.001 197.782 300.891 300.371 261.916 162.3 240.261 145.044 122.826 178.362 119.616 259.398 226.124 205.385 87.826 136.62 83.2658 187.256 120.106 262.114 191.458 282.421 199.415 184.673 106.023 122.743
threshold=10.500000000000002 23.000000000000004 29.500000000000004 43.500000000000007 1.0000000180025095e-35 91.500000000000014 94.500000000000014 89.000000000000014 71.500000000000014 30.500000000000004 1.0000000180025095e-35 1.5000000000000002 11.500000000000002 1.5000000000000002 4.5000000000000009 2.5000000000000004 3.5000000000000004 0.58333333333333337 4.5000000000000009 1.0000000180025095e-35 162.50000000000003 169.50000000000003 129.50000000000003 120.50000000000001 119.50000000000001 114.50000000000001 0.0048840121653050276 1.5000000000000002 1.5000000000000002 151.50000000000003
decision_type=2 2 2 2 2 2 2 2 2 2 2 2 2 2 2 2 2 2 2 2 2 2 2 2 2 2 2 2 2 2
left_child=14 -2 4 9 11 7 -7 8 -5 10 -4 -3 20 -14 16 -16 -1 -18 19 -6 22 -22 23 24 25 26 -8 -24 29 -29
right_child=1 2 3 5 18 6 12 -9 -10 -11 -12 -13 13 -15 15 -17 17 -19 -20 -21 21 -23 27 -25 -26 -27 -28 28 -30 -31
leaf_value=-0.00018524565502112909 0.030709891024966744 -0.00016459527146124199 -0.030233712717555206 -0.034172688339261514 -0.031384996433135269 0.037911802508855237 -0.046402550686516164 -0.03803461070802909 0.041695117529712548 0.039184603047019421 0.040280793915602034 -0.039933574620317443 -0.050133115452504859 0.017629928405298104 -0.057004121758629206 0.022643258300290844 -0.047298286201074687 -0.0060597020102344419 0.017651795737401551 -0.1070499727760766 0.03195061307143264 -0.0032965545904100352 0.00068233912707988005 0.033130766123237974 -0.037568474230828076 0.032787958999028304 0.0031687686240046862 -0.0066331019671342023 -0.0061413398521642472 -0.04769943661061346
leaf_weight=49509.081691911902 665.56494705844671 2230.3196640640545 91.531784439692274 65.473902908153832 232.14907187432982 230.99868119880557 73.625125809936435 248.6805109683628 109.35168992565013 322.9365406036377 82.852126454235986 85.709823643432173 36.572534262853878 792.43356614162258 40.529351945500821 400.11712100438308 171.20471045927843 297.69017913594143 27.919405493652448 23.666027484025108 270.75647523999214 271.85687079740455 3304.8981483715834 271.73100280761719 102.3054691888392 291.04568791389465 9134.572148329702 109.57768043364194 344.75272998012224 162.85828603033406
leaf_count=139091 154 18923 1807 675 6685 12 2199 4360 22 36 57 5811 2432 2946 433 719 1378 657 84 899 51 5986 27094 30 320 35 80846 2437 3386 6482
internal_value=0.000880113 0.00377518 0.0028276 0.00408183 -0.00504523 0.0033743 0.00393058 -0.0168509 0.0132819 0.0265908 0.00326867 -0.00163633 0.00341303 0.0146405 -0.00024442 0.0153175 -0.000381627 -0.0211169 -0.0328709 -0.0383849 0.00276387 0.0142913 0.00231046 0.00407473 0.00325242 0.00369206 0.00277242 -0.00213082 -0.0171946 -0.031182
internal_weight=70002.8 19584.1 18918.6 16318.8 2599.76 15821.5 15398 423.506 174.826 497.32 174.384 2316.03 15167 829.006 50418.6 440.646 49978 468.895 283.735 255.815 14338 542.613 13795.4 9873.28 9601.55 9499.24 9208.2 3922.09 617.189 272.436
internal_count=316047 173769 173615 141213 32402 139313 134256 5057 697 1900 1864 24734 134244 5378 142278 1152 141126 2035 7668 7584 128866 6037 122829 83430 83400 83080 83045 39399 12305 8919
is_linear=0
shrinkage=0.03


Tree=116
num_leaves=31
num_cat=0
split_feature=4 3 3 0 3 0 9 8 6 8 10 8 10 1 8 10 8 6 1 0 1 4 8 4 8 8 10 1 8 1
split_gain=144.282 73.4816 65.9351 113.191 65.8154 97.6063 222.682 147.869 75.2132 160.249 157.534 89.8607 160.459 111.323 98.1886 81.4899 72.7839 65.138 61.6155 61.5512 58.4858 63.5746 66.168 53.9445 68.9201 260.302 82.3715 135.915 52.7645 266.546
threshold=15.500000000000002 29.500000000000004 15.500000000000002 5.5000000000000009 2.5000000000000004 3.5000000000000004 1.0000000180025095e-35 0.010544848035581913 1.5000000000000002 0.45000000000000007 0.29166666666666669 0.006045341584640874 0.58333333333333337 5.5000000000000009 0.010191099340499559 0.87500000000000011 0.072751322751322761 1.5000000000000002 1.5000000000000002 1.5000000000000002 1.5000000000000002 5.5000000000000009 0.085144927536231887 11.500000000000002 0.30952380952380959 0.10818713450292398 0.58333333333333337 1.0000000180025095e-35 0.83333333333333337 1.0000000180025095e-35
decision_type=2 2 2 2 2 2 2 2 2 2 2 2 2 2 2 2 2 2 2 2 2 2 2 2 2 2 2 2 2 2
left_child=2 19 4 -4 5 6 -1 18 9 16 -10 -12 14 -14 -13 28 -6 -9 -7 -2 21 22 -16 24 25 -18 -26 -28 29 -11
right_child=1 -3 3 -5 8 7 -8 17 10 15 11 12 13 -15 20 -17 23 -19 -20 -21 -22 -23 -24 -25 26 -27 27 -29 -30 -31
leaf_value=0.00072732280288999383 -0.031153630157108026 -0.036598972859732175 -0.062086645028996822 0.0084498933068711483 -0.028160347969482045 0.047865086483329516 -0.054190944702386501 0.019259291536053796 -0.066878510870826038 -0.037114342251538611 0.010331288061006461 -0.04588904983464092 -0.046730503223508996 0.0097430460457942122 0.021015315629016894 -0.022799220302387953 0.017958400453679448 -0.055862862327468427 0.015806102330955456 0.020262147497543289 0.020526521445571256 0.020405300318178447 -0.048338598001601618 0.043597699777195825 0.022174686115694713 -0.056232815131263325 -0.037975431887620634 0.016218474516869232 0.0047267881006345207 0.009989895531506518
leaf_weight=63794.631821742558 21.813367129991093 22.900430493173189 39.900381725092302 42.056983321905136 34.930645759744948 64.833906781859696 66.519089741268544 14.741006512078455 34.400257018314733 164.08814508742944 343.05528038158081 32.354464852833189 129.52033541657147 41.474437862634659 17.463444395507395 113.68229419744603 170.8507304246159 35.18035987004987 321.55683295516064 532.48480860858035 163.9882337366289 40.741888580290833 42.539150859563961 59.610368452733383 789.85331445671909 56.681396793217573 58.174601148799411 146.62039232574898 2636.0292360211606 316.96446171091884
leaf_count=284836 3454 219 290 43 565 86 3085 23 361 2521 368 106 1325 38 26 895 356 1239 2653 3100 205 305 517 78 1389 788 527 586 4623 1779
internal_value=0.00112568 0.0160631 0.00100211 -0.0258903 0.00103374 0.000766734 0.000670119 0.0149078 0.00421705 0.00574473 -0.00399916 -0.00133245 -0.00988076 -0.033033 0.00344498 0.00214949 0.0145662 -0.0336805 0.0211854 0.0182388 0.00947437 -0.00851593 -0.0281535 0.0157305 0.0143713 -0.000523656 0.0177786 0.000824012 0.00305939 -0.00607747
internal_weight=70349.6 577.199 69772.4 81.9574 69690.5 64297.5 63861.2 436.312 5393.02 4547.49 845.537 811.137 468.082 170.995 297.087 3230.76 1316.72 49.9214 386.391 554.298 264.733 100.744 60.0026 1281.79 1222.18 227.532 994.648 204.795 3117.08 481.053
internal_count=316386 6773 309613 333 309280 291922 287921 4001 17358 14107 3251 2890 2522 1363 1159 9818 4289 1262 2739 6554 1053 848 543 3724 3646 1144 2502 1113 8923 4300
is_linear=0
shrinkage=0.03


Tree=117
num_leaves=31
num_cat=0
split_feature=2 9 1 11 0 4 3 3 3 4 9 6 10 2 1 1 4 2 0 2 1 10 1 4 7 4 6 2 2 2
split_gain=188.432 196.732 200.168 128.424 119.047 88.0176 92.9649 158.868 125.367 85.3375 65.0018 62.3045 63.0556 70.6023 66.5077 62.054 56.5204 161.753 66.3188 189.031 51.5066 50.4778 125.584 119.203 94.8826 49.8735 49.282 49.1106 48.7705 128.798
threshold=2.5000000000000004 1.0000000180025095e-35 5.5000000000000009 1.0000000180025095e-35 2.5000000000000004 7.5000000000000009 8.5000000000000018 5.5000000000000009 4.5000000000000009 4.5000000000000009 3.5000000000000004 2.5000000000000004 1.0000000180025095e-35 1.5000000000000002 1.5000000000000002 1.5000000000000002 1.0000000180025095e-35 4.5000000000000009 1.5000000000000002 3.5000000000000004 1.5000000000000002 0.87500000000000011 2.5000000000000004 10.500000000000002 2.5000000000000004 7.5000000000000009 1.5000000000000002 1.5000000000000002 5.5000000000000009 7.5000000000000009
decision_type=2 2 2 2 2 2 2 2 2 2 2 2 2 2 2 2 2 2 2 2 2 2 2 2 2 2 2 2 2 2
left_child=1 4 3 -3 5 6 7 8 20 11 16 12 13 14 -6 -14 17 18 -2 -20 -1 28 23 25 -24 -23 -22 -11 -18 -30
right_child=10 2 -4 -5 9 -7 -8 -9 -10 27 -12 -13 15 -15 -16 -17 21 -19 19 -21 26 22 24 -25 -26 -27 -28 -29 29 -31
leaf_value=0.00041071333933446715 0.010054169623788576 -0.049465341153265181 0.027146854559388499 0.020213528028478908 0.02272275537017188 -0.040545042984034795 0.036096983404984788 -0.041760207525240206 0.010993945331175427 0.010556991827505113 -0.016855712884577496 -0.049381408815463546 -0.043358144730674661 -0.029907232249748741 -0.0068295328016996591 0.012423403215466602 0.0072228966236303508 -0.0494735404394442 -0.036400155807826316 0.020502934586716853 0.022375986913166872 -0.02461234269318939 0.032636323834671487 -0.045825478144184022 -0.0067459654985065863 0.015366945570483832 -0.025127533838274336 0.051621411973167844 0.024534756036993125 0.0052777245300995685
leaf_weight=63108.283951109304 455.07877004193506 169.80936975179065 50.662451213109307 27.687538477461203 361.66416964362361 46.80430309521762 66.369826631322212 79.684638792998157 1032.718630177289 40.872010888127988 103.10489114443772 16.293114681961015 36.671931674121879 30.705771395354532 84.563631354569225 35.154647909512278 2390.8714366511776 56.019968019598309 114.43905625553452 97.14213585795369 157.93815665971488 44.147791452589445 119.33700902014971 83.073759870832873 102.22076821327209 77.174389214080293 22.449044917826541 73.072267274052138 601.73587205495278 650.52175494180483
leaf_count=279453 528 6542 238 69 2212 3035 193 2551 1856 284 335 278 404 120 592 100 5496 1374 535 149 439 285 49 3421 239 192 460 249 628 3259
internal_value=0.00103463 0.000609959 -0.0260506 -0.0396969 0.000711443 0.000579925 0.000609782 0.00057321 0.000625655 0.0132075 0.00671223 0.00843157 0.0101481 0.0140945 0.0171224 -0.0160565 0.00721934 -0.000511938 0.00360234 -0.0102745 0.000456469 0.00859244 -0.00117946 -0.018139 0.0144664 0.000818927 0.0164642 0.0368915 0.00973497 0.0145311
internal_weight=70336.3 65441.4 248.159 197.497 65193.2 64514.2 64467.4 64401.1 64321.4 678.998 4894.87 565.053 548.76 476.934 446.228 71.8266 4791.76 722.68 666.66 211.581 63288.7 4069.08 425.954 204.396 221.558 121.322 180.387 113.944 3643.13 1252.26
internal_count=315565 299075 6849 6611 292226 287987 284952 284759 282208 4239 16490 3706 3428 2924 2804 504 16155 2586 1212 684 280352 13569 4186 3898 288 477 899 533 9383 3887
is_linear=0
shrinkage=0.03


Tree=118
num_leaves=31
num_cat=0
split_feature=2 4 8 5 5 5 5 5 10 1 2 2 5 5 2 3 1 5 1 0 5 5 1 5 5 5 0 2 4 4
split_gain=176.944 208.055 132.69 250.929 418.804 364.63 255.126 250.608 198.065 472.876 184.2 179.978 162.723 150.166 143.185 220.306 196.193 142.647 137.41 294.861 156.838 539.153 219.83 133.214 129.179 171.981 174.906 122.009 182.493 180.817
threshold=4.5000000000000009 1.0000000180025095e-35 0.83333333333333337 95.500000000000014 105.50000000000001 144.00000000000003 84.000000000000014 29.500000000000004 0.29166666666666669 1.0000000180025095e-35 1.0000000180025095e-35 1.0000000180025095e-35 151.50000000000003 93.500000000000014 1.5000000000000002 1.5000000000000002 3.5000000000000004 99.500000000000014 1.5000000000000002 1.5000000000000002 10.500000000000002 23.000000000000004 1.0000000180025095e-35 94.500000000000014 100.50000000000001 99.500000000000014 1.5000000000000002 1.0000000180025095e-35 2.5000000000000004 1.5000000000000002
decision_type=2 2 2 2 2 2 2 2 2 2 2 2 2 2 2 2 2 2 2 2 2 2 2 2 2 2 2 2 2 2
left_child=2 -2 14 6 24 10 7 18 13 -10 -6 12 -7 -8 -1 17 -17 -16 19 20 -4 -22 27 -15 25 -5 -27 -23 29 -29
right_child=1 -3 3 4 5 11 8 -9 9 -11 -12 -13 -14 23 15 16 -18 -19 -20 -21 21 22 -24 -25 -26 26 -28 28 -30 -31
leaf_value=0.0012028307092345814 -0.048616941585519609 0.011155884357197658 -0.0093828418438385783 0.033095838385186822 -0.02012022375753587 0.055471218590944234 -0.037352995609169715 0.019205550693956366 -0.017291975247304515 -0.10596247435610058 0.0029420454243448669 -0.0066332754834944746 0.0075337709888691701 0.035302041519186464 0.024351943243951672 0.0021625592915069966 -0.073004344604472235 6.235854861829046e-05 0.039176436472666117 -0.041311995040851243 0.030538579898375346 0.001970705230267298 -0.035010352903708047 -0.0080706052429394982 0.039798056928814218 0.011360692651561432 -0.039884000435035975 -0.09653612294677992 -0.0032239996238364274 -0.012444800521980675
leaf_weight=51524.772824758766 53.768456707384757 2074.2797043573846 1645.7968399859965 277.52437973022461 1016.3800332550891 65.347599951550364 155.43624905194156 508.1533974930644 361.96000832202844 63.647319303534459 449.56016396691848 928.92768750294636 2574.1934521334479 65.261634826660156 859.53170483664144 1343.3768619757757 31.995889486279339 291.36596265321714 68.503340454539284 179.51325306868239 498.59220170974731 1720.766948223114 188.19609308152576 2720.0616003229079 248.59849715232849 360.10980772794574 71.915894212579587 45.411944452673197 208.87538181128912 46.658005230128765
leaf_count=150689 1389 8027 25784 42 16138 37 1543 1431 1584 742 1017 2091 22403 2 1172 6946 156 1191 109 6697 115 15723 4885 44298 42 458 482 197 294 72
internal_value=0.00112627 0.00964563 0.000861678 -0.00168989 0.00300886 -0.000451037 -0.0050116 -0.000787514 -0.0114242 -0.0305522 -0.0130477 0.00472372 0.00872057 -0.00865582 0.00154473 0.00851798 0.000413919 0.0182027 -0.002995 -0.00363219 -0.00207877 0.00235948 -0.00399819 -0.00705436 0.0211882 0.014668 0.00283039 -0.00111135 -0.0187342 -0.0539214
internal_weight=70648.5 2128.05 68520.4 14469.4 5992.56 5034.41 8476.83 5110.47 3366.37 425.607 1465.94 3568.47 2639.54 2940.76 54051 2526.27 1375.37 1150.9 4602.31 4533.81 4354.3 2708.5 2209.91 2785.32 958.149 709.55 432.026 2021.71 300.945 92.0699
internal_count=315756 9416 306340 146186 42710 41686 103476 55307 48169 2326 17155 24531 22440 45843 160154 9465 7102 2363 53876 53767 47070 21286 21171 44300 1024 982 940 16286 563 269
is_linear=0
shrinkage=0.03


Tree=119
num_leaves=31
num_cat=0
split_feature=8 8 9 8 2 8 8 8 10 2 4 4 11 6 8 2 8 1 0 4 8 2 7 1 4 4 1 7 2 0
split_gain=103.85 346.826 142.776 120.298 133.521 108.923 440.625 109.495 258.08 110.918 210.105 195.391 168.51 150.458 133.587 99.789 91.4261 87.0042 307.498 139.978 96.263 73.7921 72.6216 97.6305 76.6273 72.5553 69.1881 67.2287 66.1298 65.9922
threshold=0.0048115508087418204 0.0033277962347729793 3.5000000000000004 0.0050568980948727795 10.500000000000002 0.11437908496732027 0.21111111111111114 0.2678571428571429 1.0000000180025095e-35 4.5000000000000009 7.5000000000000009 1.0000000180025095e-35 1.0000000180025095e-35 1.5000000000000002 0.83333333333333337 1.0000000180025095e-35 0.58333333333333337 1.0000000180025095e-35 1.5000000000000002 10.500000000000002 0.83333333333333337 1.0000000180025095e-35 1.0000000180025095e-35 1.0000000180025095e-35 1.0000000180025095e-35 1.5000000000000002 4.5000000000000009 4.5000000000000009 6.5000000000000009 6.5000000000000009
decision_type=2 2 2 2 2 2 2 2 2 2 2 2 2 2 2 2 2 2 2 2 2 2 2 2 2 2 2 2 2 2
left_child=1 26 3 -2 5 15 -7 8 -8 10 12 -11 13 -9 16 27 -15 18 19 -13 -20 -16 23 -18 -25 -26 -1 -5 -22 -17
right_child=2 -3 -4 4 -6 6 7 9 -10 11 -12 17 -14 14 21 29 22 -19 20 -21 28 -23 -24 24 25 -27 -28 -29 -30 -31
leaf_value=0.00091330494050342328 0.031921385884706006 -0.067014620239775655 -0.042284161709802259 0.0202715637385717 -0.036697296584254295 -0.052616896041159794 0.03083944421589345 0.0030906536151921035 -0.061508460156027192 -0.049264654691535632 -0.043253567460244634 0.019490125815604602 -0.077006314023733174 -0.061657101107033471 -0.011764526528385803 0.0010008040155527538 -0.045127321875669764 0.020564205304503699 -0.027922963790254825 -0.053437421669703611 -0.1441039911238752 -0.051019462209142524 0.027525837158982991 -0.032753760179381558 0.038799686558635908 -0.0056943019017545076 0.029534367038747913 -0.050380896717654229 -0.045224921805535029 0.023023528893494915
leaf_weight=47644.903002584237 132.72349915886298 67.653233756893314 61.618818480143091 719.39550666039577 74.954643836244941 128.2508184342696 264.22848747778335 18682.630385824807 30.366018155451457 45.606741711613722 90.519634737760498 360.14204905147199 23.926140461739124 21.557521366932633 74.210279501159675 806.61828712658098 46.310037655901397 716.3129416583688 50.767944194016309 25.355092131365382 13.702015261165799 102.80282182201336 76.368192278096103 39.475634332193295 61.293987975659547 71.415731451139436 76.136987569509074 12.328842219780197 10.953844844800185 144.37908920645714
leaf_count=105381 162 1298 950 5995 334 3175 1197 174721 466 950 3760 271 244 604 2518 2974 1306 2713 935 1588 96 1323 329 1455 65 428 57 342 383 70
internal_value=0.00165859 0.00086274 0.00332025 0.00344336 0.00327681 0.00340927 0.00281907 0.00316075 0.0213205 0.00289996 0.00234454 0.0116617 0.00255952 0.00265879 -0.0136925 0.0107525 -0.00201748 0.014022 0.00385491 0.0146935 -0.051542 -0.0345624 0.00234278 -0.00645917 0.00394081 0.0148559 0.000958969 0.0190811 -0.100175 0.00434426
internal_weight=70676.9 47788.7 22888.2 22826.6 22693.9 22618.9 20936.2 20807.9 294.595 20513.4 19290.5 1222.84 19200 19176.1 493.434 1682.72 316.421 1177.23 460.921 385.497 75.4238 177.013 294.864 218.495 172.185 132.71 47721 731.724 24.6559 950.997
internal_count=316090 106736 209354 208404 208242 207908 198527 195352 1663 193689 186753 6936 182993 182749 8028 9381 4187 5986 3273 1859 1414 3841 3583 3254 1948 493 105438 6337 479 3044
is_linear=0
shrinkage=0.03


Tree=120
num_leaves=31
num_cat=0
split_feature=5 5 2 2 0 5 0 4 1 4 2 10 2 4 5 5 8 1 10 0 2 5 2 2 8 8 5 10 8 4
split_gain=124.027 505.509 143.471 215.241 142.971 219.016 176.566 206.576 285.162 171.475 126.085 114.463 103.076 89.4904 90.6933 171.752 122.802 104.964 392.145 160.03 116.616 104.327 117.27 331.406 142.958 103.714 219.527 227.509 486.107 168.15
threshold=10.500000000000002 23.000000000000004 7.5000000000000009 4.5000000000000009 1.5000000000000002 8.5000000000000018 2.5000000000000004 1.0000000180025095e-35 1.0000000180025095e-35 4.5000000000000009 1.0000000180025095e-35 0.58333333333333337 2.5000000000000004 23.500000000000004 30.500000000000004 43.500000000000007 0.83333333333333337 1.0000000180025095e-35 0.87500000000000011 1.5000000000000002 1.5000000000000002 71.500000000000014 1.0000000180025095e-35 1.5000000000000002 0.04819976771196284 0.36666666666666675 95.500000000000014 1.0000000180025095e-35 0.58333333333333337 1.5000000000000002
decision_type=2 2 2 2 2 2 2 2 2 2 2 2 2 2 2 2 2 2 2 2 2 2 2 2 2 2 2 2 2 2
left_child=2 -2 3 4 11 -6 7 10 -9 -10 -7 -1 -13 14 16 -16 -3 19 20 -18 -19 -17 -23 24 -24 -25 27 28 -27 -29
right_child=1 13 -4 -5 5 6 -8 8 9 -11 -12 12 -14 -15 15 21 17 18 -20 -21 -22 22 23 25 -26 26 -28 29 -30 -31
leaf_value=0.0013092480834643095 0.030677395121316082 -0.031484917847068611 -0.038109471269139071 0.025882659295230519 0.035707920436996471 -0.02847946945707697 0.0099906829937078181 -0.043271144017029306 0.018433738001336117 -0.047939800892017416 -0.072343608426744963 -0.06409106070408456 -0.00084481995143241909 -0.038096088752033769 0.031689633306489426 -0.034116599760028642 0.002971526992048076 -0.03104994297785154 0.039246714187327836 -0.04465302209091656 -0.1166662939243276 0.006304186880384385 -0.079491714733571153 0.0099493317271460227 -0.0099128977180532908 0.033818432780614194 0.0076707520331508704 -0.054989180622588188 -0.024427023566183082 -0.012259802406672592
leaf_weight=49956.745556593429 616.07421255111694 119.92725418855116 83.802081566536799 315.39637645892799 85.472921412438154 198.83505606767721 205.23703113332158 141.13088756546495 243.58219565171748 40.915310358279385 83.848022937774658 45.767950182780623 47.015488143428229 47.446146455848066 199.85318361630198 65.382941000163555 2334.0568272834062 217.4711427273869 83.04472748428816 65.277257819820079 15.327348857783361 8194.3108593903598 27.041090335711488 2001.9680341855674 1546.6826866129049 293.60316255943326 2066.1557646456895 92.058626395883039 229.96603674367361 831.96176921022561
leaf_count=132164 147 7223 982 174 32 5736 689 1030 336 393 409 287 103 1982 33 683 17446 5804 113 3198 210 112460 245 4825 6605 226 7219 402 476 4147
internal_value=0.00187743 0.00394549 0.00111177 0.00117576 0.00102311 -0.0102143 -0.0145108 -0.0216103 -0.00840695 0.00888816 -0.0414902 0.00124742 -0.0320427 0.00305198 0.00315817 0.00405792 -0.00177645 -0.000464254 -0.0167216 0.00167583 -0.0366869 0.00369814 0.00385991 0.0010347 -0.0111085 0.00449935 0.0013942 -0.00756437 0.00823542 -0.0165169
internal_weight=70495.4 19047.6 51447.7 51363.9 51048.6 999.021 913.549 708.311 425.628 284.498 282.683 50049.5 92.7834 18431.5 18384.1 15549 2835.1 2715.18 315.843 2399.33 232.798 15349.1 15283.7 7089.44 1573.72 5515.71 3513.75 1447.59 523.569 924.02
internal_count=315779 173444 142335 141353 141179 8625 8593 7904 1759 729 6145 132554 390 173297 171315 137321 33994 26771 6127 20644 6014 137288 136605 24145 6850 17295 12470 5251 702 4549
is_linear=0
shrinkage=0.03


Tree=121
num_leaves=31
num_cat=0
split_feature=2 3 3 5 2 1 5 5 5 10 1 5 5 5 1 5 5 5 5 0 5 3 3 0 7 9 5 2 5 5
split_gain=113.789 339.107 215.744 161.698 153.685 186.086 151.39 231.496 224.994 183.775 177.315 279.402 119.066 206.302 147.193 114.684 318.214 149.044 112.834 105.669 124.29 100.221 108.437 99.7557 96.1054 94.9742 90.1577 147.236 69.3103 365.377
threshold=5.5000000000000009 5.5000000000000009 1.5000000000000002 162.50000000000003 7.5000000000000009 1.5000000000000002 161.00000000000003 114.50000000000001 136.50000000000003 1.0000000180025095e-35 1.0000000180025095e-35 154.00000000000003 169.50000000000003 170.50000000000003 1.0000000180025095e-35 105.50000000000001 100.50000000000001 109.00000000000001 185.00000000000003 3.5000000000000004 113.00000000000001 21.500000000000004 22.500000000000004 4.5000000000000009 4.5000000000000009 1.0000000180025095e-35 29.500000000000004 3.5000000000000004 99.500000000000014 95.500000000000014
decision_type=2 2 2 2 2 2 2 2 2 2 2 2 2 2 2 2 2 2 2 2 2 2 2 2 2 2 2 2 2 2
left_child=1 3 -2 6 -4 21 7 15 -9 10 11 -10 -5 14 -14 16 25 -17 -15 20 -19 -6 -23 26 -21 28 27 -3 29 -1
right_child=2 23 4 12 5 -7 -8 8 9 -11 -12 -13 13 18 -16 17 -18 19 -20 24 -22 22 -24 -25 -26 -27 -28 -29 -30 -31
leaf_value=0.0012020361162695156 -0.045228530100399116 -0.039702252280938759 0.021390723513514068 0.031869491364007414 -0.022598002123216013 0.014900149103286299 -0.0055582680658838529 0.028449721390030751 -0.034451391393622917 -0.1178635056786147 0.013054233887433785 0.042489454623459176 0.0054702167598346899 0.033184657565441381 -0.071213556368726602 -0.044346381249367482 0.030397465360188652 0.034501063878967321 -0.033831022280577279 0.014100920332709495 -0.012555197777469865 0.033850260451667856 -0.034207049707574953 -0.002770032451373763 -0.046843274644564586 -0.045855544543381456 -0.041811747240035058 0.017508739933592567 -0.0082313958825440577 0.032613371979113737
leaf_weight=60920.310325701255 63.270973795581085 86.204378435637409 728.99135776044568 268.25826406478882 274.380965791177 485.38681080016249 2866.6308387262543 546.02545901015401 183.59742545764311 10.928307837340979 744.83316908245615 55.263148069381714 44.529669228941202 144.88412547111511 45.595038156025112 91.519776672124863 338.67751742340624 53.553470611572266 26.793081584153697 315.48899090464693 891.14389991771895 67.790133732538379 30.572633533389308 172.39628040790558 25.143607674603118 38.516318159643561 238.27998905400273 76.336274368688464 683.66074207791826 335.11462189257145
leaf_count=232784 1666 2653 1222 52 2275 732 25676 156 3630 880 6929 3 198 16 587 432 73 2 4966 2889 13427 329 2763 289 844 1080 6146 151 3317 52
internal_value=0.00131147 0.00112581 0.00909649 0.00131773 0.0112622 0.00265786 0.00118926 0.00148578 0.0129766 0.0044822 0.00584139 -0.0166502 0.0178232 0.00343044 -0.0333249 0.00120783 0.00139705 -0.00735631 0.0227257 -0.00472249 -0.00988765 -0.0132841 0.012697 -0.0218528 0.00960236 0.00123858 -0.0300605 -0.0128334 0.00126786 0.00137388
internal_weight=70854.1 69203.7 1650.39 68630.5 1587.12 858.131 68100.4 65233.8 1540.65 994.622 983.694 238.861 530.06 261.802 90.1247 63693.1 62316.3 1376.85 171.677 1285.33 944.697 372.744 98.3628 573.217 340.633 61977.6 400.821 162.541 61939.1 61255.4
internal_count=316219 307232 8987 297993 7321 6099 292174 266498 11598 11442 10562 3633 5819 5767 785 254900 237306 17594 4982 17162 13429 5367 3092 9239 3733 237233 8950 2804 236153 232836
is_linear=0
shrinkage=0.03


Tree=122
num_leaves=31
num_cat=0
split_feature=8 8 2 3 3 4 5 5 5 5 5 5 2 5 2 4 5 5 5 5 5 5 2 5 5 5 5 0 6 0
split_gain=72.7966 206.247 199.892 317.465 159.773 158.203 156.478 111.681 104.854 100.375 208.027 109.675 165.349 162.37 98.3769 105.607 195.412 93.7314 411.455 126.841 309.256 147.484 254.746 189.349 226.099 181.867 191.352 248.946 136.324 121.288
threshold=0.58333333333333337 0.36666666666666675 1.5000000000000002 1.0000000180025095e-35 4.5000000000000009 4.5000000000000009 165.50000000000003 9.5000000000000018 99.500000000000014 129.50000000000003 120.50000000000001 119.50000000000001 9.5000000000000018 114.50000000000001 3.5000000000000004 4.5000000000000009 98.500000000000014 27.500000000000004 10.500000000000002 29.500000000000004 94.500000000000014 95.500000000000014 1.5000000000000002 105.50000000000001 109.00000000000001 100.50000000000001 99.500000000000014 1.5000000000000002 1.5000000000000002 1.5000000000000002
decision_type=2 2 2 2 2 2 2 2 2 2 2 2 2 2 2 2 2 2 2 2 2 2 2 2 2 2 2 2 2 2
left_child=1 9 4 8 6 -6 7 -3 -4 10 11 13 -13 -1 15 16 -5 18 -2 29 -21 22 -22 25 -25 26 -23 -28 -26 -19
right_child=17 2 3 14 5 -7 -8 -9 -10 -11 -12 12 -14 -15 -16 -17 -18 19 -20 20 21 23 -24 24 28 -27 27 -29 -30 -31
leaf_value=0.001960107101855501 0.0028693354529735057 0.00074473072083753233 0.028729924209038703 -0.043164947206465971 0.035785667614425913 -0.04616192424214343 0.023203261039407574 -0.034844011359800059 -0.028464730962376665 -0.031753432751176272 0.032618713712536634 -0.061246774890955265 0.0024068229541369568 0.031764793029526124 -0.046906243049446947 0.017450162700149204 0.012265303795929211 -0.00167567614280973 0.029992315334223509 0.020782987091887938 0.0027809022179578471 0.031868345842209135 -0.015401360425497199 -0.043419768331056111 0.0048154870090420547 0.038969631310094031 0.0099374445555479429 -0.043995787608816159 -0.029074789671873023 -0.033444912450042212
leaf_weight=52954.224501049408 2267.8428733917244 93.467244776202278 308.14235193458444 135.59863119461806 79.872041262860876 28.864715613279259 55.286831866251305 525.75250421333476 31.827603349331184 78.967021691714763 200.19099426269531 61.842875084839761 90.439561847597361 165.01794815063477 75.108611776489852 96.984156267993967 99.052871101528581 2416.847857713321 646.97609145994647 942.59836341900518 2559.0883567853598 233.74671530723572 951.32135088893847 91.484753990545869 5336.8414180951513 264.23581743240356 365.52074367058231 97.590767677582335 109.00481502291223 113.2219893943402
leaf_count=131791 29729 501 389 1076 158 1082 1045 13483 789 6838 21 236 162 17 2238 1435 610 21533 546 3556 44931 46 3679 457 41288 53 527 833 2777 4359
internal_value=0.00225667 0.00173432 -0.00912639 0.00197944 -0.0197143 0.0140323 -0.0251545 -0.0294721 0.0233754 0.00204461 0.00209452 0.00197981 -0.0234433 0.0020527 -0.015904 -0.00888265 -0.0197663 0.00401144 0.00888958 0.00295675 0.00435541 0.00280831 -0.00214649 0.00548487 0.00335143 0.0177767 0.00974069 -0.00142782 0.00413713 -0.00309737
internal_weight=71477 55080.6 1529.96 746.714 783.243 108.737 674.507 619.22 339.97 53550.7 53471.7 53271.5 152.282 53119.2 406.744 331.636 234.652 16396.3 2914.82 13481.5 10951.4 10008.8 3510.41 6498.43 5537.33 961.094 696.858 463.112 5445.85 2530.07
internal_count=316185 161871 22806 6537 16269 1240 15029 13984 1178 139065 132227 132206 398 131808 5359 3121 1686 154314 30275 124039 98147 94591 48610 45981 44522 1459 1406 1360 44065 25892
is_linear=0
shrinkage=0.03


Tree=123
num_leaves=31
num_cat=0
split_feature=3 5 5 5 5 5 5 1 9 5 5 1 5 8 5 2 8 1 8 2 2 3 10 1 4 1 8 6 1 2
split_gain=160.531 169.225 148.289 188.391 174.599 178.818 137.777 314.054 116.869 107.109 147.229 166.813 95.9773 88.0786 77.6221 76.0857 75.2664 183.21 105.178 152.625 83.5969 371.052 113.637 97.8286 72.2435 97.9643 71.4909 184.093 67.6359 93.2036
threshold=4.5000000000000009 162.50000000000003 161.00000000000003 154.00000000000003 151.50000000000003 114.50000000000001 129.50000000000003 1.0000000180025095e-35 3.5000000000000004 169.50000000000003 170.50000000000003 1.0000000180025095e-35 185.00000000000003 0.002797252042189603 144.00000000000003 12.500000000000002 0.0043336995614652891 4.5000000000000009 0.0050568980948727795 10.500000000000002 5.5000000000000009 5.5000000000000009 0.87500000000000011 1.0000000180025095e-35 8.5000000000000018 6.5000000000000009 0.83333333333333337 1.5000000000000002 1.0000000180025095e-35 3.5000000000000004
decision_type=2 2 2 2 2 2 2 2 2 2 2 2 2 2 2 2 2 2 2 2 2 2 2 2 2 2 2 2 2 2
left_child=1 2 3 4 5 -1 -7 -8 15 -3 11 -11 -12 -10 -9 16 17 -2 -18 20 21 26 28 -24 -25 -26 -20 -28 29 -23
right_child=8 9 -4 -5 -6 6 7 14 13 10 12 -13 -14 -15 -16 -17 18 -19 19 -21 -22 22 23 24 25 -27 27 -29 -30 -31
leaf_value=-0.00035093344440628255 -0.057296583330726986 0.031789081825159264 -0.0071597679697204949 0.040287453391235239 -0.047923039067244586 0.026369570950080003 -0.03470769496437532 0.0093088442261074853 0.011678560579203147 0.011344274585331493 0.033428342003763392 -0.065455019800923261 -0.033516854710612186 -0.058172569746681654 0.039649527641053464 -0.049036025545588939 0.029793625998559559 0.034329692789424292 0.017690047503160368 -0.055300229897543594 0.015058835251385445 -0.03909243895377388 -0.055246933445353856 0.023744260652083814 -0.058128552845977961 0.032479423050817406 0.0011032090311150608 0.051310170712072826 -0.041445556165228249 0.0029867323372406358
leaf_weight=61344.646804680589 49.54513855658297 237.03385859727859 2807.8265890546754 103.70898388326168 68.862390541609784 377.15186387114227 150.41081454159576 578.72621520706161 25.85433329641819 55.367038369178772 123.12576818466187 47.113790105096996 22.8511040120502 43.720390890724957 87.341849010466831 21.629029145464301 189.79864787263796 32.539649732410908 808.53785717432038 35.220913887023926 927.14117028516921 83.455262421954103 23.264474431522103 110.40164675042615 26.565610431396635 18.026792526245117 791.14755380654242 71.683807429857552 163.12148586545663 109.57551547788898
leaf_count=254005 326 51 25826 7 1804 157 3261 6009 30 196 12 609 4900 271 396 126 89 2 1599 189 5625 3321 1128 354 865 1 1122 166 3079 346
internal_value=4.93558e-05 -0.000284052 -0.000414812 -0.000112812 -0.000179736 -0.000127164 0.0113731 0.00444583 0.00628126 0.0173625 0.00359924 -0.0239629 0.0229488 -0.0322155 0.0132874 0.007055 0.00740767 -0.0209745 0.00810147 0.00680192 0.00750009 0.00432297 -0.0174369 0.00211712 0.0107274 -0.0214996 0.0112806 0.00527439 -0.0272239 -0.0152058
internal_weight=69535.4 66004.2 65518.7 62710.8 62607.1 62538.3 1193.63 816.479 3531.23 485.492 248.458 102.481 145.977 69.5747 666.068 3461.65 3440.03 82.0848 3357.94 3168.14 3132.92 2205.78 534.411 178.259 154.994 44.5924 1671.37 862.831 356.152 193.031
internal_count=315872 297233 291465 265639 265632 263828 9823 9666 18639 5768 5717 805 4912 301 6405 18338 18212 328 17884 17795 17606 11981 9094 2348 1220 866 2887 1288 6746 3667
is_linear=0
shrinkage=0.03


Tree=124
num_leaves=31
num_cat=0
split_feature=2 0 5 7 8 5 7 8 5 5 5 10 2 2 10 2 3 8 3 8 5 5 3 5 5 5 5 0 10 8
split_gain=196.067 178.822 113.721 94.8768 93.9917 86.2499 82.2113 91.1564 71.7613 244.546 195.335 156.232 232.609 106.955 97.1936 282.115 88.8015 155.889 83.3234 70.2283 70.1742 69.4989 67.7349 343.258 157.8 174.448 132.041 217.981 85.5596 117.469
threshold=1.5000000000000002 2.5000000000000004 9.5000000000000018 1.0000000180025095e-35 0.0055071145146207709 170.50000000000003 4.5000000000000009 0.23611111111111113 23.000000000000004 10.500000000000002 29.500000000000004 1.0000000180025095e-35 2.5000000000000004 4.5000000000000009 0.58333333333333337 3.5000000000000004 3.5000000000000004 0.58333333333333337 12.500000000000002 0.83333333333333337 185.00000000000003 172.50000000000003 1.0000000180025095e-35 10.500000000000002 99.500000000000014 100.50000000000001 113.00000000000001 1.5000000000000002 0.70833333333333337 0.45000000000000007
decision_type=2 2 2 2 2 2 2 2 2 2 2 2 2 2 2 2 2 2 2 2 2 2 2 2 2 2 2 2 2 2
left_child=1 3 -2 5 -3 22 7 -6 9 11 13 12 -4 -10 19 16 -16 -18 -15 -13 -7 -12 -1 -24 28 -26 -27 -28 29 -25
right_child=2 4 8 -5 6 20 -8 -9 10 -11 21 14 -14 18 15 -17 17 -19 -20 -21 -22 -23 23 24 25 26 27 -29 -30 -31
leaf_value=0.00011243508261814345 -0.050029282468398849 -0.055231976115569015 0.0015373075222193319 -0.04344429571236879 0.025223838047067269 0.033545547073018725 -0.044646086025535041 0.0052714710379210333 -0.029587181500850487 0.030672361437837112 0.0052819729901979456 0.018842950577286983 -0.063179861167916254 0.019928633441504157 -0.010208943008272495 0.016110751028357396 -0.044518947846659697 -0.15853653157713474 -0.052707550940423946 0.0037900137616303006 -0.03219451915930395 -0.039777129049301453 -0.039399273545548598 0.01828781333827862 -0.070459219114797675 0.030769127211085791 0.0003474818931079304 -0.056330839970382303 0.0204579471230209 -0.0097291142033706264
leaf_weight=59615.501270967346 33.489560761605389 17.481498423045196 172.15372635284439 45.264285988487245 470.37163684525876 109.45739531517029 20.2808390846767 366.77761907968852 235.14493565922021 418.63498180080205 5632.5180748944877 655.26920584728941 70.433918045833707 82.79348243905406 28.001621652860194 144.72345198865514 39.016979390580673 14.919015043822581 17.159436620037013 485.69715257588541 16.865387501427904 30.976852484393021 237.87421986140544 211.31485657974554 46.444075229839655 62.938687801361084 196.84667641904525 88.538298006355035 286.30644980607394 371.420866151886
leaf_count=267359 412 1540 241 2377 3008 11 693 3294 2424 106 18238 923 470 83 54 364 376 178 670 565 4723 810 1224 689 394 12 550 1192 1900 1483
internal_value=0.000736089 0.000165265 0.00513813 -2.69802e-05 0.0136323 5.10894e-06 0.0150363 0.0164822 0.00536828 0.0102456 0.00371869 0.00493486 -0.0172529 -0.0185371 0.0088705 -0.00907287 -0.0535538 -0.0760569 0.0074588 0.0124351 0.0247686 0.00503552 -4.60745e-05 -0.00633876 -0.000116116 -0.0158445 -0.00856235 -0.0172365 0.00702858 0.000430539
internal_weight=70224.6 62163.7 8060.93 61288.8 874.912 61243.5 857.43 837.149 8027.44 2028.85 5998.59 1610.22 242.588 335.098 1367.63 226.661 81.9376 53.936 99.9529 1140.97 126.323 5663.49 61117.2 1501.68 1263.81 394.768 348.324 285.385 869.042 582.736
internal_count=316363 290449 25914 281914 8535 279537 6995 6302 25502 3277 22225 3171 711 3177 2460 972 608 554 753 1488 4734 19048 274803 7444 6220 2148 1754 1742 4072 2172
is_linear=0
shrinkage=0.03


Tree=125
num_leaves=31
num_cat=0
split_feature=10 6 4 2 2 7 11 4 2 4 5 5 5 5 5 5 5 5 1 5 5 0 2 5 5 5 5 5 5 5
split_gain=118.497 98.9652 98.4101 101.986 97.8976 185.062 159.112 149.021 98.5778 152.83 82.4658 155.701 102.059 462.401 243.324 435.5 254.509 265.523 170.917 134.65 195.724 105.205 103.442 82.7534 315.629 269.682 133.038 168.782 112.691 271.664
threshold=0.87500000000000011 4.5000000000000009 10.500000000000002 4.5000000000000009 5.5000000000000009 3.5000000000000004 1.0000000180025095e-35 1.0000000180025095e-35 7.5000000000000009 6.5000000000000009 162.50000000000003 169.50000000000003 27.500000000000004 10.500000000000002 30.500000000000004 43.500000000000007 91.500000000000014 94.500000000000014 1.0000000180025095e-35 73.500000000000014 71.500000000000014 1.5000000000000002 1.5000000000000002 136.50000000000003 114.50000000000001 144.00000000000003 151.50000000000003 154.00000000000003 105.50000000000001 100.50000000000001
decision_type=2 2 2 2 2 2 2 2 2 2 2 2 2 2 2 2 2 2 2 2 2 2 2 2 2 2 2 2 2 2
left_child=4 2 3 -2 5 10 -7 -6 -9 -10 12 -12 13 -1 18 -16 19 -18 21 20 -17 -14 -20 24 28 -25 -27 -28 29 -19
right_child=1 -3 -4 -5 7 6 -8 8 9 -11 11 -13 14 -15 15 16 17 23 22 -21 -22 -23 -24 25 -26 26 27 -29 -30 -31
leaf_value=0.0023698940199465136 -0.030973437918341767 0.0053402974316077703 -0.046376571266605583 0.011552172896717415 -0.042846267903186991 -0.05967724840154854 0.03071776033721995 0.021864467966217053 -0.014983887878676142 0.01530367469495561 0.031300334744598687 -0.0019021630726244023 -0.0048377575032687642 0.027490992682374805 0.039920818051930623 -0.034064542691548252 0.038310478460115163 0.0014783134128324379 -0.02782122280742139 -0.037186309092333052 0.043278539189199543 -0.038981736442893503 -0.10988049060442016 -0.019521627150485471 0.026706903570742777 0.040573763458261622 -0.046644349465286936 0.0010937846431028715 -0.0070943264644889766 0.030406359658646947
leaf_weight=52239.041990364851 106.35274050635053 175.40037241019309 105.5653219109081 97.091304408968426 45.379265718271199 76.260018896515248 22.753946296870708 553.08698929730599 230.88745390156691 427.69076226727339 246.38374945521718 262.58793299317404 2203.2395418678916 667.88467919192044 261.07431030250154 63.224198854528368 173.84704030305147 6818.8878856154552 219.92173517626361 238.4083939631455 55.119354616850615 84.325840704816073 14.753066480428968 699.38211571529246 463.23984288610518 74.715524716288201 68.1061454482915 3129.805635509676 1236.2209778565884 305.24985128454864
leaf_count=140919 1204 326 4600 132 1324 2187 4 677 1438 1861 59 6051 19052 1671 29 673 9 62897 6347 3674 5 5921 219 9497 177 465 1867 26654 16116 72
internal_value=0.00212954 -0.0126578 -0.0228739 -0.0106786 0.0022306 0.00208079 -0.038904 0.0105281 0.0125271 0.00468532 0.00213916 0.0141706 0.00205043 0.00268702 -4.02395e-05 0.0015483 0.000796546 0.00148415 -0.0085977 -0.024201 0.00195855 -0.0060964 -0.03298 0.000983815 0.00260251 -0.00261203 0.00100166 7.71023e-05 0.00126691 0.0027178
internal_weight=71365.9 484.41 309.009 203.444 70881.5 69624.4 99.014 1257.04 1211.67 658.578 69525.4 508.972 69016.4 52906.9 16109.5 13587.3 13326.2 12969.5 2522.24 356.752 118.344 2287.57 234.675 12795.6 8823.6 3972.01 3272.63 3197.91 8360.36 7124.14
internal_count=316127 6262 5936 1336 309865 304565 2191 5300 3976 3299 302374 6110 296264 142590 153674 122135 122106 117754 31539 4352 678 24973 6566 117745 79262 38483 28986 28521 79085 62969
is_linear=0
shrinkage=0.03


Tree=126
num_leaves=31
num_cat=0
split_feature=5 5 5 5 5 2 1 0 2 8 8 4 8 8 8 5 5 8 2 10 2 4 5 4 9 5 8 7 2 2
split_gain=182.038 362.813 312.905 261.366 367.775 223.796 175.561 169.603 160.218 156.461 145.446 124.581 118.436 196.519 206.781 271.472 111.631 122.108 289.112 118.933 244.206 165.443 144.386 202.246 106.217 104.843 108.171 99.4826 88.6802 167.12
threshold=100.50000000000001 105.50000000000001 109.00000000000001 99.500000000000014 95.500000000000014 1.0000000180025095e-35 1.0000000180025095e-35 1.5000000000000002 2.5000000000000004 0.30952380952380959 0.45000000000000007 4.5000000000000009 0.013620902906617193 0.093073593073593086 0.83333333333333337 114.50000000000001 1.0000000180025095e-35 0.83333333333333337 1.5000000000000002 0.29166666666666669 1.5000000000000002 3.5000000000000004 27.500000000000004 4.5000000000000009 3.5000000000000004 136.50000000000003 0.45000000000000007 4.5000000000000009 2.5000000000000004 1.5000000000000002
decision_type=2 2 2 2 2 2 2 2 2 2 2 2 2 2 2 2 2 2 2 2 2 2 2 2 2 2 2 2 2 2
left_child=3 -2 -3 4 6 25 -1 9 12 -8 11 -5 -7 -14 15 -15 -11 18 -18 -19 21 -21 -22 -24 -10 27 -27 -4 29 -12
right_child=1 2 5 10 -6 8 7 -9 24 16 28 -13 13 14 -16 -17 17 19 -20 20 22 -23 23 -25 -26 26 -28 -29 -30 -31
leaf_value=0.0016795714478101719 0.035517021484539925 -0.044674438016287218 0.02171109795493479 -0.054306799137566364 0.032016850489939214 -0.049484640885013045 -0.042852664024769206 0.012705682976992845 0.0071700921350961958 -0.04523426515241126 -0.020609569602241098 0.0067320295060371684 0.02695453870905937 -0.068173002840601862 -0.0047710446455944584 0.012707829821299975 -0.019014892990145943 0.0041515794605848791 0.03241817160249922 -0.1445260575561958 0.011208117595860637 -0.037022657691123159 -0.089613859619356889 -0.0019485457567337541 -0.028076532085220093 -0.031326428155473242 0.0090607398925542215 -0.042302908794156303 -0.037980589220444637 0.014988708228009108
leaf_weight=56723.924715826906 381.20346269011497 110.12787189334631 838.82341977639589 129.7558254522155 374.16687200404704 59.342061532639491 67.358834254991962 2674.7963508795583 1821.5429406610565 41.9131700694561 246.69180210791819 39.181336790905334 142.88764818169875 111.5327316224575 889.90028629280278 56.152330169476045 137.25726647209376 2091.8143035734101 347.09907553601079 18.208252444863319 206.24640277493745 44.05980890605133 36.030723921954632 69.12077326632425 80.342328296974301 60.738331256667152 3441.7074759493116 22.433744287613081 78.074480684299488 228.74398423888488
leaf_count=189334 77 650 15310 1620 66 228 1380 15355 6412 195 1656 72 344 537 1992 2529 2488 32778 365 115 191 233 160 765 322 5025 33289 825 890 286
internal_value=0.00269397 0.00695394 0.00552793 0.00215661 0.00236291 0.0062626 0.00218526 0.0071879 0.000184757 0.00236331 -0.015785 -0.0401502 -0.0081129 -0.0060678 -0.0105294 -0.0410886 0.00338134 0.0040721 0.017843 0.00136673 -0.0142231 -0.0684585 -0.003378 -0.0319875 0.00568115 0.0106663 0.00836036 0.0200437 -0.00834844 -0.00348235
internal_weight=71571.2 8016.73 7635.53 63554.4 62832 7525.4 62457.8 5733.9 3161.7 3059.11 722.447 168.937 1259.82 1200.47 1057.59 167.685 2991.75 2949.84 484.356 2465.48 373.666 62.2681 311.398 105.151 1901.89 4363.7 3502.45 861.257 553.51 475.436
internal_count=315489 67540 67463 247949 243425 66813 243359 54025 12364 38670 4524 1692 5630 5402 5058 3066 37290 37095 2853 34242 1464 348 1116 925 6734 54449 38314 16135 2832 1942
is_linear=0
shrinkage=0.03


Tree=127
num_leaves=31
num_cat=0
split_feature=5 5 5 5 5 5 3 2 0 2 1 2 8 5 5 8 5 5 8 5 1 0 5 1 0 2 2 3 8 2
split_gain=184.098 611.331 278.759 136.316 151.155 160.6 150.231 126.733 126.951 264.17 113.676 110.734 108.92 110.01 193.588 190.364 102.542 350.016 130.298 181.838 441.603 730.392 487.316 342.658 219.654 177.374 148.125 147.063 127.784 383.874
threshold=129.50000000000003 144.00000000000003 114.50000000000001 162.50000000000003 151.50000000000003 161.00000000000003 5.5000000000000009 4.5000000000000009 1.5000000000000002 2.5000000000000004 1.5000000000000002 11.500000000000002 0.085144927536231887 119.50000000000001 120.50000000000001 0.006045341584640874 30.500000000000004 43.500000000000007 0.36666666666666675 105.50000000000001 1.0000000180025095e-35 1.5000000000000002 95.500000000000014 1.0000000180025095e-35 1.5000000000000002 5.5000000000000009 1.0000000180025095e-35 1.0000000180025095e-35 0.83333333333333337 1.0000000180025095e-35
decision_type=2 2 2 2 2 2 2 2 2 2 2 2 2 2 2 2 2 2 2 2 2 2 2 2 2 2 2 2 2 2
left_child=2 10 11 4 -3 -6 -5 8 -7 -10 -2 16 13 -4 15 -15 -1 -18 -19 20 21 22 -20 -21 27 -25 -23 28 -22 -30
right_child=1 3 12 6 5 7 -8 -9 9 -11 -12 -13 -14 14 -16 -17 17 18 19 23 24 26 -24 25 -26 -27 -28 -29 29 -31
leaf_value=0.0014738112678384903 -0.033519300275446549 0.037310376591191387 0.031895069692888467 0.018102577416013638 -0.048295043876126695 -0.0010012833969424051 -0.0431054519385091 0.01925580659798657 -0.04060455464977019 0.0063722688845482146 0.019558618588016313 -0.047182533969932015 0.031662545925293342 -0.0025054795942837135 0.031448740937758297 -0.075929518987596867 0.038828267625538058 0.0086890132057216851 -0.0049851138434621727 0.010210314571657509 0.034361092793641752 -0.024367417431116877 0.026486235771757554 -0.038237134053276826 0.020533176992593723 0.024117910206988738 -0.056683293568288801 -0.01281645223021884 0.009849538249949736 -0.060577403622606399
leaf_weight=55379.498343531035 633.78147733488913 86.46040955670469 125.95727777481079 536.4202898828662 68.601442922430579 2494.9520460465792 38.693109288946289 235.8763112853012 230.04470465465238 202.63356991688488 38.522043213502911 41.245351902209222 377.58941402530763 116.79737477237359 95.580161571502686 43.65900357067585 263.81186418770812 3340.7038266601667 1999.7614654685312 326.20029664880713 155.41298138163984 355.08143381337868 568.75718741526362 358.76261306005472 1317.0914794755663 46.363180909305811 199.30937448607438 359.86559283754468 1109.2931345440447 74.322083003818989
leaf_count=176930 9760 490 12 5870 1862 19234 1093 1454 6592 957 176 293 349 190 10 229 38 18007 23883 4237 633 6722 626 6898 7174 57 3159 1435 17774 241
internal_value=0.00176697 -0.00406063 0.00216618 0.000500728 -0.00183604 -0.00288323 0.0139846 -0.00189846 -0.00360284 -0.0186042 -0.030478 0.00195788 0.0202362 0.00894164 -0.00235031 -0.0224836 0.00198866 0.00471063 0.00382916 0.00146601 0.00315058 -0.0047567 0.00198371 -0.0126746 0.0113382 -0.0311011 -0.0359853 0.00420965 0.00878544 0.00542726
internal_weight=71221 4565.99 66655.1 3893.68 3318.57 3232.11 575.113 3163.51 2927.63 432.678 672.304 65895.5 759.583 381.994 256.037 160.456 65854.2 10474.7 10210.9 6870.22 6138.89 3122.91 2568.52 731.326 3015.99 405.126 554.391 1698.89 1339.03 1183.62
internal_count=316385 47488 268897 37552 30589 30099 6963 28237 26783 7549 9936 268107 790 441 429 419 267814 90884 90846 72839 61647 34390 24509 11192 27257 6955 9881 20083 18648 18015
is_linear=0
shrinkage=0.03


Tree=128
num_leaves=31
num_cat=0
split_feature=3 2 5 5 4 3 5 5 2 1 9 0 5 4 2 0 5 7 4 10 4 0 4 1 1 4 10 5 5 5
split_gain=110.041 106.269 112.733 118.769 100.408 288.922 90.2265 120.195 80.2496 143.362 124.47 116.58 114.832 104.77 96.7907 76.5046 94.3402 89.4306 74.9978 72.1974 57.3689 98.9013 64.3998 72.8637 55.8504 134.701 55.0414 52.4345 317.405 315.007
threshold=24.500000000000004 3.5000000000000004 162.50000000000003 169.50000000000003 11.500000000000002 5.5000000000000009 170.50000000000003 185.00000000000003 7.5000000000000009 2.5000000000000004 2.5000000000000004 2.5000000000000004 115.50000000000001 14.500000000000002 5.5000000000000009 2.5000000000000004 114.50000000000001 1.5000000000000002 2.5000000000000004 0.87500000000000011 6.5000000000000009 1.5000000000000002 7.5000000000000009 1.5000000000000002 1.0000000180025095e-35 4.5000000000000009 0.41666666666666669 8.5000000000000018 9.5000000000000018 1.0000000180025095e-35
decision_type=2 2 2 2 2 2 2 2 2 2 2 2 2 2 2 2 2 2 2 2 2 2 2 2 2 2 2 2 2 2
left_child=1 2 4 -4 5 27 24 -8 10 11 14 18 13 -12 15 -3 17 -17 -10 20 21 -20 -22 -24 -5 -26 -16 29 -29 -1
right_child=-2 8 3 6 -6 -7 7 -9 9 -11 12 -13 -14 -15 26 16 -18 -19 19 -21 22 -23 23 -25 25 -27 -28 28 -30 -31
leaf_value=0.00034870916348102803 -0.03953980247151672 0.0091721892107123719 0.031716780939557328 0.0061043100307556887 0.02829566718445806 -0.035681959953736367 0.033227917843961237 -0.032850362913455028 -0.040095957805724711 0.016711782787674011 -0.081826884615555678 -0.050308664365434852 0.011501326203243524 -0.0049356609460042824 -0.003072586508125261 -0.0070458822516351908 0.007896717425072022 -0.086711472766988401 0.0090288630006623675 -0.037899197301832152 0.032993129639270431 -0.045016732140133048 -0.020370599640276963 0.033528307546039589 -0.065180104707624587 0.016083590860098591 0.024351239657861623 -0.031560450260617406 -0.0008633579107160226 0.038514470943438878
leaf_weight=47536.429867722094 62.630912284716032 850.65120934848164 205.92907322943938 58.817083064466715 112.00909158308059 205.12030336716271 110.02870035171509 31.974374557052215 50.693679603831697 242.10946318955394 35.083897570846602 61.202816776945838 57.386069051921368 29.24141002446413 74.548362917950726 25.001164331421023 61.05742109278799 25.737433298723772 79.652621255489066 42.397771249146899 88.357677639694884 49.356513852748321 66.582313384482404 34.151544763706625 46.027548266109079 30.537274144589901 565.70192494300136 308.24087326251538 18366.544017774973 195.43223417922854
leaf_count=104114 3594 1695 45 218 853 6026 12 5178 1607 236 173 451 54 65 284 74 97 131 228 1310 63 423 979 11 603 28 690 1487 185225 12
internal_value=0.000207665 0.000243409 2.01717e-05 0.0144568 -8.44e-05 -0.000132122 0.00164306 0.0183493 0.00639497 -0.00205903 0.00989787 -0.0116793 -0.01935 -0.0468732 0.012119 0.00610589 -0.0172254 -0.0474567 -0.00592966 -0.00112516 0.00377623 -0.011648 0.0142995 -0.00209739 -0.0158802 -0.0327687 0.0211581 -2.23135e-05 -0.00137004 0.000504974
internal_weight=69708.6 69646 67207.1 483.314 66723.8 66611.8 277.385 142.003 2438.91 714.504 1724.41 472.395 121.711 64.3253 1602.7 962.447 111.796 50.7386 411.192 360.498 318.101 129.009 189.092 100.734 135.382 76.5648 640.25 66406.6 18674.8 47731.9
internal_count=315966 312372 303801 6084 297717 296864 6039 5190 8571 5308 3263 5072 292 238 2971 1997 302 205 4621 3014 1704 651 1053 990 849 631 974 290838 186712 104126
is_linear=0
shrinkage=0.03


Tree=129
num_leaves=31
num_cat=0
split_feature=2 3 5 0 5 5 3 5 2 5 2 0 5 10 1 7 6 10 2 5 2 1 2 5 5 3 5 5 1 5
split_gain=84.6517 292.005 94.1663 96.1433 389.906 325.33 304.4 290.897 148.302 146.87 117.189 115.953 98.7746 151.694 130.047 121.765 225.117 117.08 196.655 191.686 102.779 100.705 99.3848 93.613 151.265 86.3192 83.9911 128.646 140.741 82.9643
threshold=2.5000000000000004 5.5000000000000009 162.50000000000003 1.5000000000000002 91.500000000000014 8.5000000000000018 4.5000000000000009 151.50000000000003 1.5000000000000002 94.500000000000014 1.0000000180025095e-35 2.5000000000000004 99.500000000000014 0.58333333333333337 1.5000000000000002 1.0000000180025095e-35 1.5000000000000002 0.41666666666666669 1.0000000180025095e-35 95.500000000000014 1.5000000000000002 1.0000000180025095e-35 1.5000000000000002 114.50000000000001 142.50000000000003 1.0000000180025095e-35 169.50000000000003 170.50000000000003 1.0000000180025095e-35 185.00000000000003
decision_type=2 2 2 2 2 2 2 2 2 2 2 2 2 2 2 2 2 2 2 2 2 2 2 2 2 2 2 2 2 2
left_child=1 2 3 -1 5 -5 11 9 10 -6 -9 -7 13 15 22 16 17 18 21 20 -20 -11 23 -14 -25 -22 -4 28 -28 -29
right_child=-2 -3 26 4 7 6 -8 8 -10 12 -12 -13 14 -15 -16 -17 -18 -19 19 -21 25 -23 -24 24 -26 -27 27 29 -30 -31
leaf_value=0.0021543446653458382 0.0060020509297497157 -0.040099601768912453 0.031690219580041458 0.034013505475872861 0.039978904722372165 -0.036382949829245947 0.016651909084436679 -0.031157143429424602 -0.0034580632240505458 0.00084064063227974107 -0.090693332339507188 -0.0071628253872310522 -0.032694136617089066 -0.042134617669836096 0.0084832891417788627 0.035780074398731071 -0.048449779561033898 0.02356670585123883 -0.057960517314904758 0.030723399464834458 -0.00010898053957534189 0.017836708123737204 0.0015306737938942229 0.032386284429951492 -0.036173004337773658 -0.053937726804442768 0.010081234804764904 0.032926372708106229 -0.061966475761715843 -0.032838508650601679
leaf_weight=61179.01064845064 4691.4747468989808 149.13058257545345 178.72011786699295 96.52436690777904 103.38186091929674 655.94552172831027 142.31789332896005 110.41494725493249 129.53114397214085 589.12648296356201 40.73239550967628 150.21595341479406 254.3591873847472 54.306683719856665 459.47080685049878 139.0389858171111 64.363284618360922 377.14839154155925 80.821172075113282 56.804656028747559 96.31372407823801 671.25909498333931 266.00111462260247 60.95968408882618 55.181438204483129 37.154433649498969 55.444489292800426 117.09061193466187 43.583367912564427 20.249879878014326
leaf_count=236071 16530 6450 38 34 6 14907 460 5472 819 5998 834 1397 5516 298 5259 428 1863 541 412 10 167 4068 643 9 2104 200 201 14 601 4930
internal_value=0.00210741 0.00183238 0.00192672 0.00183696 -0.00230196 -0.0184575 -0.0237974 0.00232803 -0.0270142 0.004775 -0.0472014 -0.0309382 0.00365939 0.00737234 -0.00367974 0.00864531 0.00673309 0.00859398 0.00490674 -0.0182731 -0.0312613 0.00989245 -0.0124599 -0.0225044 -0.000187881 -0.0150937 0.0161708 0.00443644 -0.0216278 0.0232298
internal_weight=71126.1 66434.6 66285.5 65870.4 4691.37 1045 948.479 3646.37 280.678 3365.69 151.147 806.161 3262.31 2166.34 1095.97 2112.03 1972.99 1908.63 1531.48 271.094 214.289 1260.39 636.501 370.5 116.141 133.468 415.088 236.368 99.0279 137.34
internal_count=316280 299750 293300 287516 51445 16798 16764 34647 7125 27522 6306 16304 27516 13985 13531 13687 13259 11396 10855 789 779 10066 8272 7629 2113 367 5784 5746 802 4944
is_linear=0
shrinkage=0.03


Tree=130
num_leaves=31
num_cat=0
split_feature=4 5 5 4 6 5 5 2 1 3 1 5 5 5 8 2 8 5 8 2 10 5 8 8 9 2 2 3 3 5
split_gain=122.607 100.162 116.418 83.4232 202.468 61.0928 119.015 74.9984 130.196 55.7751 53.3297 271.264 305.53 277.384 187.944 173.07 183.156 235.621 162.754 142.048 112.156 108.591 162.98 403.879 267.132 175.548 411.408 255.733 232.059 155.598
threshold=15.500000000000002 162.50000000000003 169.50000000000003 12.500000000000002 6.5000000000000009 170.50000000000003 185.00000000000003 2.5000000000000004 1.0000000180025095e-35 29.500000000000004 1.0000000180025095e-35 23.000000000000004 29.500000000000004 94.500000000000014 0.21111111111111114 1.0000000180025095e-35 0.83333333333333337 10.500000000000002 0.83333333333333337 3.5000000000000004 0.87500000000000011 95.500000000000014 0.58333333333333337 0.45000000000000007 1.0000000180025095e-35 1.0000000180025095e-35 2.5000000000000004 1.0000000180025095e-35 1.5000000000000002 105.50000000000001
decision_type=2 2 2 2 2 2 2 2 2 2 2 2 2 2 2 2 2 2 2 2 2 2 2 2 2 2 2 2 2 2
left_child=1 3 -3 10 -5 7 -7 8 -4 -2 -1 14 20 -14 -12 18 -17 19 -16 -18 -13 22 23 24 -15 -24 27 -27 -29 -23
right_child=9 2 5 4 -6 6 -8 -9 -10 -11 11 12 13 21 15 16 17 -19 -20 -21 -22 29 25 -25 -26 26 -28 28 -30 -31
leaf_value=0.00090411361774831291 0.017546164134613899 0.031200911984409191 0.0052487704821318239 -0.056062511399218883 0.029499215586372231 0.029350513727262901 -0.032957095438290424 0.01895430106825443 -0.060755884145055034 -0.036139740195030308 -0.043152577879075796 -0.037892807692753765 0.025921959064597856 -0.027967720750799247 -0.041851547979526747 0.025033072280634984 -0.018984068695971201 0.03048337985032179 0.0052743214391750099 0.021673918788823184 0.032446031250840751 0.01728625617070138 -0.0053105753658042763 0.018543177751130045 0.03716112828724133 -0.13376142613486081 -0.00026041481483503798 0.0011916982934228272 -0.081265978241996856 0.00094718302990517544
leaf_weight=59002.247349218713 516.47107049603073 216.63376538455486 59.590025182813406 68.894235172556364 38.970551699399948 126.89549992233515 35.25625630246941 53.126420572400093 49.022781871724874 18.024388573248871 54.313267115041526 232.82883671527088 401.24322996028786 378.01164165799855 75.535536849871278 1156.233591010794 302.09463709162083 211.35237979888916 520.0850284518674 103.94714828580618 22.361552854665206 601.09373272646917 1143.399638120085 682.19779279197974 66.676314379292307 37.297494076192379 196.79591457423521 55.827324077952653 68.29274353449 4119.7129925095687
leaf_count=210843 6724 56 226 527 7 32 5149 30 621 200 637 7256 1823 2620 2244 1051 654 55 11595 57 24 1269 20063 2557 315 221 396 96 738 37853
internal_value=0.00142188 0.00131271 0.014177 0.00121272 -0.0251498 0.00279054 0.0158031 -0.0102552 -0.0245427 0.0157358 0.00125367 0.00323125 0.000569202 0.00163264 0.0120248 0.0132897 0.0179884 0.00479546 -0.000702097 -0.00857558 -0.0317292 0.000306542 -0.00458053 0.00404279 -0.0182023 -0.0110519 -0.0293779 -0.0648772 -0.0441778 0.00302761
internal_weight=70614.4 70079.9 540.525 69539.4 107.865 323.891 162.152 161.739 108.613 534.495 69431.5 10429.3 8005.74 7750.55 2423.56 2369.25 1773.63 617.394 595.621 406.042 255.19 7349.31 2628.5 1126.89 444.688 1501.61 358.213 161.418 124.12 4720.81
internal_count=315939 309015 6114 302901 534 6058 5181 877 847 6924 302367 91524 75231 67951 16293 15656 1817 766 13839 711 7280 66128 27006 5492 2935 21514 1451 1055 834 39122
is_linear=0
shrinkage=0.03


Tree=131
num_leaves=31
num_cat=0
split_feature=4 0 9 1 2 9 5 4 9 1 11 9 0 1 5 5 4 2 2 5 5 4 2 4 5 4 10 0 5 5
split_gain=75.5105 80.3091 132.458 110.746 93.0804 130.261 115.15 135.609 89.9414 89.6604 160.013 138.78 65.8639 258.966 316.195 240.541 243.023 295.575 240.599 212.527 193.843 182.957 179.324 150.437 148.966 170.974 137.636 134.969 134.838 120.56
threshold=23.500000000000004 4.5000000000000009 1.5000000000000002 2.5000000000000004 6.5000000000000009 2.5000000000000004 120.50000000000001 12.500000000000002 3.5000000000000004 1.5000000000000002 1.0000000180025095e-35 1.0000000180025095e-35 1.5000000000000002 1.0000000180025095e-35 91.500000000000014 94.500000000000014 1.0000000180025095e-35 4.5000000000000009 1.0000000180025095e-35 9.5000000000000018 142.50000000000003 3.5000000000000004 2.5000000000000004 11.500000000000002 23.000000000000004 2.5000000000000004 0.41666666666666669 2.5000000000000004 8.5000000000000018 105.50000000000001
decision_type=2 2 2 2 2 2 2 2 2 2 2 2 2 2 2 2 2 2 2 2 2 2 2 2 2 2 2 2 2 2
left_child=1 2 9 -3 5 6 7 -5 -7 10 12 -11 23 14 28 -16 18 20 -17 -15 22 24 -18 -1 25 -21 -23 -26 -14 -28
right_child=-2 3 -4 4 -6 8 -8 -9 -10 11 -12 -13 13 19 15 16 17 -19 -20 21 -22 26 -24 -25 27 -27 29 -29 -30 -31
leaf_value=0.0012799605306609543 -0.037857381395929597 0.033671221211805949 -0.038398616739683034 -0.083277094458541381 0.017169904943146096 0.015630280921122952 0.031220848892512948 -0.0030952654952374542 -0.023842865790552475 0.016592807624978591 -0.069861658278935299 -0.018164062225583259 0.026390882864863626 -0.092982992534047848 0.042154192299213751 -0.0094433889864769267 -0.00064054399184677445 -0.05613585124623225 -0.048328625616483351 0.016905206858800707 -0.071076028060672425 -0.047267365823432002 0.028568140327248592 -0.050293039211422759 -0.0027652063495857081 -0.065677731782483859 0.024308755918351709 -0.042103854173310418 -0.034069008252138981 0.0010040171154961448
leaf_weight=62942.790877026026 44.787737539518275 150.18197384820087 76.725626060986542 46.734908425190952 318.11887675896287 205.61533151305048 19.207821957068518 31.96964704990387 69.515709662548034 659.29964092974842 28.727795052327565 122.62248072432703 35.558100659400225 20.614113951800391 96.958415985107422 669.38446232350543 413.41218040448803 65.920349713538599 182.18472258123802 520.74313538148999 25.679494235308084 31.077816480490583 348.75863273689174 50.945199908193899 1911.6116393372322 23.584680347703397 630.19751938228001 81.855336768639972 500.32000526658885 292.51396008981101
leaf_count=244001 2149 200 1598 880 275 773 6 51 1060 2251 376 1250 15 286 2 12238 2087 1050 1269 2971 756 323 655 2830 17363 110 2378 1770 13042 2067
internal_value=0.00108367 0.00110838 0.000997218 0.0103216 0.00524801 -0.00491859 -0.0346352 -0.0507074 0.00565684 0.00104061 0.000925929 0.0111422 0.000955468 -0.0020894 -0.00982514 -0.00380953 -0.00642283 0.0048876 -0.0177625 0.00306051 0.0099935 0.00362755 0.0127249 0.00123825 -0.000582452 0.013327 0.0148293 -0.00438052 -0.0300572 0.0169208
internal_weight=70617.6 70572.8 69731.5 841.344 691.162 373.043 97.9124 78.7046 275.131 69654.8 68872.8 781.922 68844.1 5850.37 2338.18 1802.3 1705.34 853.771 851.569 3512.2 787.85 3491.58 762.171 62993.7 2537.79 544.328 953.789 1993.47 535.878 922.711
internal_count=316082 313933 310688 3245 3045 2770 937 931 1833 309090 305589 3501 305213 58382 31114 18057 18055 4548 13507 27268 3498 26982 2742 246831 22214 3081 4768 19133 13057 4445
is_linear=0
shrinkage=0.03


Tree=132
num_leaves=31
num_cat=0
split_feature=0 9 5 5 5 5 0 5 3 8 8 8 8 3 7 8 1 8 7 8 0 5 5 5 5 2 3 8 1 0
split_gain=150.335 356.494 124.275 166.974 221.403 417.514 291.875 217.634 215.081 311.911 189.211 164.933 284.857 154.12 153.751 147.986 157.336 139.145 120.146 175.532 130.35 118.732 118.492 136.103 133.075 116.572 145.601 136.507 116.492 444.315
threshold=3.5000000000000004 1.0000000180025095e-35 162.50000000000003 94.500000000000014 95.500000000000014 99.500000000000014 1.5000000000000002 91.500000000000014 4.5000000000000009 0.36666666666666675 0.30952380952380959 0.093073593073593086 0.83333333333333337 8.5000000000000018 1.0000000180025095e-35 0.10263157894736843 1.0000000180025095e-35 0.45000000000000007 2.5000000000000004 0.012760529743812419 4.5000000000000009 169.50000000000003 151.50000000000003 144.00000000000003 154.00000000000003 2.5000000000000004 3.5000000000000004 0.58333333333333337 1.0000000180025095e-35 1.5000000000000002
decision_type=2 2 2 2 2 2 2 2 2 2 2 2 2 2 2 2 2 2 2 2 2 2 2 2 2 2 2 2 2 2
left_child=1 2 3 7 8 -6 11 28 10 -10 -5 -7 -13 -11 25 -8 17 -17 -2 20 -20 -4 23 -14 -24 26 -12 -27 29 -1
right_child=18 -3 21 4 5 6 15 -9 9 13 14 12 22 -15 -16 16 -18 -19 19 -21 -22 -23 24 -25 -26 27 -28 -29 -30 -31
leaf_value=0.00098103862027190984 0.022241094596458698 -0.048909776373158124 0.031205160467096229 -0.040606180861496782 0.032090101032188068 0.032905004854323038 0.0087696744497356514 0.033816542033165975 0.031285351680051837 -0.0023617261186233652 -0.010098073424052804 -0.039413601438032235 0.0070573257493840979 -0.064777664591581977 0.038128584964511637 -0.013923425927383591 -0.0097121167241267705 -0.050656924004524331 -0.056355869078712734 -0.055334369286339898 0.0094325563641380443 0.0030062735834052593 -0.049558160211820995 0.051921788919962353 -0.00030419237470897956 0.016161854874891322 -0.046602916479480401 -0.011559703009198834 0.0070116749353237254 -0.025813705722525053
leaf_weight=52191.552470256167 503.15688135463279 131.50083721907868 229.39650031923884 170.804688451115 365.99443304538727 157.4670055800525 247.29667720308498 182.58542850613594 301.58600232549725 504.54945502146438 3801.7894236461725 146.98725586702858 1951.4677677888249 38.30840633590924 62.906936972867697 178.80578366631016 879.71098372898268 192.96672726934594 28.197561680804938 43.232408088515513 699.82182087205001 324.45367928503038 50.363015979528427 62.815010532736778 2502.4504030767421 330.9144092919305 100.94550347758923 309.28698939317837 2765.4388917138567 562.98139363963855
leaf_count=142437 922 3658 59 2437 64 312 1334 10 874 1959 52123 5085 15300 2105 109 1853 10782 5627 809 841 2639 6859 455 2 17002 451 507 597 25835 13100
internal_value=0.000627238 0.000437971 0.000532548 0.000417373 -0.00273744 0.000930716 -0.000859483 0.00111726 -0.00713336 0.00682353 -0.00960074 0.00270235 0.00169348 -0.0067663 -0.00845092 -0.0124367 -0.0166271 -0.0329898 0.0108368 0.00339678 0.00688445 0.0146858 0.00301647 0.00845642 -0.0012759 -0.00909592 -0.0110423 0.00276932 0.00100972 0.000695093
internal_weight=70019.7 68745.3 68613.8 68060 12357.4 6736.33 6370.33 55702.6 5621.09 844.444 4776.65 4871.55 4714.08 542.858 4605.84 1498.78 1251.48 371.773 1274.41 771.252 728.019 553.85 4567.1 2014.28 2552.81 4542.94 3902.73 640.201 55520 52754.5
internal_count=316147 310936 307278 300360 118978 57816 57752 181382 61162 4938 56224 38156 37844 4064 53787 19596 18262 7480 5211 4289 3448 6918 32759 15302 17457 53678 52630 1048 181372 155537
is_linear=0
shrinkage=0.03


Tree=133
num_leaves=31
num_cat=0
split_feature=5 5 5 5 5 5 2 5 5 0 2 5 5 4 1 2 4 6 8 8 1 2 5 5 8 8 5 5 5 5
split_gain=143.733 270.19 226.018 131.708 158.195 204.106 103.655 136.434 148.501 109.071 157.424 96.7925 275.546 192.836 91.4412 90.6628 89.257 83.4953 82.7028 207.082 330.615 251.664 332.637 162.484 161.803 355.339 262.008 106.243 304.433 243.052
threshold=129.50000000000003 144.00000000000003 120.50000000000001 151.50000000000003 154.00000000000003 161.00000000000003 4.5000000000000009 162.50000000000003 169.50000000000003 1.5000000000000002 1.5000000000000002 119.50000000000001 114.50000000000001 4.5000000000000009 1.0000000180025095e-35 1.0000000180025095e-35 1.0000000180025095e-35 1.5000000000000002 0.36666666666666675 0.58333333333333337 1.0000000180025095e-35 1.0000000180025095e-35 105.50000000000001 9.5000000000000018 0.21111111111111114 0.11437908496732027 105.50000000000001 94.500000000000014 30.500000000000004 95.500000000000014
decision_type=2 2 2 2 2 2 2 2 2 2 2 2 2 2 2 2 2 2 2 2 2 2 2 2 2 2 2 2 2 2
left_child=2 16 11 -3 -5 -6 7 9 -9 -7 15 12 18 -13 -12 -11 -2 -8 24 20 23 -22 -23 -20 25 -1 -26 28 -21 -29
right_child=1 3 -4 4 5 6 17 8 -10 10 14 13 -14 -15 -16 -17 -18 -19 19 27 21 22 -24 -25 26 -27 -28 29 -30 -31
leaf_value=0.00152404048078665 -0.019956772296780907 0.035947465940154182 0.032599607060543059 -0.048771115379775382 0.040510807816109391 -0.0037673500164731506 0.019631442639159304 0.030872762223751578 -0.0045589639748269857 -0.031116914089859348 -0.069508029758600307 0.0046465722597355706 0.031468760016944333 -0.061485765780910633 -0.0019298305807253849 -0.084796111929776291 -0.085950602316846869 -0.049453930449364518 0.0046138961785575335 0.00065520529189235118 -0.031761089406425858 0.014182096932366432 -0.05693321180348946 -0.040737965855711343 0.0097733851175190716 -0.051855614013091515 -0.066442779722755918 -0.0072599337919002152 0.021602611617745661 0.007008707875812965
leaf_weight=49935.176837122555 638.99238271473769 84.723684711723763 209.03902959823608 63.646287871324603 103.26972839236259 2441.201970045382 258.12205591772727 200.24141223728657 227.31305516721113 98.039101141213905 19.476328610990095 100.26285689510405 273.38702713884413 65.676933014416136 241.11518352455823 39.819278711080187 18.993219888350723 16.767376237463395 87.304292843209623 5309.1867959522497 188.87682340433821 617.48706895240321 65.471666192635894 383.02967638582959 2859.814174879597 112.48923937829386 41.178536969702691 3436.3991241418116 707.6414579199045 1563.1625305992784
leaf_count=115638 8882 493 26 1844 6 19105 1994 61 6045 4839 465 129 42 585 1437 777 1142 232 462 56952 4453 1663 318 9867 12416 2454 919 48690 2612 11024
internal_value=0.00110235 -0.00411504 0.0014545 -0.00103705 -0.00188188 -0.00106321 -0.0022753 -0.0037639 0.0120352 -0.0061427 -0.0206959 0.00135548 0.00141338 -0.0215278 -0.00698055 -0.0466217 -0.0218617 0.0154175 0.00128756 -0.000922194 -0.0120478 -0.00111166 0.00736465 -0.0323197 0.00180333 0.00140406 0.00869152 0.000433284 0.00311884 -0.0027987
internal_weight=70407.3 4451.72 65955.6 3793.74 3709.01 3645.37 3542.1 3267.21 427.554 2839.65 398.45 65746.5 65580.6 165.94 260.592 137.858 657.986 274.889 65307.2 12358.6 1342.17 871.836 682.959 470.334 52948.7 50047.7 2900.99 11016.4 6016.83 4999.56
internal_count=315572 47322 268250 37298 36805 34961 34955 32729 6106 26623 7518 268224 267510 714 1902 5616 10024 2226 267468 136041 16763 6434 1981 10329 131427 118092 13335 119278 59564 59714
is_linear=0
shrinkage=0.03


Tree=134
num_leaves=31
num_cat=0
split_feature=5 5 1 0 2 8 8 8 5 5 4 8 8 5 5 1 1 10 0 2 10 1 3 5 3 2 2 2 5 5
split_gain=152.147 458.184 117.133 185.857 206.6 115.799 148.19 130.452 114.371 291.636 133.709 132.894 195.998 118.111 229.494 315.677 129.22 366.078 138.997 112.427 328.889 129.773 111.96 97.1876 92.465 155.597 151.433 124.871 163.842 264.393
threshold=10.500000000000002 23.000000000000004 1.0000000180025095e-35 1.5000000000000002 1.0000000180025095e-35 0.36666666666666675 0.10818713450292398 0.58333333333333337 94.500000000000014 91.500000000000014 15.500000000000002 0.83333333333333337 0.050423728813559332 30.500000000000004 43.500000000000007 1.0000000180025095e-35 1.0000000180025095e-35 0.87500000000000011 1.5000000000000002 4.5000000000000009 0.58333333333333337 1.5000000000000002 7.5000000000000009 27.500000000000004 6.5000000000000009 5.5000000000000009 8.5000000000000018 2.5000000000000004 95.500000000000014 99.500000000000014
decision_type=2 2 2 2 2 2 2 2 2 2 2 2 2 2 2 2 2 2 2 2 2 2 2 2 2 2 2 2 2 2
left_child=2 -2 3 -1 -5 6 -4 -7 9 11 24 12 -3 16 -15 -16 18 -18 22 20 21 -9 23 -13 26 -26 27 28 -10 -30
right_child=1 8 5 4 -6 7 -8 19 10 -11 -12 13 -14 14 15 -17 17 -19 -20 -21 -22 -23 -24 -25 25 -27 -28 -29 29 -31
leaf_value=-0.00082077300582478402 0.030452494215826447 0.026996919961592286 -0.0436042098229113 -0.0013306153777563642 -0.043776152677311116 -0.042732212715645611 0.018298241908498842 -0.0020310162214600067 -0.0049609756797391377 0.03640875616948868 0.015846081524035202 0.037293803860830185 -0.032728544410575253 0.0386883333071147 -0.035464414953337901 0.026171335912316341 -0.035701929398578816 0.038978450695692009 -0.042181549196870165 0.029758996021478589 -0.11902479689573614 0.03154071205237239 -0.059575504710806193 0.0058081162047717433 -0.028421738353222557 0.0018308971907207421 -0.045604692723810333 0.0073528241749236129 0.032285343896035629 0.0012249264415896128
leaf_weight=48297.943369710818 512.16800526622683 67.269540960891391 36.505330558342393 222.9341033170931 192.17309197320719 59.512075682287104 747.43421670168755 863.68206339178141 4580.2726953565725 268.84401988238096 489.52573510322691 91.801516950130463 186.69166994261104 261.78613209724426 128.26287156331819 179.37241609647754 219.00136486307019 80.896595552898361 54.228078579901194 124.25441818323452 20.634837145684287 117.75746088381857 22.932620847655926 2269.2973154373467 272.18139247092222 349.46146881640379 64.008830571576254 2100.1545060233693 257.01189775951207 6116.47588626988
leaf_count=121181 147 401 597 3270 1718 1502 1676 12280 56619 13 4770 8 9888 35 1449 910 5976 154 3245 63 180 130 448 16946 3860 638 1390 4267 45 62830
internal_value=0.000148632 0.00247155 -0.000702553 -0.000992565 -0.0209807 0.0064695 0.0154157 0.000555343 0.00167801 0.00627945 0.000439334 0.00400513 -0.0169084 0.0056109 0.0180424 0.000473444 0.00302568 -0.0155571 0.0053113 0.00284254 -0.000495029 0.00199707 0.00639159 0.00703231 -0.000109592 -0.011415 0.000426157 0.000651865 -0.000632903 0.00247744
internal_weight=69254.5 18571.6 50682.8 48713.1 415.107 1969.78 783.94 1185.84 18059.5 3830.38 14229.1 3561.54 253.961 3307.58 569.421 307.635 2738.16 299.898 2438.26 1126.33 1002.07 981.44 2384.03 2361.1 13739.6 621.643 13117.9 13053.9 10953.8 6373.49
internal_count=316636 174039 142597 126169 4988 16428 2273 14155 173892 39473 134419 39460 10289 29171 2394 2359 26777 6130 20647 12653 12590 12410 17402 16954 129649 4498 125151 123761 119494 62875
is_linear=0
shrinkage=0.03


Tree=135
num_leaves=31
num_cat=0
split_feature=2 0 3 5 5 5 5 1 8 8 5 0 5 10 3 5 1 8 1 5 8 0 5 5 8 5 0 8 4 4
split_gain=157.829 112.868 202.404 139.578 323.943 135.332 193.557 164.115 229.527 138.615 109.499 109.354 168.091 105.13 137.593 158.508 255.282 106.408 100.81 301.951 163.652 752.233 146.199 201.69 129.004 127.416 114.344 192.995 193.595 157.274
threshold=1.5000000000000002 2.5000000000000004 1.0000000180025095e-35 94.500000000000014 30.500000000000004 43.500000000000007 91.500000000000014 1.0000000180025095e-35 0.05634920634920635 0.83333333333333337 162.50000000000003 1.5000000000000002 84.000000000000014 0.70833333333333337 1.5000000000000002 10.500000000000002 1.0000000180025095e-35 0.45000000000000007 1.0000000180025095e-35 10.500000000000002 0.36666666666666675 1.5000000000000002 23.000000000000004 95.500000000000014 0.83333333333333337 23.000000000000004 1.5000000000000002 0.83333333333333337 1.0000000180025095e-35 1.5000000000000002
decision_type=2 2 2 2 2 2 2 2 2 2 2 2 2 2 2 2 2 2 2 2 2 2 2 2 2 2 2 2 2 2
left_child=1 3 -3 4 13 -6 7 8 -7 -9 -5 12 -11 14 -1 16 -16 -18 19 24 -21 22 -22 -24 -2 -20 27 28 -27 -29
right_child=18 2 -4 10 5 6 -8 9 -10 11 -12 -13 -14 -15 15 -17 17 -19 25 20 21 -23 23 -25 -26 26 -28 29 -30 -31
leaf_value=0.00023658229454578573 -0.045193651295568557 0.014828360928907929 -0.053588897009657119 -0.0042641075622344288 0.041238206449565717 0.039779576692798392 0.036819086561234372 -0.03904332828161123 -0.033890131462564733 0.041824014471208419 0.014256264490368407 0.056000258473230632 -0.043486094276203792 0.021310102340882348 -0.019902170564391336 0.005773989361210337 -0.066222497779516609 -0.1721252474059658 0.015756155416692768 0.016894141001952554 0.030446347753997002 -0.059460077376087744 -0.0054116763650444641 0.014460557168601215 -0.011219531743078723 0.035490443316520535 0.0075631263419950225 -0.043522094393390248 -0.028627216195591245 -0.0059430783282562313
leaf_weight=51671.354779571193 141.60214822390117 755.2404155289878 41.030321662317874 8258.508710518814 193.55648112297058 49.216164693236351 198.72698302939534 29.828611411125166 167.9545163459552 51.843917846679688 297.66655993928725 81.775748085230589 34.699223905801773 211.81375709558779 101.98652541632691 101.39937952207765 18.782001616200432 15.657227038347626 1245.2955952538468 714.60446911141844 191.00848746299744 174.22756913464946 1098.323804334992 790.47820122221674 347.29399165148789 154.29342386865756 2375.8789826622542 137.76281491294503 58.432670589631016 367.9256148491113
leaf_count=166228 1302 7883 664 103797 17 6 11 506 2644 1 5582 314 304 1191 427 570 90 156 1631 2151 52 4417 3009 1454 689 363 7800 371 1092 1535
internal_value=0.000584395 8.06472e-05 0.0113029 -6.46895e-05 0.00051001 0.0193646 0.0124697 0.000818744 -0.0171948 0.0205617 -0.00361979 0.0311246 0.00761917 0.000217863 0.000131797 -0.0226346 -0.0437494 -0.114369 0.00460817 0.000786555 0.00438434 0.00041832 0.00543439 0.00290501 -0.0210597 0.00765303 0.00439193 -0.00609559 0.0178783 -0.0161806
internal_weight=70078.2 62281 796.271 61484.8 52928.6 807.602 614.045 415.318 217.171 198.148 8556.18 168.319 86.5431 52121 51909.2 237.825 136.426 34.4392 7797.13 3457.54 2968.64 2254.04 2079.81 1888.8 488.896 4339.59 3094.29 718.415 212.726 505.688
internal_count=316257 290391 8547 281844 172465 3803 3786 3775 2650 1125 109379 619 305 168662 167471 1243 673 246 25866 13074 11083 8932 4515 4463 1991 12792 11161 3361 1455 1906
is_linear=0
shrinkage=0.03


Tree=136
num_leaves=31
num_cat=0
split_feature=5 5 8 1 5 1 5 4 10 8 4 9 6 7 3 5 0 8 6 3 8 5 8 4 8 8 8 8 5 8
split_gain=243.558 425.951 239.185 252.982 476.745 155.533 135.947 131.117 123.891 115.446 114.914 93.3328 62.7711 280.037 189.803 149.035 210.293 155.066 168.236 111.549 144.671 99.6022 104.699 96.3781 119.619 238.071 89.7658 179.143 162.51 222.945
threshold=10.500000000000002 23.000000000000004 0.83333333333333337 1.0000000180025095e-35 9.5000000000000018 1.5000000000000002 1.0000000180025095e-35 21.500000000000004 1.0000000180025095e-35 0.10818713450292398 15.500000000000002 2.5000000000000004 1.5000000000000002 1.0000000180025095e-35 13.500000000000002 97.500000000000014 3.5000000000000004 0.010544848035581913 6.5000000000000009 4.5000000000000009 0.45000000000000007 120.50000000000001 0.072751322751322761 3.5000000000000004 0.0033277962347729793 0.0072529524711328558 0.093073593073593086 0.23611111111111113 100.50000000000001 0.050423728813559332
decision_type=2 2 2 2 2 2 2 2 2 2 2 2 2 2 2 2 2 2 2 2 2 2 2 2 2 2 2 2 2 2
left_child=2 -2 3 4 -1 8 -5 10 -4 -8 12 -12 14 -14 19 -15 21 23 -19 26 -21 22 -17 -18 -25 -26 28 -28 29 -3
right_child=1 7 5 6 -6 -7 9 -9 -10 -11 11 -13 13 15 -16 16 17 18 -20 20 -22 -23 -24 24 25 -27 27 -29 -30 -31
leaf_value=-0.00033969329010922127 0.030554937698077305 0.01962876442531233 -0.017986562279667762 -0.046367740373869613 -0.042469808257371552 0.037133010846802081 -0.041441402510965564 -0.038207494361958652 -0.0020095068110613434 0.017534431192120475 0.023494385433006668 -0.04870394489908754 -0.030742354848453085 0.030633084950073511 -0.060712191766860192 -0.060403720646511623 0.019694662730876212 -0.061162574309641782 0.020424769323144451 0.025222136746859622 0.0053727432802536017 0.0217960815271106 -0.00034724661902923862 0.02315941878326673 -0.063612595878394074 0.0055265500424305086 -0.032720527082011591 0.0021584482565194982 0.036437838098482889 -0.040264789338042749
leaf_weight=47533.034703069134 504.57450928259641 168.438154142028 1239.8329351852881 32.586296536028385 242.97277957596816 58.908891572616994 30.758453728456516 70.549938432293857 674.40700709620432 1037.2132521660533 327.24143188862217 16.949365586042404 275.89187779950043 151.91609870932734 42.031151275239608 94.385310601297533 389.9388150300656 60.936744551290758 36.294873896986246 435.02830609835655 1374.9317275371322 24.808252804339645 36.124937639920972 107.75564623624086 64.681246276944876 145.99426558613777 133.80184149817796 13941.577826385252 190.74085391259723 83.74400100238563
leaf_count=104862 147 875 27657 169 4581 79 582 3657 1082 3459 2649 96 6982 816 399 2369 2698 1245 26 1822 5751 380 183 57 266 175 2665 137917 832 1497
internal_value=0.00043636 0.00336602 -0.000639776 -0.000226373 -0.000553953 -0.0108801 0.0139941 0.00261115 -0.0123577 0.0158359 0.00277023 0.019939 0.00243748 -0.00368619 0.00295696 0.00302152 -0.00134372 0.00481856 -0.0307074 0.00312085 0.0101436 -0.033306 -0.0437802 0.0096949 -0.00255044 -0.0157004 0.00224534 0.00182689 0.0155433 -0.000260533
internal_weight=69528.1 18678.3 50849.7 48876.6 47776 1973.15 1100.56 18173.8 1914.24 1067.97 18103.2 344.191 17759 1388.73 16370.3 1112.84 960.92 805.602 97.2316 16328.3 1809.96 155.319 130.51 708.37 318.431 210.676 14518.3 14075.4 442.923 252.182
internal_count=315975 173504 142471 113653 109443 28818 4210 173357 28739 4041 169700 2745 166955 15197 151758 8215 7399 4467 1271 151359 7573 2932 2552 3196 498 441 143786 140582 3204 2372
is_linear=0
shrinkage=0.03


Tree=137
num_leaves=31
num_cat=0
split_feature=5 5 5 5 0 5 5 5 5 1 2 1 5 3 5 5 5 5 5 3 3 5 5 1 2 10 5 0 9 2
split_gain=246.248 225.542 101.329 528.087 172.139 503.188 465.53 368.893 243.79 479.608 241.29 213.938 208.371 170.977 165.651 234.622 236.567 160.829 157.379 153.198 229.268 143.162 406.704 151.57 133.554 277.876 131.426 117.926 105.623 202.843
threshold=114.50000000000001 119.50000000000001 105.50000000000001 100.50000000000001 1.5000000000000002 94.500000000000014 99.500000000000014 95.500000000000014 29.500000000000004 1.0000000180025095e-35 2.5000000000000004 1.0000000180025095e-35 23.000000000000004 4.5000000000000009 30.500000000000004 43.500000000000007 93.500000000000014 113.00000000000001 99.500000000000014 1.0000000180025095e-35 2.5000000000000004 27.500000000000004 10.500000000000002 1.0000000180025095e-35 1.0000000180025095e-35 1.0000000180025095e-35 8.5000000000000018 2.5000000000000004 2.5000000000000004 11.500000000000002
decision_type=2 2 2 2 2 2 2 2 2 2 2 2 2 2 2 2 2 2 2 2 2 2 2 2 2 2 2 2 2 2
left_child=2 -2 3 4 5 14 8 10 9 26 13 -8 -11 -7 21 -16 -17 -4 -9 -12 -21 22 -1 -23 -19 -26 -6 -28 -27 -30
right_child=1 -3 17 -5 6 7 11 18 -10 12 19 -13 -14 -15 15 16 -18 24 -20 20 -22 23 -24 -25 25 28 27 -29 29 -31
leaf_value=-3.9184232782432676e-05 0.032421043769046407 0.0049868473314311256 -0.043112085769757121 0.035233430353122659 0.0261000124693017 -0.021585683602103504 -0.05269637772930974 0.032889130068806657 0.012379435153264349 0.01184940931723175 0.019075640862325622 0.00039774805154155695 -0.049988614375176925 0.0038946188217994404 0.038722706929212182 -0.019711902143485373 0.034155249766290273 0.0071759493334010499 2.4418468056646131e-05 -0.067563588665556812 -0.0015084696597393774 -0.005215041277923313 0.027551584088187826 -0.035017396754085849 -0.055124815374902172 -0.0020321069683510353 -0.041315474032188042 0.0019108200383903425 -0.069343382878995052 0.0092553492582873494
leaf_weight=49707.376580614371 284.63015103340513 5142.6694494941294 106.74530671257526 379.80767620354891 35.834780771288933 2389.0524910110962 174.12410656658176 192.29815649986267 3054.5129193984831 966.58725630264962 260.70912323519588 112.38869538993458 51.663314783028909 263.1149842422401 239.8392481803894 205.99748470570194 113.97084776312113 532.67484752833843 412.3208983118966 54.634474863298237 351.80069885896955 2251.9005740942521 485.52870794996124 164.82893659140973 115.67867789423326 821.81263450601546 330.1516381275178 68.603806969229481 62.730459742248058 55.870114346966147
leaf_count=133046 41 48275 660 81 16 41659 2187 36 20969 4288 408 626 2192 866 30 2087 5 16063 1679 285 1373 19688 801 5176 430 1701 10179 685 326 156
internal_value=0.000290384 0.00642561 -0.000230197 -3.31602e-05 -0.000249595 -0.000708064 0.00521063 -0.0110753 0.00756765 -0.00254886 -0.0150011 -0.0318695 0.00871191 -0.0190578 5.70446e-05 0.0162901 -0.000524738 -0.00746629 0.010477 0.00112601 -0.0103878 -0.000115688 0.000227708 -0.00724766 -0.00507134 -0.0112487 -0.028933 -0.0338786 -0.00585153 -0.0323173
internal_weight=69389.9 5427.3 63962.6 62267 61887.2 57093.4 4793.87 3923.93 4507.35 1452.84 3319.31 286.513 1018.25 2652.17 53169.4 559.808 319.968 1695.51 604.619 667.144 406.435 52609.6 50192.9 2416.73 1588.77 1056.09 434.59 398.755 940.413 118.601
internal_count=316014 48316 267698 248362 248281 207139 41142 46306 38329 17360 44591 2813 6480 42525 160833 2122 2092 19336 1715 2066 1658 158711 133847 24864 18676 2613 10880 10864 2183 482
is_linear=0
shrinkage=0.03


Tree=138
num_leaves=31
num_cat=0
split_feature=2 4 2 4 7 1 4 2 4 1 0 5 5 5 5 1 0 8 10 11 8 5 8 4 4 8 7 6 5 7
split_gain=111.911 180.973 78.5239 104.679 102.685 73.3591 127.281 107.921 85.5269 72.8798 87.499 70.2612 100.916 112.44 127.547 52.8525 50.7457 169.174 161.745 139.042 98.7652 179.18 121.468 70.3515 115.726 130.803 125.702 136.23 69.26 68.6272
threshold=4.5000000000000009 1.0000000180025095e-35 7.5000000000000009 15.500000000000002 3.5000000000000004 5.5000000000000009 10.500000000000002 10.500000000000002 6.5000000000000009 2.5000000000000004 1.5000000000000002 162.50000000000003 169.50000000000003 170.50000000000003 185.00000000000003 5.5000000000000009 2.5000000000000004 0.0048115508087418204 0.87500000000000011 1.0000000180025095e-35 0.0061412551543799663 119.50000000000001 0.0076408856713324489 6.5000000000000009 4.5000000000000009 0.23611111111111113 1.0000000180025095e-35 1.5000000000000002 9.5000000000000018 1.5000000000000002
decision_type=2 2 2 2 2 2 2 2 2 2 2 2 2 2 2 2 2 2 2 2 2 2 2 2 2 2 2 2 2 2
left_child=11 -2 4 5 -3 6 7 8 9 10 -4 16 -13 -14 -15 -6 18 -18 19 -1 -19 22 -22 24 25 29 27 -27 -29 -24
right_child=1 2 3 -5 15 -7 -8 -9 -10 -11 -12 12 13 14 -16 -17 17 20 -20 -21 21 -23 23 -25 -26 26 -28 28 -30 -31
leaf_value=0.00074374232237846456 -0.048948814484490177 0.018650809655759222 -0.00050403800950144526 0.015556973973307056 -0.030560851347958554 0.027779828392171982 -0.05289425533161423 -0.05915618465537234 0.017852771834158159 0.02858602135732291 -0.044028580888707723 0.031023656779824431 -0.019783028318145587 0.032459977389604912 -0.032851038116976622 0.0074948568802651076 -0.041308558307971747 0.025737253528264274 -0.047123968043091324 -0.068232332758677822 -0.050119693666761667 -0.057326200041161506 0.029546164987457206 -0.040484570632238155 0.034079350487663536 0.00026331218262047774 0.024885039452428329 -0.15121464479665114 -0.040407771947425966 0.0021033025039223843
leaf_weight=66102.294005866977 48.620085963324527 921.40057036011422 92.034092878777301 337.70694850194559 59.537071138620377 51.172494262456894 54.892673017264315 29.466319113969803 148.94645725740702 33.032230703625828 75.812578965564171 168.65859270840519 123.46744197281078 124.75790739059448 34.313235352328775 73.26097396761179 62.343389991443473 259.29929590690881 63.665459198600729 26.312733661674429 31.600531360018067 40.018858660938349 202.50219975825166 24.302171035480569 160.95966364158085 131.42179630603641 75.747146444977261 5.3717123241513027 92.477155890315771 137.83490166264528
leaf_count=288136 1391 1460 443 4260 172 12 351 147 203 10 923 50 843 17 5253 86 1337 797 2181 348 783 1101 390 392 267 490 244 90 1818 2090
internal_value=0.00106353 0.00819481 0.0096748 0.00273089 0.0150962 -0.00619338 -0.0101974 -0.00401817 0.000626193 -0.0121469 -0.0201631 0.00086117 0.0126602 0.00169836 0.0183717 -0.00956658 0.000782202 0.00683524 0.000670283 0.000716297 0.00941928 0.00472955 0.0076098 0.0098061 0.0113218 0.00564584 -0.00862081 -0.0196906 -0.0464909 0.0184319
internal_weight=69793.2 1925.88 1877.26 823.064 1054.2 485.357 434.184 379.292 349.825 200.879 167.847 67867.3 451.197 282.539 159.071 132.798 67416.2 1223.88 66192.3 66128.6 1161.54 902.236 862.217 830.617 806.315 645.355 305.018 229.271 97.8489 340.337
internal_count=316085 9458 8067 6349 1718 2089 2077 1726 1579 1376 1366 306627 6163 6113 5270 258 300464 9799 290665 288484 8462 7665 6564 5781 5389 5122 2642 2398 1908 2480
is_linear=0
shrinkage=0.03


Tree=139
num_leaves=31
num_cat=0
split_feature=5 5 5 2 2 5 8 1 5 5 5 5 5 1 5 2 5 7 6 0 8 8 8 0 5 10 2 0 7 8
split_gain=104.743 365.668 259.052 134.786 134.495 160.001 173.299 246.353 132.806 115.534 428.456 121.251 263.824 188.87 134.19 210.967 113.241 104.396 154.974 102.357 91.2971 98.0104 117.975 89.9951 221.239 81.8337 87.5374 81.6372 79.9651 76.0212
threshold=100.50000000000001 105.50000000000001 109.00000000000001 1.0000000180025095e-35 2.5000000000000004 114.50000000000001 0.085144927536231887 1.0000000180025095e-35 151.50000000000003 23.000000000000004 10.500000000000002 29.500000000000004 43.500000000000007 1.0000000180025095e-35 30.500000000000004 1.0000000180025095e-35 161.00000000000003 1.0000000180025095e-35 1.5000000000000002 1.5000000000000002 0.10263157894736843 0.085144927536231887 0.010544848035581913 1.5000000000000002 164.50000000000003 0.87500000000000011 1.0000000180025095e-35 3.5000000000000004 4.5000000000000009 0.23611111111111113
decision_type=2 2 2 2 2 2 2 2 2 2 2 2 2 2 2 2 2 2 2 2 2 2 2 2 2 2 2 2 2 2
left_child=9 -2 -3 20 5 6 -5 -8 -7 10 -1 13 14 19 15 -13 -10 18 -14 -11 21 22 27 -22 -25 26 -15 -4 -29 -19
right_child=1 2 3 4 -6 8 7 -9 16 11 -12 12 17 25 -16 -17 -18 29 -20 -21 23 -23 -24 24 -26 -27 -28 28 -30 -31
leaf_value=0.0020365039989573151 0.03503892602181706 -0.043090420551719251 -0.032469795769405313 0.0041750232670931756 0.005003066536466835 0.017760352818063842 -0.013256911534890198 -0.075871524299615564 -0.081615367252181922 -0.0031141457468255463 0.030519867647654717 -0.032652730544995408 -0.00053935836137077844 -0.031173850355782472 0.038011048189806544 0.033501736052902728 -0.006100944125490163 -0.024847477965632761 -0.03209255460812261 -0.04059376429835105 0.0079866174424479772 0.04635561371741799 -0.041740672116101926 -0.031044682787078521 0.023226151961802746 0.019129695108382621 -0.091312830634523501 0.027602065869403131 -0.043047326556073143 0.031873896063970932
leaf_weight=52784.956917932002 358.16155313700256 103.68224835954607 25.439042520505609 120.75265917554498 1825.8699583783728 244.95835529924079 131.5078411509021 99.219132735044695 18.425783292235792 2269.4901946743903 479.61745462194085 78.984493138734251 7004.7814874356172 192.17312250821851 246.91557359695435 96.258113999065245 595.30438425203283 25.148138040443882 142.95174334280455 67.531105627396755 3443.5910153226578 105.27333894232288 31.869630741508445 171.20381661342981 111.71818864095258 25.197357033932349 24.568198235720047 260.70820449944586 15.262820030038709 137.75544980898849
leaf_count=142442 80 658 1926 177 6841 942 280 573 554 19030 148 1424 67356 6720 36 399 3105 638 3054 5847 36321 131 1811 9871 1836 291 697 1995 563 353
internal_value=0.00212965 0.00544304 0.00399193 0.00466982 -0.000137482 -0.00789341 -0.0249435 -0.040183 -0.000914417 0.00173028 0.00229298 -0.00117629 0.00070239 -0.00680934 0.0237619 0.00368492 -0.00836808 -0.000629198 -0.00117041 -0.00419717 0.00817401 0.0211213 0.0131505 0.00665031 -0.00961461 -0.0320418 -0.0379908 0.0189544 0.0236947 0.0231176
internal_weight=71239.3 7662.95 7304.79 7201.1 3036.04 1210.17 351.48 230.727 858.689 63576.3 53264.6 10311.8 7732.79 2578.96 422.158 175.243 613.73 7310.64 7147.73 2337.02 4165.07 438.553 333.28 3726.51 282.922 241.939 216.741 301.41 275.971 162.904
internal_count=316099 67664 67584 66926 12472 5631 1030 853 4601 248435 142590 105845 73260 32585 1859 1823 3659 71401 70410 24877 54454 6426 6295 48028 11707 7708 7417 4484 2558 991
is_linear=0
shrinkage=0.03


Tree=140
num_leaves=31
num_cat=0
split_feature=2 4 8 8 1 3 8 8 8 11 8 8 3 0 3 8 3 0 3 3 8 2 3 4 3 1 8 2 3 3
split_gain=71.4033 212.722 85.7661 150.113 90.972 114.013 83.7872 76.3634 294.522 108.897 103.445 96.7486 89.7363 88.084 62.6228 103.334 112.87 76.9188 71.8275 94.0126 64.0423 305.443 130.805 113.384 156.443 88.6389 72.0949 133.031 161.652 65.4682
threshold=4.5000000000000009 1.5000000000000002 0.23611111111111113 0.0091012632014909941 3.5000000000000004 10.500000000000002 0.011928476569910834 0.11437908496732027 0.21111111111111114 1.0000000180025095e-35 0.072751322751322761 0.2678571428571429 9.5000000000000018 1.5000000000000002 4.5000000000000009 0.36666666666666675 5.5000000000000009 2.5000000000000004 8.5000000000000018 5.5000000000000009 0.58333333333333337 1.5000000000000002 3.5000000000000004 1.5000000000000002 1.5000000000000002 1.0000000180025095e-35 0.36666666666666675 2.5000000000000004 1.5000000000000002 1.0000000180025095e-35
decision_type=2 2 2 2 2 2 2 2 2 2 2 2 2 2 2 2 2 2 2 2 2 2 2 2 2 2 2 2 2 2
left_child=7 -2 3 4 5 -3 -5 10 -9 11 -1 13 14 -10 20 16 -16 18 19 -17 21 23 26 24 25 -13 -23 28 -28 -27
right_child=1 2 -4 6 -6 -7 -8 8 9 -11 -12 12 -14 -15 15 17 -18 -19 -20 -21 -22 22 -24 -25 -26 29 27 -29 -30 -31
leaf_value=0.0015845637340273879 -0.043292983472559041 0.0065984614053074325 0.014246115295915376 -0.072720815482070586 0.01784970444232975 -0.049620522093023506 -0.014610265906928302 -0.05168606946596082 -0.041956194937615085 -0.067395042203406044 0.015141344582576599 -0.018887218415255452 -0.04216706308993351 0.026389046240017675 0.022886760961804975 -0.00046118591012472859 -0.035280741150120504 0.028908386364656282 0.022431918874280019 -0.030105718400522563 3.4577233513859078e-05 0.015869805333237886 -0.024955809005990807 -0.034789062785758586 0.031288087398569656 -0.0030849723592528398 0.018770458401316935 -0.032369782605404011 -0.040971124797979153 -0.056750856541139184
leaf_weight=49480.385781164085 72.462104708418337 111.23264710232615 1110.8752253044986 26.391200959566049 335.74399602413177 45.848155501837027 145.15482744250039 100.74546025704694 18.65344992757673 21.714183931468142 511.80922216800536 819.22294119463186 46.188630446631578 188.23449581324894 380.10760730027778 907.14361639172421 32.598153890899994 82.18004906123042 105.22374495156691 107.71293000755577 13507.583949488719 697.19417927548056 105.19091083706007 184.69865799007675 78.647801941260695 725.8165154785238 256.0266695299797 89.366395191755146 48.48270078925998 21.052017376438016
leaf_count=113649 1796 148 5881 151 289 307 933 2766 546 272 2277 14804 2779 825 435 1948 903 512 581 2744 145019 1214 682 1230 120 11191 605 729 503 196
internal_value=0.00127064 0.00709014 0.00914668 0.000620054 0.00903341 -0.00981052 -0.0235502 0.0011137 -0.000531632 -0.000251896 0.00172336 -0.000172665 -0.000404627 0.0202269 -0.000298339 0.00534022 0.0182923 0.000894088 -0.00116132 -0.00360754 -0.000849111 -0.00479415 0.00699328 -0.0125019 -0.00999912 -0.0120725 0.0100735 -0.000186413 0.00925865 -0.00459766
internal_weight=70363.7 1847.71 1775.25 664.371 492.825 157.081 171.546 68516 18523.8 18423 49992.2 18401.3 18194.4 206.888 18148.2 1614.97 412.706 1202.26 1120.08 1014.86 16533.3 3025.7 1196.26 1829.44 1644.74 1566.09 1091.07 393.876 304.509 746.869
internal_count=316035 9505 7709 1828 744 455 1084 306530 190604 187838 115926 187566 186195 1371 183416 7123 1338 5785 5273 4692 176293 31274 3733 27541 26311 26191 3051 1837 1108 11387
is_linear=0
shrinkage=0.03


Tree=141
num_leaves=31
num_cat=0
split_feature=2 3 5 5 5 5 5 5 8 2 5 10 2 0 4 4 5 5 8 5 8 8 8 0 9 5 8 5 0 2
split_gain=103.552 183.116 97.4681 201.526 191.305 133.847 298.571 203.171 196.244 155.743 127.719 113.975 225.849 236.473 182.582 161.898 113.506 113.282 106.963 103.207 92.4665 565.377 151.677 126.156 163.849 124.292 107.888 104.411 86.8595 180.33
threshold=4.5000000000000009 1.5000000000000002 151.50000000000003 95.500000000000014 99.500000000000014 100.50000000000001 105.50000000000001 109.00000000000001 0.45000000000000007 3.5000000000000004 162.50000000000003 0.29166666666666669 1.5000000000000002 1.5000000000000002 1.5000000000000002 2.5000000000000004 154.00000000000003 169.50000000000003 0.30952380952380959 161.00000000000003 0.10263157894736843 0.83333333333333337 0.05634920634920635 3.5000000000000004 1.0000000180025095e-35 119.50000000000001 0.0057664597650188441 144.00000000000003 1.5000000000000002 1.5000000000000002
decision_type=2 2 2 2 2 2 2 2 2 2 2 2 2 2 2 2 2 2 2 2 2 2 2 2 2 2 2 2 2 2
left_child=2 -2 3 11 -5 8 -7 -8 9 -6 16 -1 13 15 -14 -13 -4 -12 -15 -18 22 -22 23 24 26 -25 -9 -23 -21 -30
right_child=1 -3 10 4 5 6 7 20 -10 -11 17 12 14 18 -16 -17 19 -19 -20 28 21 27 -24 25 -26 -27 -28 -29 29 -31
leaf_value=0.00070375533981619377 -0.039258384875775328 0.0097064036159279256 -0.046160484580977004 0.031175955772941626 -0.053037425948991329 0.035208650275571463 -0.041232462258825257 0.020791036790842956 0.001915007322703801 0.024691638321103659 0.030960411894015303 -0.064510808950201948 -0.084694415671368234 -0.04162205128107023 -0.013129571419685444 -0.0053608386934488727 0.037944026851666611 -0.0011870145959164383 0.021977616940122052 -0.0043180005197421727 -0.053728145008803817 0.0058315060758162927 0.032700584297908682 0.016936673579199691 -0.063519249008288897 -0.038111380228984075 -0.05719841232786594 0.041858406711517325 -0.047220336753613493 -0.0043760496274286029
leaf_weight=58262.466759195828 71.494445760698 1783.2459427244103 63.645353301028081 282.92918381094751 115.60068688998581 330.40046038851142 82.896295800805092 75.053752071573399 539.3936046479721 29.024803698062897 160.6395475640893 47.754297899551602 33.021908750175498 25.077403721814335 1130.6590263755679 325.60282416316477 48.044981256127357 255.65963690371427 467.00077290306217 2457.0730826180952 148.2580619294622 1460.0753935593675 275.09379028543481 507.50004322765744 48.51782937128155 39.810655694454908 20.276983572170138 76.176624237545184 137.31186383988825 248.28403551488736
leaf_count=228317 1725 7762 1889 62 1509 70 437 279 2065 11 51 221 238 577 6391 1253 4 6075 2521 19230 4512 16771 197 3796 1811 125 411 101 5684 1838
internal_value=0.000825554 0.00781896 0.00063394 0.000894528 0.00738874 0.00559313 0.00827172 0.00501602 -0.0064056 -0.037438 -0.0043389 0.000460335 -0.00652906 0.00507677 -0.0151604 -0.0129264 -0.00653101 0.0112179 0.0187364 -0.00565848 0.00646233 0.00221871 0.0138604 0.00636169 -0.0186389 0.0129326 0.00420257 0.00761794 -0.00639542 -0.019633
internal_weight=69548 1854.74 67693.2 64322.6 4031.01 3748.08 3064.06 2733.66 684.019 144.625 3370.66 60291.6 2029.12 865.435 1163.68 373.357 2954.36 416.299 492.078 2890.71 2650.76 1684.51 966.253 691.159 143.849 547.311 95.3307 1536.25 2842.67 385.596
internal_count=315933 9487 306446 271675 32157 32095 28510 28440 3585 1520 34771 239518 11201 4572 6629 1474 28645 6126 3098 26756 28003 21384 6619 6422 2501 3921 690 16872 26752 7522
is_linear=0
shrinkage=0.03


Tree=142
num_leaves=31
num_cat=0
split_feature=0 5 5 5 5 1 2 3 1 10 4 2 4 4 0 5 2 3 10 5 0 5 1 6 1 5 2 10 1 5
split_gain=122.091 234.999 376.671 315.25 223.122 242.423 263.603 154.93 120.42 112.834 133.66 120.049 102.751 101.479 170.104 320.971 98.9069 278.79 125.451 97.4412 88.0258 209.084 128.546 185.143 162.585 110.501 103.431 163.083 87.187 146.517
threshold=1.5000000000000002 99.500000000000014 100.50000000000001 105.50000000000001 29.500000000000004 1.0000000180025095e-35 1.0000000180025095e-35 11.500000000000002 1.0000000180025095e-35 0.70833333333333337 21.500000000000004 7.5000000000000009 15.500000000000002 1.0000000180025095e-35 2.5000000000000004 8.5000000000000018 4.5000000000000009 2.5000000000000004 0.87500000000000011 9.5000000000000018 3.5000000000000004 114.50000000000001 2.5000000000000004 3.5000000000000004 5.5000000000000009 129.50000000000003 2.5000000000000004 0.29166666666666669 1.0000000180025095e-35 23.000000000000004
decision_type=2 2 2 2 2 2 2 2 2 2 2 2 2 2 2 2 2 2 2 2 2 2 2 2 2 2 2 2 2 2
left_child=7 4 8 -4 5 6 19 16 -3 11 12 20 -11 14 15 -7 18 -18 28 -2 21 -5 -22 -24 -25 -23 27 -27 -1 -30
right_child=1 2 3 9 -6 13 -8 -9 -10 10 -12 -13 -14 -15 -16 -17 17 -19 -20 -21 22 25 23 24 -26 26 -28 -29 29 -31
leaf_value=0.00099259261452239395 0.0090539817194171777 -0.050932382276823715 0.037813873663274197 -0.033645058049013708 0.013424326808694487 0.040098009730114681 -0.044382422644052233 -0.049033774572613056 -0.0076387342954941451 0.0020909791062522563 -0.040521367043655332 -0.051838662366779073 0.023216198967268013 0.014754327671969745 0.021909317480729544 -0.04439676195764921 -0.056693796698498083 0.020963627329136814 -0.053337732169738347 -0.030392819691420554 0.02840588645580195 0.025036093935860707 0.025672273845447804 -0.045392284177443037 0.019109857286458469 -0.0087464555316562869 0.0094916433189523725 -0.066482784564907027 0.0060788351639500353 -0.0058271835057259044
leaf_weight=56471.555727387909 239.67055442649689 172.3786855106373 198.60704624280334 247.48201726553089 3165.0368897800945 54.935394570231438 198.85503481775231 56.369901466307056 87.007273287075805 619.79638730215447 51.442271633710334 50.655522915214533 311.29122401976201 668.40632707564509 126.96808822616003 153.58012680860702 45.744149236896192 459.9062781285611 38.761629664411885 73.68616634211503 155.66465146990959 114.96515544503927 103.13827750098426 114.37224520496966 50.787911587831331 445.71970517010413 241.79781920853929 48.856589284370784 1211.7537977858447 4004.2088218596327
leaf_count=181854 632 2229 31 5632 20931 9 3663 3910 611 2128 800 928 620 1750 482 4229 755 507 299 6586 607 48 65 3072 249 10785 1013 973 12071 48535
internal_value=0.00111956 0.00468459 -0.00184903 0.00140543 0.00889127 -0.000572004 -0.0173663 0.00067914 -0.0364102 -0.00142362 0.00655295 -0.00640456 0.00915379 0.0079969 -0.00546637 -0.0221358 0.00072417 0.0139383 0.000615922 -0.000221976 -0.00489319 -0.0093735 0.00671879 -0.00586389 -0.0255574 -0.00231782 -0.00658841 -0.0144499 0.000649824 -0.00306122
internal_weight=69983.4 7695.1 3013.96 2754.58 4681.14 1516.1 512.212 62288.3 259.386 2555.97 982.53 1573.44 931.088 1003.89 335.484 208.516 62231.9 505.65 61726.3 313.357 1522.78 1098.82 423.963 268.298 165.16 851.339 736.374 494.576 61687.5 5215.96
internal_count=316004 68073 29791 26951 38282 17351 10881 247931 2840 26920 3548 23372 2748 6470 4720 4238 244021 1262 242759 7218 22444 18451 3993 3386 3321 12819 12771 11758 242460 60606
is_linear=0
shrinkage=0.03


Tree=143
num_leaves=31
num_cat=0
split_feature=5 5 5 5 2 3 3 5 5 5 4 8 0 0 8 8 10 5 8 0 5 2 9 2 3 2 8 10 8 5
split_gain=61.4661 340.037 331.353 292.816 116.786 112.608 114.629 176.192 163.504 262.125 216.249 181.326 400.021 363.788 170.423 164.962 121.407 108.668 114.193 107.826 115.132 162.119 277.087 98.9209 92.7072 140.927 166.007 91.9366 90.6269 227.249
threshold=89.000000000000014 91.500000000000014 94.500000000000014 30.500000000000004 2.5000000000000004 5.5000000000000009 4.5000000000000009 113.00000000000001 95.500000000000014 99.500000000000014 1.5000000000000002 0.58333333333333337 1.5000000000000002 1.5000000000000002 0.23611111111111113 0.2678571428571429 0.29166666666666669 100.50000000000001 0.58333333333333337 1.5000000000000002 162.50000000000003 1.5000000000000002 2.5000000000000004 1.5000000000000002 1.5000000000000002 1.0000000180025095e-35 0.45000000000000007 0.70833333333333337 0.36666666666666675 98.500000000000014
decision_type=2 2 2 2 2 2 2 2 2 2 2 2 2 2 2 2 2 2 2 2 2 2 2 2 2 2 2 2 2 2
left_child=3 -2 -3 -1 5 6 8 17 10 -10 11 13 16 -4 -15 -16 -13 18 -8 -11 21 22 -21 -9 25 -17 -27 -23 29 -6
right_child=1 2 4 -5 28 -7 7 23 9 19 -12 12 -14 14 15 24 -18 -19 -20 20 -22 27 -24 -25 -26 26 -28 -29 -30 -31
leaf_value=0.0010595112315891571 -0.03717867260565056 0.035809863285967601 -0.036763781157188473 0.02692987726558066 0.029894239062235831 -0.039346848734143562 0.021722804294773614 -0.0032908578325900168 0.032297467529097144 0.0012368541198597002 -0.028646169999255986 -0.0039008345784429265 -0.035979299429513008 -0.038804051609483928 0.041930269154753133 0.01069711058376162 -0.11672218501146379 0.047248856215262799 -0.0092787062444530978 -0.031508774987905983 0.011669856723055505 -0.0061273852417424862 0.016186609072242526 -0.063236209918199712 0.041483916944564152 -0.072869405278271113 -0.0023142018605211727 0.02591708445329648 -0.00048519096866408713 0.0025587352142251566
leaf_weight=55081.721375917761 229.56215769274968 224.19226757436991 175.32332053687423 396.5956055134302 372.45526965672616 73.883149273460731 306.30571894720197 66.721549792313454 220.67923890985548 4364.6886921171317 396.12491802219301 1926.542036741972 443.92616478947457 61.971826785826124 146.80003305897117 728.51137412153184 8.6226660162210447 87.838241100311279 164.28867439320311 532.44310473926089 211.83674218395026 319.28109024809964 138.04610851840698 39.408778216085921 68.131339889019728 40.649394914507866 114.70313612371683 107.78113127416145 1704.632590527568 1032.396169470514
leaf_count=176872 4379 13 3539 770 667 3868 333 253 42 39244 1512 37458 6936 1165 158 4024 47 8 368 16770 2242 1308 2040 294 35 170 275 107 8471 2646
internal_value=0.000792304 -0.000960893 -0.000370318 0.00124445 -0.000955803 -0.00243757 -0.00218201 0.00988327 -0.00298334 0.000219322 -0.00757529 -0.00532865 -0.0102954 0.00351536 0.00959916 0.0123291 -0.00440354 0.0166174 0.0108999 -0.00102828 -0.00857883 -0.012487 -0.0216888 -0.02555 0.00776451 0.0051653 -0.0207756 0.00195994 0.0041643 0.00980594
internal_weight=69786.1 14307.7 14078.2 55478.3 13854 10744.5 10670.6 664.563 10006.1 5894.76 4111.31 3715.18 2379.09 1336.09 1160.77 1098.8 1935.16 558.433 470.594 5674.08 1309.39 1097.55 670.489 106.13 951.995 883.864 155.353 427.062 3109.48 1404.85
internal_count=316014 138372 133993 177642 133980 122196 118328 1256 117072 61753 55319 53807 44441 9366 5827 4662 37505 709 701 61711 22467 20225 18810 547 4504 4469 445 1415 11784 3313
is_linear=0
shrinkage=0.03


Tree=144
num_leaves=31
num_cat=0
split_feature=1 5 5 5 0 5 5 5 0 8 0 5 6 4 8 5 8 7 4 5 1 8 0 5 0 1 9 4 3 5
split_gain=78.3288 186.807 287.904 201.631 185.648 207.36 145.91 301.111 270.11 140.85 200.279 177.607 178.122 171.584 131.467 118.163 112.185 111.123 104.389 103.142 102.972 91.8691 98.8986 90.5053 88.306 79.5407 122.969 76.9113 75.9577 75.4782
threshold=1.0000000180025095e-35 100.50000000000001 99.500000000000014 95.500000000000014 1.5000000000000002 105.50000000000001 129.50000000000003 154.00000000000003 1.5000000000000002 0.0082730181544410815 3.5000000000000004 114.50000000000001 1.5000000000000002 2.5000000000000004 0.58333333333333337 119.50000000000001 0.83333333333333337 2.5000000000000004 4.5000000000000009 1.0000000180025095e-35 1.5000000000000002 0.83333333333333337 1.5000000000000002 120.50000000000001 4.5000000000000009 5.5000000000000009 1.5000000000000002 4.5000000000000009 20.500000000000004 8.5000000000000018
decision_type=2 2 2 2 2 2 2 2 2 2 2 2 2 2 2 2 2 2 2 2 2 2 2 2 2 2 2 2 2 2
left_child=1 2 3 -1 16 14 -3 -8 -9 10 23 13 28 -11 20 -14 18 -12 19 -2 -6 27 -23 -7 -19 26 -15 -4 -13 -21
right_child=4 6 21 -5 5 9 7 8 -10 11 17 12 15 25 -16 -17 -18 24 -20 29 -22 22 -24 -25 -26 -27 -28 -29 -30 -31
leaf_value=1.0790585289119844e-06 -0.04413803668691714 0.018791413105617355 -0.051141291502386929 0.031630994811469498 0.008671720075997277 -0.039082641866982203 -0.034791198107913125 0.010213992746547062 -0.048004798808113633 -0.04992949218437686 0.026586455906643981 0.0019823922110972256 0.030853086352404545 -0.0035227359394868832 0.020118222216933324 -0.050489599005105273 -0.0024424891634601503 -0.055666270877535881 -0.057224177563155232 0.039037576659453323 -0.028101172668080713 0.002357307569591325 -0.053593540470925551 0.030512737636070354 0.0074204917758769846 0.018778646420872302 -0.059654065725630902 -0.008885850784920277 0.026960048808687648 0.010053025980063694
leaf_weight=55734.31446330317 28.891932010648816 805.71071439113803 149.13743836517096 181.97794771194458 1513.9313406502079 97.257232973177452 168.27016047530924 1499.5666656300309 75.325562389010884 136.40125863306457 382.62810958339833 734.19565581390634 19.728244304656982 129.12094486746355 1216.2033183701715 86.74081545840636 4765.5855659246736 21.005982408532873 20.427154287157464 92.241887629032135 71.783296592126135 128.88132856006268 36.480897827896115 20.33319894271699 404.50643786045839 71.017998095601797 48.252380130812526 52.384555076947436 128.79709169896159 655.27561378122482
leaf_count=189566 151 5222 2013 39 7397 1873 4095 10405 3933 4061 405 7955 3 470 8089 2409 54580 628 974 3 592 207 537 38 1715 58 312 399 474 7268
internal_value=0.000718428 0.000289963 -6.97829e-05 0.000104018 0.00308659 0.0072316 0.00823372 0.00335382 0.00742944 0.000513716 0.00953235 -0.00565117 0.00119345 -0.0228958 0.0126981 -0.0354172 -0.000700351 0.0148551 0.00971873 0.01148 0.00700706 -0.0265585 -0.00998612 -0.0270485 0.00430613 -0.00805055 -0.0187926 -0.0401572 0.00571018 0.0136297
internal_weight=69476.4 58832 56283.2 55916.3 10644.3 5081.9 2548.87 1743.16 1574.89 2279.99 925.731 1354.25 969.462 384.793 2801.92 106.469 5562.42 808.141 796.837 776.409 1585.71 366.884 165.362 117.59 425.512 248.391 177.373 201.522 862.993 747.518
internal_count=315871 216416 192761 189605 99455 36479 23655 18433 14338 20401 4659 15742 10841 4901 16078 2412 62976 2748 8396 7422 7989 3156 744 1911 2343 840 782 2412 8429 7271
is_linear=0
shrinkage=0.03


Tree=145
num_leaves=31
num_cat=0
split_feature=5 5 5 5 5 5 1 5 5 5 6 3 6 1 3 10 10 1 5 5 8 8 0 5 5 8 4 8 7 0
split_gain=104.363 178.969 155.66 141.093 173.816 147.349 282.335 172.266 136.333 132.114 103.175 75.6917 75.1264 66.017 94.2262 62.9285 63.6147 59.8519 57.1182 307.541 229.331 215.776 251.625 208.724 387.252 266.961 304.788 148.378 90.6515 112.878
threshold=161.00000000000003 114.50000000000001 119.50000000000001 120.50000000000001 129.50000000000003 154.00000000000003 1.0000000180025095e-35 151.50000000000003 162.50000000000003 169.50000000000003 4.5000000000000009 1.0000000180025095e-35 1.5000000000000002 4.5000000000000009 4.5000000000000009 0.87500000000000011 0.70833333333333337 1.5000000000000002 99.500000000000014 95.500000000000014 0.093073593073593086 0.072751322751322761 3.5000000000000004 105.50000000000001 100.50000000000001 0.83333333333333337 1.0000000180025095e-35 0.013259684697884312 2.5000000000000004 6.5000000000000009
decision_type=2 2 2 2 2 2 2 2 2 2 2 2 2 2 2 2 2 2 2 2 2 2 2 2 2 2 2 2 2 2
left_child=1 18 -3 10 -5 6 -6 11 12 -10 13 -8 15 14 -4 16 -2 -13 19 -1 21 22 -20 24 -22 -25 -27 28 -24 -30
right_child=8 2 3 4 5 -7 7 -9 9 -11 -12 17 -14 -15 -16 -17 -18 -19 20 -21 23 -23 27 25 -26 26 -28 -29 29 -31
leaf_value=0.00045599067980680181 -0.0071145664600755177 0.032384578814670745 0.0025521793422241244 0.03290882121299691 -0.035110377221803164 0.039093184209669347 0.014028159740563892 -0.053637544253759065 0.030911672875656784 -0.0024051519830789541 -0.066550544680657298 -0.082295474799647661 -0.043853803657489719 0.033740826792955328 -0.057362662715931989 -0.055316587489159068 0.010831924119812771 0.021468468326339418 -0.037072977425530493 0.031680556958159037 -0.013174276062089764 0.034024629957385186 0.022164834755764785 -0.058028357558295544 0.030529529807020474 -0.031169446261736775 0.0089603471912795603 -0.051455053037122805 -0.015040974886025179 0.014853092094477207
leaf_weight=61200.674721293472 2771.5033059821308 247.73152590449718 67.26689438521862 240.78479468822479 162.99650535701767 99.099469646811485 648.63992554209835 37.786502903541987 177.22215328365564 270.79382985298798 33.432822562754154 13.341747290585772 48.860577163313792 27.571919083595276 36.410670894081704 23.436058118699293 189.94589709389766 8.0045535845783888 137.20662903986522 285.21428397484124 628.94474479289784 211.27820078562945 312.34039388643578 147.40474780208024 257.04867839813232 388.20554363337578 303.50856396334711 37.439210880475002 209.16848178449436 249.01566606573761
leaf_count=243735 25104 37 102 31 4089 7 6037 1297 54 6836 168 946 1487 2 446 664 954 83 2778 63 4132 168 546 2848 69 8967 491 815 2974 300
internal_value=0.000388371 0.000655455 0.0104941 0.00655106 0.010095 0.00443109 0.000486306 0.00868404 -0.00467371 0.010774 -0.0195018 0.0121989 -0.006955 -0.00751726 -0.0184894 -0.00635099 -0.00596349 -0.0433855 0.000407367 0.000600832 -0.00372072 0.00661603 0.000489259 -0.0106501 -0.000494717 -0.0213727 -0.0135614 0.006868 0.00970187 0.00120597
internal_weight=69472.3 65990.5 1623.07 1375.34 1210.65 969.869 870.769 707.773 3481.76 448.016 164.682 669.986 3033.75 131.249 103.678 2984.89 2961.45 21.3463 64367.4 61485.9 2881.56 1156.45 945.17 1725.11 885.993 839.119 691.714 807.964 770.525 458.184
internal_count=316230 281131 13245 13208 12490 12459 12452 8363 35099 6890 718 7066 28209 550 548 26722 26058 1029 267886 243798 24088 7581 7413 16507 4201 12306 9458 4635 3820 3274
is_linear=0
shrinkage=0.03


Tree=146
num_leaves=31
num_cat=0
split_feature=1 0 8 0 2 2 8 8 10 4 8 2 8 10 4 2 2 2 8 10 8 2 10 4 8 8 0 2 3 4
split_gain=313.631 180.143 714.342 242.572 132.731 115.07 107.563 102.32 124.093 126.639 129.454 146.661 187.703 91.1435 81.2561 77.4616 58.5797 57.0558 62.0979 56.2254 54.3032 214.387 179.381 58.4402 54.5334 90.8745 155.061 49.5611 48.0093 68.2751
threshold=1.0000000180025095e-35 1.5000000000000002 0.36666666666666675 2.5000000000000004 1.0000000180025095e-35 2.5000000000000004 0.83333333333333337 0.83333333333333337 0.29166666666666669 4.5000000000000009 0.12132352941176472 2.5000000000000004 0.45000000000000007 0.58333333333333337 9.5000000000000018 1.5000000000000002 4.5000000000000009 1.0000000180025095e-35 0.04819976771196284 0.87500000000000011 0.2678571428571429 1.0000000180025095e-35 0.41666666666666669 1.5000000000000002 0.23611111111111113 0.11437908496732027 2.5000000000000004 1.0000000180025095e-35 3.5000000000000004 2.5000000000000004
decision_type=2 2 2 2 2 2 2 2 2 2 2 2 2 2 2 2 2 2 2 2 2 2 2 2 2 2 2 2 2 2
left_child=1 7 5 4 -4 13 -6 8 9 10 17 12 -12 20 16 -5 19 18 -1 -9 21 24 -22 -24 25 -3 -27 -14 29 -18
right_child=-2 2 3 15 6 -7 -8 14 -10 -11 11 -13 27 -15 -16 -17 28 -19 -20 -21 22 -23 23 -25 -26 26 -28 -29 -30 -31
leaf_value=-0.00020295681767529047 0.0054633982697087817 0.026104948303267071 -0.026201057333065551 0.018574353403652103 -0.040036242768612777 0.018845128582337865 -0.078675377546571695 0.0032412927001719267 -0.029551147130887259 0.041230037458629624 -0.050342319607874532 0.019866907084482844 0.0035395855493515339 -0.051507368579504928 -0.043112927425170915 -0.048225655936343606 -0.025544573125357357 0.023058503981329741 0.022522543154093074 -0.041476550721801578 -0.012977368387760781 -0.026713587293675192 0.043693077111997311 0.0089902863181999561 0.044401220626497546 -0.086674600451783712 0.028123767665864476 -0.036302770687471432 0.024509827805071754 0.023959399882499659
leaf_weight=47466.87191720691 10841.014365214651 151.72548799941706 418.05801960534882 104.23407003475313 202.5312138559384 362.95564257624574 95.37556630801555 7508.6886433954351 129.90590491455805 66.34099443534069 152.13483753352193 77.552826590464974 137.10961795470212 30.739445788054581 33.632665687262488 18.378072498981055 49.975196940824389 95.515991478576325 108.46345303487033 25.390960535034537 532.22231762550655 103.77235821193244 65.526889716275036 130.96051246541901 81.852377897361293 19.208825027046259 23.599298235378228 35.342206990637351 210.68711119797081 50.322305977344513
leaf_count=104395 99235 908 14463 1076 3899 1047 2556 68871 2043 82 3546 306 2863 803 1377 286 217 195 554 107 4589 921 23 313 244 568 36 261 90 21
internal_value=0.000776642 -9.20538e-05 -0.00824558 -0.0304278 -0.037105 0.00413428 -0.0524067 0.000247915 -0.000269485 -0.000190467 -0.000247627 -0.0171975 -0.0260532 -0.000551002 0.00341779 0.00856184 0.00361727 -0.000104642 -0.000151147 0.00309059 0.000861583 0.0100531 -0.00393353 0.0205634 0.0238576 0.0152137 -0.0233885 -0.00462569 0.016377 -0.000706925
internal_weight=69330.1 58489.1 2341.14 838.577 715.965 1502.56 297.907 56147.9 48269.2 48139.3 48073 402.139 324.587 1139.61 7878.7 122.612 7845.06 47670.9 47575.3 7534.08 1108.87 380.158 728.71 196.487 276.386 194.534 42.8081 172.452 310.985 100.298
internal_count=315895 216660 31732 22280 20918 9452 6455 184928 114245 112202 112120 6976 6670 8405 70683 1362 69306 105144 104949 68978 7602 2677 4925 336 1756 1512 604 3124 328 238
is_linear=0
shrinkage=0.03


Tree=147
num_leaves=31
num_cat=0
split_feature=1 2 0 5 2 5 5 3 5 5 4 2 10 5 5 10 3 0 5 5 5 5 5 5 2 4 3 5 5 10
split_gain=275.167 116.964 84.9662 178.962 188.232 408.176 170.695 193.06 186.031 139.564 142.893 122.705 122.109 108.551 108.282 95.8765 93.6697 93.2705 115.264 87.2577 233.606 204.092 119.688 102.046 84.8983 84.9155 178.104 129.8 104.838 103.03
threshold=1.0000000180025095e-35 8.5000000000000018 1.5000000000000002 114.50000000000001 1.0000000180025095e-35 129.50000000000003 162.50000000000003 5.5000000000000009 161.00000000000003 105.50000000000001 14.500000000000002 1.5000000000000002 0.29166666666666669 100.50000000000001 23.000000000000004 1.0000000180025095e-35 14.500000000000002 3.5000000000000004 120.50000000000001 1.0000000180025095e-35 8.5000000000000018 9.5000000000000018 71.500000000000014 84.000000000000014 8.5000000000000018 3.5000000000000004 2.5000000000000004 23.000000000000004 99.500000000000014 0.41666666666666669
decision_type=2 2 2 2 2 2 2 2 2 2 2 2 2 2 2 2 2 2 2 2 2 2 2 2 2 2 2 2 2 2
left_child=1 -1 3 11 -5 -6 7 8 -7 13 16 12 19 15 -13 -4 17 18 -11 -2 -21 -22 -23 -24 25 26 27 -17 -29 -27
right_child=2 -3 9 4 5 6 -8 -9 -10 10 -12 14 -14 -15 -16 24 -18 -19 -20 20 21 22 23 -25 -26 29 -28 28 -30 -31
leaf_value=-0.00055682711431355697 -0.045698173141159162 -0.04359244268423304 0.014828951394500538 0.01150920512717322 0.030494529546474476 -0.099375298460739531 -0.016238805784337326 -0.045304534480568932 -0.27271169181744087 -0.02220135853023433 0.016884744859524261 0.015054480010863177 -0.035295797074656902 0.041205746398350687 -0.0028330877319136067 0.02056004254259209 -0.065867770427320074 0.0070991062721021177 -0.00050636814481995159 0.036632445985970159 -0.18410507385084265 -0.015962189163959438 0.04124967812023269 -0.002044638892074427 -0.044803824607592906 -0.055232139698756254 -0.042403944322392993 -0.049520924111857878 0.019728949065332239 0.014954784382669652
leaf_weight=58222.913863988259 44.807023882865906 56.893382809306786 1764.1225674865927 1950.2570319240913 64.243729591369629 13.655680621945066 28.946537820971571 21.599201569397337 9.4141038820089307 307.1976960907341 464.15447677417978 594.57378655896173 119.78451265799595 109.65966488467529 624.45869398665673 177.23474125540815 20.26473010888003 753.20291159375483 780.08292888912729 123.92438173294067 5.7570105493068686 653.5627394686162 50.708797454833984 1452.1839441524717 32.467896420130273 19.558222523482982 92.902709921763744 54.433131316414801 30.812855781987309 500.91389459412676
leaf_count=214015 223 2411 11546 16522 16 194 341 654 592 4582 1256 699 612 16 1975 173 110 4391 9921 7 43 16542 1 24759 417 185 619 508 34 2569
internal_value=0.000218296 -0.000598839 0.00460145 0.00210292 0.00911444 -0.0247636 -0.0729869 -0.109761 -0.170109 0.0074184 0.00199328 -0.00188667 -0.00575563 0.011952 0.00589144 0.0107516 -0.00172132 -0.00101503 -0.00663602 -0.0042376 -0.00342499 -0.00572083 -0.00524461 -0.000583854 0.00283266 0.00459854 -0.00670589 0.00592912 -0.02449 0.0123173
internal_weight=69144.7 58279.8 10864.9 5757.88 2088.12 137.859 73.6155 44.669 23.0698 5107.01 2324.9 3669.76 2450.73 2782.11 1219.03 2672.45 1860.75 1840.48 1087.28 2330.94 2286.14 2162.21 2156.46 1502.89 908.323 875.856 355.383 262.481 85.246 520.472
internal_count=315933 216426 99507 63180 18319 1797 1781 1440 786 36327 20260 44861 42187 16067 2674 16051 19004 18894 14503 41575 41352 41345 41302 24760 4505 4088 1334 715 542 2754
is_linear=0
shrinkage=0.03


Tree=148
num_leaves=31
num_cat=0
split_feature=4 4 4 1 3 8 1 4 8 10 0 10 3 8 8 4 1 9 0 0 8 1 11 8 3 8 8 4 1 8
split_gain=64.14 99.9479 82.6335 117.578 59.5323 88.3448 144.412 87.8335 57.6474 87.9435 72.5617 55.8929 46.9156 65.758 110.416 46.8173 44.9803 40.9851 40.1537 37.405 78.8883 58.6628 53.4566 52.6856 123.632 37.1305 136.534 36.1788 33.0695 30.4677
threshold=23.500000000000004 15.500000000000002 10.500000000000002 5.5000000000000009 4.5000000000000009 0.072751322751322761 2.5000000000000004 8.5000000000000018 0.36666666666666675 0.41666666666666669 2.5000000000000004 0.58333333333333337 3.5000000000000004 0.83333333333333337 0.093073593073593086 3.5000000000000004 1.0000000180025095e-35 3.5000000000000004 1.5000000000000002 3.5000000000000004 0.010544848035581913 1.5000000000000002 1.0000000180025095e-35 0.0076408856713324489 1.0000000180025095e-35 0.30952380952380959 0.10263157894736843 14.500000000000002 1.0000000180025095e-35 0.83333333333333337
decision_type=2 2 2 2 2 2 2 2 2 2 2 2 2 2 2 2 2 2 2 2 2 2 2 2 2 2 2 2 2 2
left_child=1 2 4 11 12 6 -6 -8 25 16 -11 -4 19 14 -14 -15 -10 18 -3 -1 21 -21 -22 24 -23 26 -7 -13 -16 -12
right_child=-2 17 3 -5 5 8 7 -9 9 10 29 27 13 15 28 -17 -18 -19 -20 20 22 23 -24 -25 -26 -27 -28 -29 -30 -31
leaf_value=0.00052445765298247146 -0.037323351098863783 -0.031349668836598704 -0.0026072887364215168 0.017182879188601934 -0.053208233599492047 0.017227339649381404 -0.0210631710827094 0.016513609504684879 -0.055524277782568181 0.0037078207180140004 0.010570019034939057 -0.054837496565645218 0.0070172980996576527 -0.014865067436535696 -0.044082027582213093 0.0051313265471814766 -0.0085589361100310308 -0.041323325413284061 0.019122263715550893 0.041873496581293156 -0.041214625806201478 -0.051075996956046407 0.030762324691799063 0.020203514632428202 0.016598384177805479 0.018774546414113979 -0.053781744256947733 -0.018662833409189887 -0.019984503720900916 0.03913568608767138
leaf_weight=65026.970771003747 39.974563047173433 14.742393067901501 42.772855936329506 61.603814110159874 57.147707555649504 108.2073048286984 99.254140382414334 128.41712745279074 30.410744413115026 1409.1428687845637 59.823519458876945 75.372851010257364 111.38584140693638 142.61165507393889 86.964244892646093 403.6007576683769 46.288732151413569 11.067930113524197 376.07021047561102 61.236704874783754 39.783823399804533 37.28547222999623 12.114442825317381 160.29119112499757 69.736208591610193 488.82133733368755 31.454028098152776 37.144215647665987 124.81579142912597 76.673328256700188
leaf_count=290204 2093 2555 204 40 651 302 252 110 286 6089 277 818 242 385 846 643 212 74 2123 84 1265 1749 2 878 49 1557 599 168 773 268
internal_value=0.000666608 0.00068848 0.000601632 -0.0178865 0.000659905 0.0051712 -0.0105706 0.000131872 0.00716316 0.00417492 0.00573086 -0.0317986 0.000487311 -0.00643591 -0.0171624 -8.95706e-05 -0.0271803 0.0156061 0.0172183 0.000579332 0.00995866 0.0153881 -0.0244133 0.00932077 -0.00697881 0.0148769 0.00123493 -0.0428955 -0.0298798 0.026616
internal_weight=69471.2 69431.2 69029.3 216.894 68812.4 2535.64 284.819 227.671 2250.82 1622.34 1545.64 155.29 66276.8 869.378 323.166 546.212 76.6995 401.881 390.813 65407.4 380.448 328.55 51.8983 267.313 107.022 628.483 139.661 112.517 211.78 136.497
internal_count=315798 313705 308953 1230 307723 10603 1013 362 9590 7132 6634 1190 297120 2889 1861 1028 498 4752 4678 294231 4027 2760 1267 2676 1798 2458 901 986 1619 545
is_linear=0
shrinkage=0.03


Tree=149
num_leaves=31
num_cat=0
split_feature=1 3 5 8 5 8 8 8 2 5 3 2 2 2 5 10 5 5 8 3 3 6 2 7 2 3 2 8 5 5
split_gain=112.738 105.224 90.5118 237.583 162.844 127.528 105.117 149.035 92.4349 258.286 134.204 96.332 92.0517 121.326 145.158 218.092 488.678 189.841 121.629 124.869 96.0183 85.562 127.359 82.7367 82.0058 147.316 81.107 79.5936 77.191 240.777
threshold=1.0000000180025095e-35 11.500000000000002 105.50000000000001 0.21111111111111114 109.00000000000001 0.83333333333333337 0.0061412551543799663 0.0072529524711328558 1.0000000180025095e-35 93.500000000000014 1.0000000180025095e-35 4.5000000000000009 1.0000000180025095e-35 2.5000000000000004 151.50000000000003 0.70833333333333337 162.50000000000003 114.50000000000001 0.085144927536231887 1.5000000000000002 3.5000000000000004 1.5000000000000002 1.5000000000000002 3.5000000000000004 2.5000000000000004 3.5000000000000004 11.500000000000002 0.83333333333333337 29.500000000000004 23.000000000000004
decision_type=2 2 2 2 2 2 2 2 2 2 2 2 2 2 2 2 2 2 2 2 2 2 2 2 2 2 2 2 2 2
left_child=1 -1 3 -2 -4 8 -6 -8 9 -5 -10 24 23 14 17 16 21 18 -14 -20 -17 22 -16 -9 -12 -26 -15 -21 29 -7
right_child=2 -3 4 5 6 28 7 12 10 -11 11 -13 13 26 15 20 -18 -19 19 27 -22 -23 -24 -25 25 -27 -28 -29 -30 -31
leaf_value=-0.00028806971493587928 -0.028426473785446767 -0.047769574523472733 -0.041148285034732897 -0.038959693620577322 0.01178118170000984 0.0027462163969441851 -0.051919536138659482 0.0036793881348080319 0.025166403195056357 0.011100018157408319 0.0084645002040278101 0.027439613478035571 0.015078937840959886 0.0022490108677446505 -0.095327428503914582 0.026728250032986036 -0.0073999549354006235 0.024118014982185548 -0.080431901979714074 -0.058043921330688392 -0.04592028678850029 -0.039942678177519376 -0.18654046555205714 -0.049432639678376286 0.0060257054614046811 -0.055019110002844172 -0.047568010849377923 -0.0001305809863603311 0.0062941322590603331 -0.032435762419274754
leaf_weight=58401.333658528194 180.4071405984032 42.035951042256784 85.426590089686215 113.97698057442904 654.53351216251031 1064.4309843461961 51.480749519658275 2358.8212223780574 730.83454176649684 498.34463401127141 700.27741541681462 195.29151261292282 54.903817567974329 843.52317352906721 41.906185966403427 57.271423759259051 90.62831483501941 129.16324585419352 42.624066604825202 31.583480438217521 22.928730944544441 12.717836534804517 20.524997627391713 26.695758334884886 100.33117650984786 55.128541763071553 30.476103841327131 65.969871174995205 2131.0031030686805 209.53593611557881
leaf_count=212927 3057 3644 532 3633 3379 12329 750 30143 648 3560 2469 145 52 3799 653 45 241 724 226 168 658 313 642 1215 182 506 223 171 22997 6048
internal_value=0.000194068 -0.000322221 0.00304044 0.0054774 -0.000112848 0.00653212 0.000660016 -0.00121547 0.0118375 0.00178195 0.0152931 0.00842761 -0.000533889 -0.00651149 -0.0172765 -0.0346548 -0.0543028 -0.00409298 -0.0227715 -0.0375965 0.00595848 -0.110867 -0.125315 0.00308502 0.0040888 -0.0156218 0.000511906 -0.0188804 0.00280164 -0.00304035
internal_weight=69044.1 58443.4 10600.7 5979.56 4621.18 5799.15 4535.75 3881.22 2394.18 612.322 1781.86 1051.03 3829.74 1444.22 570.222 245.977 165.777 324.244 195.081 140.177 80.2002 75.149 62.4312 2385.52 855.737 155.46 873.999 97.5534 3404.97 1273.97
internal_count=316079 216571 99508 55574 43934 52517 43402 40023 11143 7193 3950 3302 39273 7915 3893 2552 1849 1341 617 565 703 1608 1295 31358 3157 688 4022 339 41374 18377
is_linear=0
shrinkage=0.03


Tree=150
num_leaves=31
num_cat=0
split_feature=2 5 5 5 5 5 5 1 10 2 1 3 1 4 9 3 2 5 5 5 5 10 5 10 2 5 5 6 1 5
split_gain=80.7673 87.3251 366.099 177.518 176.216 99.8895 444.519 128.984 106.819 199.006 98.8102 98.2354 71.9128 69.6298 80.3252 78.3951 118.459 94.3068 83.1739 86.2057 95.3028 87.078 65.3238 80.7358 77.3296 62.4358 301.5 234.75 93.8013 346.738
threshold=11.500000000000002 91.500000000000014 89.000000000000014 30.500000000000004 94.500000000000014 27.500000000000004 10.500000000000002 1.0000000180025095e-35 0.58333333333333337 3.5000000000000004 1.0000000180025095e-35 4.5000000000000009 1.5000000000000002 11.500000000000002 3.5000000000000004 6.5000000000000009 5.5000000000000009 162.50000000000003 169.50000000000003 170.50000000000003 185.00000000000003 0.41666666666666669 29.500000000000004 0.87500000000000011 1.0000000180025095e-35 8.5000000000000018 1.0000000180025095e-35 1.0000000180025095e-35 1.0000000180025095e-35 9.5000000000000018
decision_type=2 2 2 2 2 2 2 2 2 2 2 2 2 2 2 2 2 2 2 2 2 2 2 2 2 2 2 2 2 2
left_child=1 2 3 5 -3 6 8 -7 12 10 11 -10 25 15 -15 17 -17 -6 -19 21 -21 -20 23 24 -9 26 27 -1 -27 -30
right_child=-2 4 -4 -5 13 7 -8 22 9 -11 -12 -13 -14 14 -16 16 -18 18 19 20 -22 -23 -24 -25 -26 28 -28 -29 29 -31
leaf_value=0.00084709016892023522 -0.031264540706067705 0.033447758573873297 -0.037771876986270263 0.022057113913797534 0.0023575347937183264 -0.0030577443138371679 0.026909873872161028 -0.030900826811272541 0.0024566818345145851 0.010529720505023085 -0.072431736907853261 -0.068176016540156897 0.024330144019685574 0.014690760738269857 -0.05249456387223949 -0.025048189387223384 0.0063423424576380134 0.031186631003537604 -0.038869684328631533 0.032330960154908522 -0.03315891114405304 0.011268089451194792 0.022614575514509995 0.020986066345451134 -0.0877574336174783 -0.0086433044323468242 0.036097512794521135 -0.04979428888266315 -0.10862320566170293 0.004021795392100333
leaf_weight=48087.803438305855 69.249234230257571 171.67254892364144 222.755499435807 350.18710898904828 12690.6441648902 2330.4158978453488 585.31061576038337 157.12600257399026 52.93312117352616 113.88661935966229 58.967504669475602 26.640313493917347 115.78304164530709 585.61386115221467 16.46601546369493 227.51360851876962 206.30907309555914 193.01869469881058 60.078231096966192 118.55963563919067 24.056463579821866 64.804729048162699 21.803189785219729 22.977667072744225 24.947366486951069 1556.2573199685576 218.28820065408945 82.524216502904892 25.036386914318427 1390.187516947859
leaf_count=103757 398 12 4358 750 119017 25664 1822 6105 120 566 501 498 205 5025 97 3457 341 58 754 16 5027 61 53 260 399 21187 16 384 318 15006
internal_value=0.00111839 0.00115052 0.000610528 0.000765359 0.0032356 0.000629474 0.000912477 -0.00515987 0.000618314 -0.0188494 -0.0430004 -0.0211904 0.00071378 0.00287002 0.0128533 0.00242756 -0.0101201 0.00284148 0.0161776 0.00534755 0.0212841 -0.012852 -0.0267544 -0.0320039 -0.0386912 0.000660541 0.000919744 0.000760333 -0.00356041 0.00202902
internal_weight=69871.8 69802.6 55443.8 55221.1 14358.7 54870.9 52313.6 2557.27 51728.3 252.428 138.541 79.5734 51475.9 14187.1 602.08 13585 433.823 13151.2 460.518 267.499 142.616 124.883 226.854 205.051 182.073 51360.1 48388.6 48170.3 2971.48 1415.22
internal_count=316232 315834 181969 177611 133865 176861 144380 32481 142558 1685 1119 618 140873 133853 5122 128731 3798 124933 5916 5858 5043 815 6817 6764 6504 140668 104157 104141 36511 15324
is_linear=0
shrinkage=0.03


Tree=151
num_leaves=31
num_cat=0
split_feature=1 6 0 3 8 3 8 3 10 0 3 4 8 8 8 3 8 10 8 8 8 1 8 1 7 8 8 8 6 4
split_gain=84.5515 169.29 132.788 112.935 79.3261 120.055 77.8386 67.9017 63.7606 115.426 87.3525 59.9543 94.2029 55.6019 44.5498 40.5683 118.035 87.8114 85.8782 120.245 101.299 64.3162 143.306 59.7973 150.706 53.8587 51.1541 48.7467 80.4884 62.3201
threshold=1.0000000180025095e-35 1.5000000000000002 1.5000000000000002 9.5000000000000018 0.45000000000000007 3.5000000000000004 0.085144927536231887 11.500000000000002 0.58333333333333337 1.5000000000000002 4.5000000000000009 1.0000000180025095e-35 0.093073593073593086 0.30952380952380959 0.45000000000000007 4.5000000000000009 0.0049566371029162474 1.0000000180025095e-35 0.30952380952380959 0.0057007138756188193 0.0072529524711328558 3.5000000000000004 0.0048115508087418204 5.5000000000000009 3.5000000000000004 0.0057664597650188441 0.012760529743812419 0.0082730181544410815 1.5000000000000002 12.500000000000002
decision_type=2 2 2 2 2 2 2 2 2 2 2 2 2 2 2 2 2 2 2 2 2 2 2 2 2 2 2 2 2 2
left_child=1 3 4 8 5 6 -2 -6 10 -10 -1 12 -8 -14 -12 16 -4 -18 19 21 -21 22 -17 24 27 -19 -27 -22 -29 -30
right_child=2 -3 15 -5 7 -7 11 -9 9 -11 14 -13 13 -15 -16 18 17 25 -20 20 23 -23 -24 -25 -26 26 -28 28 29 -31
leaf_value=0.00038193146592762543 -0.039698151109824872 -0.031276081930428634 -0.042547982754582797 -0.038599822678684947 -0.0009109611124288908 -0.050177796872722065 0.038388294754678809 -0.052325869995084595 -0.0033936623068730209 -0.039667465430309391 0.021723829470738344 0.031054317104848201 -0.034000960029377934 0.0059964020455535224 0.0058174187701026401 -0.036619704844952576 0.0084067733487330765 0.024644765473801088 0.017089956813466509 -0.051285542144101276 0.019365303798537178 0.024920139718576463 0.021603447818999876 0.017109595025862498 -0.061751289199986903 -0.043734150393079783 -0.0032231856566684613 0.012062501847272332 -0.059972794408208643 -0.0060354104392998679
leaf_weight=57288.486745118658 22.881698112656522 152.49065972422977 46.697305881505599 66.837740124821721 5038.1143767630911 27.347303629325324 74.382231347262859 23.224286257798667 444.34591391399226 96.01084239784177 229.72480147001079 173.18890378254582 37.21458027108747 196.15867189908749 510.89339239259971 59.423070876306156 2445.0940112404642 60.616104684770107 868.22339628002374 43.277952035539784 75.287256801500916 243.00751550495625 105.76330459816381 99.474531661719084 42.78426392795518 29.084825863130391 790.66243760260113 74.667386965938931 36.658844598638098 40.665897521350416
leaf_count=203043 923 4337 1961 4032 56446 672 91 1497 1168 1920 613 234 966 1988 1491 311 24369 25 4424 211 57 145 92 85 281 94 3438 420 299 199
internal_value=0.000737815 0.000292184 0.00319683 0.000374281 1.05926e-05 0.0110397 0.0143625 -0.00114688 0.000418757 -0.00983881 0.000514274 0.0169346 0.0089887 -0.000381728 0.0107513 0.00671742 0.00481647 0.00548158 0.0105122 0.00355623 -0.00786035 0.0151021 0.00065863 -0.00277467 -0.0100988 -0.00264275 -0.00466052 -0.000375453 -0.0101538 -0.0316066
internal_weight=69442.7 58788.8 10653.9 58636.3 5592.51 531.173 503.826 5061.34 58569.5 540.357 58029.1 480.944 307.755 233.373 740.618 5061.39 3372.15 3325.46 1689.23 821.01 412.816 408.194 165.186 369.538 270.064 880.363 819.747 227.279 151.992 77.3247
internal_count=315832 216604 99228 212267 62817 4874 4202 57943 208235 3088 205147 3279 3045 2954 2104 36411 29887 27926 6524 2100 1552 548 403 1341 1256 3557 3532 975 918 498
is_linear=0
shrinkage=0.03


Tree=152
num_leaves=31
num_cat=0
split_feature=5 5 2 4 2 5 5 5 0 0 8 8 8 8 1 6 1 5 5 8 1 2 8 3 5 0 3 8 6 5
split_gain=276.294 346.294 166.266 119.435 173.992 129.478 132.271 100.192 98.073 92.7921 71.5726 70.3111 108.666 75.6585 81.3791 67.3744 84.7603 66.1168 125.761 155.936 116.961 66.0897 71.9261 153.311 102.652 90.805 143.901 102.302 84.0695 74.7544
threshold=10.500000000000002 23.000000000000004 1.0000000180025095e-35 2.5000000000000004 1.5000000000000002 95.500000000000014 99.500000000000014 29.500000000000004 1.5000000000000002 2.5000000000000004 0.23611111111111113 0.10263157894736843 0.23611111111111113 0.2678571428571429 1.0000000180025095e-35 1.5000000000000002 1.5000000000000002 162.50000000000003 151.50000000000003 0.83333333333333337 1.0000000180025095e-35 5.5000000000000009 0.58333333333333337 1.5000000000000002 103.50000000000001 1.5000000000000002 1.0000000180025095e-35 0.45000000000000007 1.5000000000000002 102.50000000000001
decision_type=2 2 2 2 2 2 2 2 2 2 2 2 2 2 2 2 2 2 2 2 2 2 2 2 2 2 2 2 2 2
left_child=9 -2 11 4 5 8 -7 -6 -4 15 -11 -3 -13 14 -14 16 -1 18 19 -8 -20 22 23 25 -25 -9 27 29 -24 -27
right_child=1 2 3 -5 7 6 17 21 -10 10 -12 12 13 -15 -16 -17 -18 -19 20 -21 -22 -23 28 24 -26 26 -28 -29 -30 -31
leaf_value=-0.00048782323502856938 0.030469933207690803 0.015788105508308073 -0.017824233005192643 0.003449257110571321 -0.025227512516535284 0.030589049226956037 -0.030564340168669935 0.02970976207015074 -0.049460719812083671 0.031761170355831231 0.0027723740933568507 -0.038187057096581566 0.041798122552543462 0.0051383662465746749 -0.037559478528114511 0.017739003761026217 0.037272734474424064 0.011636365335806503 -0.010667881633355808 0.010860791945073028 -0.088817099482269693 -0.034949885890404347 -0.00039423879596388539 -0.050964632028280797 0.0024857104475191931 -0.062476219669331291 0.021293060507169625 0.0068848700490821441 -0.035846168137963458 -0.009554447579047446
leaf_weight=50511.407815968094 434.92882104870296 595.76867126679281 277.26593263051473 3881.931473426901 132.74157806731091 77.970238924026489 157.02718538357294 235.00272678170586 129.32254102616571 142.06635301187634 166.47653220911161 51.736277371514007 87.49076786020305 9795.426443171571 13.412910943734458 183.9926275156613 53.557241022586823 90.5851193331182 31.518187487330579 170.67104523885064 38.036148958766717 43.6618479390836 1258.1532178887282 57.407153740059584 74.051300100429216 44.876829818356782 284.33609818742843 126.08300066257652 63.225914170325268 51.692440886283293
leaf_count=140632 144 8644 700 20402 816 20 665 336 992 86 710 1946 419 131116 461 1061 43 120 228 211 591 1609 1684 355 417 224 379 412 499 261
internal_value=0.000849234 0.00402247 0.00337514 -0.000130363 -0.00428628 -0.0149729 -0.00569307 9.61096e-05 -0.0278868 -0.000282169 0.0161201 0.00577741 0.00517789 0.0054046 0.0312493 -0.000381891 -0.000447828 -0.011492 -0.0167659 -0.0089894 -0.0534042 0.00159779 0.00232484 0.00900457 -0.0208557 0.0142949 0.00714972 -0.0109119 -0.00209056 -0.0341478
internal_weight=69261.8 18204.3 17769.4 7225.56 3343.63 972.396 565.808 2371.23 406.588 51057.5 308.543 10543.8 9948.07 9896.33 100.904 50749 50565 487.838 397.253 327.698 69.5543 2238.49 2194.83 873.45 131.458 741.991 506.988 222.652 1321.38 96.5693
internal_count=316183 173651 173507 30921 10519 3527 1835 6992 1692 142532 796 142586 133942 131996 880 141736 140675 1815 1695 876 819 6176 4567 2384 772 1612 1276 897 2183 485
is_linear=0
shrinkage=0.03


Tree=153
num_leaves=31
num_cat=0
split_feature=2 3 3 10 1 2 0 2 10 7 3 11 2 0 6 1 1 9 1 0 3 8 1 8 2 9 8 8 8 8
split_gain=71.2102 138.91 123.399 267.444 86.356 84.2383 81.6143 94.835 72.9144 68.8999 63.9438 75.1189 59.5138 73.0531 116.804 81.9417 114.967 58.063 57.3363 123.947 64.5181 54.6891 154.516 78.8802 214.378 84.1775 46.8275 99.3364 230.789 104.634
threshold=5.5000000000000009 1.5000000000000002 5.5000000000000009 0.87500000000000011 1.0000000180025095e-35 12.500000000000002 1.5000000000000002 3.5000000000000004 0.87500000000000011 1.5000000000000002 24.500000000000004 26.500000000000004 2.5000000000000004 4.5000000000000009 2.5000000000000004 2.5000000000000004 4.5000000000000009 3.5000000000000004 1.0000000180025095e-35 1.5000000000000002 10.500000000000002 0.36666666666666675 1.0000000180025095e-35 0.10818713450292398 4.5000000000000009 1.0000000180025095e-35 0.2678571428571429 0.21111111111111114 0.11437908496732027 0.072751322751322761
decision_type=2 2 2 2 2 2 2 2 2 2 2 2 2 2 2 2 2 2 2 2 2 2 2 2 2 2 2 2 2 2
left_child=2 -2 8 6 -5 10 7 -4 12 -6 17 -12 13 14 26 -15 -17 18 19 20 -3 22 -14 25 -25 -24 27 28 29 -1
right_child=1 5 3 4 9 -7 -8 -9 -10 -11 11 -13 21 15 -16 16 -18 -19 -20 -21 -22 -23 23 24 -26 -27 -28 -29 -30 -31
leaf_value=0.00021287549934412387 -0.043629621221279932 0.015853122518591826 -0.040783488812140431 -0.052146101238637554 0.024777589191721912 -0.043009881420394733 -0.047482251687363954 0.0062111450796864505 -0.039472065941705207 -0.012510571431419303 -0.039644750718671823 0.03225774709925891 0.023246721740239732 0.037826647812624202 -0.046122346175987247 -0.047517535923302275 0.017349415173969727 -0.026969143104011228 0.015935736503574938 -0.038714089099995887 -0.035888572770634668 0.0019997110528081454 0.025636879967891754 -0.074712469518426014 0.032719842319685749 -0.018047744277749633 -0.0015257159725965825 0.020985198609698521 -0.049756124957853455 0.014894469669485549
leaf_weight=48103.229995533373 47.465100387642451 207.18848280707607 76.006527489807922 18.894974732833361 163.8206046671512 27.880130374804139 159.34106594714103 78.625490908394568 41.962094797461759 61.281633901642635 46.453116280048562 18.200397705775686 410.62767821946181 96.636481113324407 49.693073672577157 32.504475896523218 101.0011187549826 34.878410145640373 924.78550099631684 57.687204434252635 24.225108824248309 1778.7702073857799 81.147048266255297 43.887419968028553 27.00176877528429 77.723318416668917 15882.295729583508 209.05041699927824 82.886398698494304 440.89216519922775
leaf_count=108149 1674 243 1495 1147 1143 227 5282 159 225 145 2461 6 441 163 2314 1343 1001 101 2399 1019 893 3435 67 425 11 167 175115 1252 2299 1831
internal_value=8.2433e-05 0.00680738 -5.48758e-05 -0.0141051 0.00945549 0.00859222 -0.0324147 -0.0168882 6.13365e-05 0.0146263 0.00968759 -0.0194037 8.5943e-05 -8.60164e-05 -0.000145969 0.0167862 0.00155632 0.0111938 0.0122903 0.000629096 0.0104366 0.00470617 0.0122237 -0.00747659 -0.0337914 0.00426528 -0.000110667 0.000349531 0.000260817 0.000346218
internal_weight=69406 1388.76 68017.3 557.97 243.997 1341.3 313.973 154.632 67459.3 225.102 1313.42 64.6535 67417.3 64998.2 64768 230.142 133.506 1248.76 1213.89 289.101 231.414 2419.16 640.387 229.76 70.8892 158.87 64718.4 48836.1 48627 48544.1
internal_count=316632 9023 307609 9371 2435 7349 6936 1654 298238 1288 7122 2467 298013 293467 290960 2507 2344 4655 4554 2155 1136 4546 1111 670 436 234 288646 113531 112279 109980
is_linear=0
shrinkage=0.03


Tree=154
num_leaves=31
num_cat=0
split_feature=5 5 5 8 8 5 8 4 5 5 8 8 0 3 4 2 2 5 5 6 6 8 0 2 8 2 3 8 3 0
split_gain=59.5143 257.761 130.672 336.579 340.351 264.924 208.848 190.29 134.412 247.19 122.34 116.363 114.782 104.387 96.9538 83.5325 154.272 81.3121 205.025 144.125 90.1149 79.9348 72.8805 65.0591 90.8397 56.6099 216.697 114.92 91.5026 76.0667
threshold=114.50000000000001 119.50000000000001 105.50000000000001 0.093073593073593086 0.05634920634920635 100.50000000000001 0.83333333333333337 1.5000000000000002 99.500000000000014 95.500000000000014 0.012760529743812419 0.45000000000000007 3.5000000000000004 20.500000000000004 4.5000000000000009 1.5000000000000002 2.5000000000000004 120.50000000000001 129.50000000000003 1.5000000000000002 3.5000000000000004 0.45000000000000007 1.5000000000000002 9.5000000000000018 0.093073593073593086 5.5000000000000009 2.5000000000000004 0.23611111111111113 13.500000000000002 3.5000000000000004
decision_type=2 2 2 2 2 2 2 2 2 2 2 2 2 2 2 2 2 2 2 2 2 2 2 2 2 2 2 2 2 2
left_child=2 -2 5 4 10 8 -5 -8 9 25 12 14 -4 -14 -10 22 -17 20 -19 21 23 -20 -13 24 -3 -1 -27 -28 -29 -30
right_child=1 17 3 6 -6 -7 7 -9 11 -11 -12 15 13 -15 -16 16 -18 18 19 -21 -22 -23 -24 -25 -26 26 27 28 29 -31
leaf_value=0.00024754904333827997 0.032260928211418974 -0.091746897180714257 -0.034045717111279558 -0.0555580473434703 0.035748504064261825 0.030236884347165285 -0.026892850044944745 0.0078111424602515592 -0.049886804867739568 0.030857258367049414 -0.05288992560897026 -0.011070019831501072 0.0054391553357415042 -0.045366038693305376 0.0069842762333692876 0.016629055951295938 -0.035486272121325386 0.032411340312843796 -0.03136320148974258 -0.042957629067409735 -0.050188909800624876 0.0024921304897358087 -0.052104950452742077 0.016934464856341255 0.0079210630442725239 -0.054394070157899543 -0.032337270709556276 0.024959908962809457 -0.044759934840060411 0.032417344744163357
leaf_weight=60323.215257426607 266.98835758585392 14.533183249179272 91.707265312492382 141.24290894993464 230.78336402573041 267.30330188479275 423.4711795807234 214.09130307353917 113.73303186736302 239.72093837894499 47.008524222110282 190.83133985755558 545.96387915874948 38.997491651214659 35.368837337126024 220.43793043925689 66.555615908859181 199.89568519592285 63.669349927933581 65.072634471914171 55.342705849558115 4423.8196677042251 48.944217727672367 59.650168959982693 18.976530078332871 43.138082955458231 40.999506896419916 398.35946557665011 32.976833674638328 17.642833709716797
leaf_count=239738 41 91 2169 2837 99 80 9025 408 1625 64 1109 772 3453 286 66 277 889 26 6492 2775 241 38224 914 71 300 931 613 256 2188 1
internal_value=0.000459041 0.00355541 0.00020812 -0.00791637 0.00402538 0.000435104 -0.0225515 -0.0152394 0.000306144 0.000453331 -0.00609125 -0.012999 -0.00284012 0.00205214 -0.0363963 -0.00637638 0.00454318 0.00199163 0.0026747 0.00136901 -0.0198684 0.00201178 -0.0194463 -0.00185613 -0.035305 0.000333566 0.0100665 0.0157417 0.0201321 -0.0178608
internal_weight=68940.4 5167.95 63772.5 1733.27 954.461 62039.2 778.805 637.562 61771.9 61096.1 723.677 675.871 676.669 584.961 149.102 526.769 286.994 4900.96 4752.46 4552.56 148.503 4487.49 239.776 93.1599 33.5097 60856.3 533.117 489.979 448.979 50.6197
internal_count=316061 48261 267800 19386 7116 248414 12270 9433 248334 243791 7017 4543 5908 3739 1691 2852 1166 48220 47517 47491 703 44716 1686 462 391 243727 3989 3058 2445 2189
is_linear=0
shrinkage=0.03


Tree=155
num_leaves=31
num_cat=0
split_feature=5 5 5 5 2 2 2 4 3 8 5 5 1 8 5 3 2 5 5 2 3 1 5 2 3 5 0 5 5 0
split_gain=157.582 267.328 183.64 125.22 120.93 119.795 91.6873 229.448 171.132 168.733 99.8776 229.674 111.951 269.816 191.792 562.315 434.097 156.247 251.547 516.031 273.412 199.818 169.222 148.355 132.382 115.383 88.3503 84.9661 121.062 171.098
threshold=129.50000000000003 120.50000000000001 162.50000000000003 169.50000000000003 5.5000000000000009 11.500000000000002 5.5000000000000009 2.5000000000000004 5.5000000000000009 0.0026845685952319185 95.500000000000014 99.500000000000014 1.0000000180025095e-35 0.83333333333333337 23.000000000000004 1.0000000180025095e-35 1.5000000000000002 10.500000000000002 23.000000000000004 1.0000000180025095e-35 4.5000000000000009 1.5000000000000002 71.500000000000014 1.5000000000000002 1.0000000180025095e-35 3.0000000000000004 1.5000000000000002 84.000000000000014 91.500000000000014 1.5000000000000002
decision_type=2 2 2 2 2 2 2 2 2 2 2 2 2 2 2 2 2 2 2 2 2 2 2 2 2 2 2 2 2 2
left_child=1 5 4 -4 -2 6 8 -8 10 -10 12 -12 -1 14 25 16 26 21 -19 22 24 23 -20 -15 -21 -14 -16 -24 -29 -30
right_child=2 -3 3 -5 -6 -7 7 -9 9 -11 11 -13 13 17 15 -17 -18 18 19 20 -22 -23 27 -25 -26 -27 -28 28 29 -31
leaf_value=0.000189544945117515 -0.0089488851222845594 0.03260843590930422 0.030846853652322422 -0.00097480622087399134 0.01577631400064845 -0.046272178344573325 -0.043140330123294268 0.012529243215963258 0.027804821433749839 -0.027205376196300726 0.031469230645706663 0.0027401760859717388 -0.042990392559692996 -0.03501149894720914 -0.036786931802605047 -0.053211384135642303 0.032528096506164221 0.030365471270543769 -0.030965846724470617 -0.047695656289430045 -0.0039010071019683684 0.033321576649712158 0.040456931515001147 -0.0072262314782830907 -0.09943706741898202 0.016313558018658317 -0.0055098182476850848 -0.036421989985337931 -0.0042654136237804995 0.022295503266845956
leaf_weight=55319.848214848782 3762.9452731196398 227.82614600658417 190.87042614072561 266.94549951278532 186.87282441604475 50.198320785537362 71.407860594204976 996.53451457857591 58.526300650499252 352.01908574544905 279.41208029538393 2415.703990437949 30.593316279351711 510.82417328073643 99.583214077632874 178.81840395368636 326.60345482628327 156.87120139598846 160.62457596231252 120.95839503407478 92.440017419401556 55.515301831066608 49.000743865966797 261.47414625901729 70.408850035339128 847.10145801305771 442.29979254258797 76.285738941282034 842.28286507725716 294.62398527190089
leaf_count=183030 38694 32 58 6835 1779 380 1416 4554 70 7361 65 21226 174 11714 2096 1194 238 53 5720 345 194 85 1 392 638 3179 3700 620 17216 2487
internal_value=-0.000206583 0.000169077 -0.00569432 0.0122921 -0.00777909 5.3888e-05 9.01616e-05 0.0088069 -5.75019e-05 -0.0193633 6.90465e-05 0.00571862 -0.000184995 -0.00467331 0.00390248 -0.00476627 0.00520841 -0.0108073 -0.0059895 -0.00933121 -0.0462675 -0.0216526 -0.00196359 -0.0256043 -0.0667326 0.0142464 -0.0112577 0.00172719 0.000162898 0.00261772
internal_weight=68795.4 64387.8 4407.63 457.816 3949.82 64160 64109.8 1067.94 63041.8 410.545 62631.3 2695.12 59936.2 4616.31 1925 1047.3 868.486 2691.31 1863.5 1706.63 283.807 827.814 1422.82 772.298 191.367 877.695 541.883 1262.19 1213.19 1136.91
internal_count=315546 268180 47366 6893 40473 268148 267768 5970 261798 7431 254367 21291 233076 50046 10581 7228 6034 39465 27274 27221 1177 12191 26044 12106 983 3353 5796 20324 20323 19703
is_linear=0
shrinkage=0.03


Tree=156
num_leaves=31
num_cat=0
split_feature=5 5 1 0 2 8 6 5 1 5 5 8 8 4 8 8 5 2 8 10 7 8 0 8 2 8 4 8 2 8
split_gain=184.413 384.624 127.718 197.998 125.582 111.941 355.58 123.827 151.451 163.78 189.437 95.37 111.73 92.5997 92.0191 129.851 109.3 99.0406 99.2248 252.184 98.6491 98.1382 97.6358 116.184 89.6665 98.7868 89.2353 85.8954 75.5608 248.656
threshold=10.500000000000002 23.000000000000004 1.0000000180025095e-35 1.5000000000000002 1.0000000180025095e-35 0.36666666666666675 1.5000000000000002 84.000000000000014 1.0000000180025095e-35 99.500000000000014 100.50000000000001 0.10818713450292398 0.83333333333333337 1.0000000180025095e-35 0.0057007138756188193 0.0073597118405373209 115.50000000000001 10.500000000000002 0.093073593073593086 1.0000000180025095e-35 1.0000000180025095e-35 0.072751322751322761 3.5000000000000004 0.0049566371029162474 1.0000000180025095e-35 0.30952380952380959 4.5000000000000009 0.2678571428571429 1.0000000180025095e-35 0.12132352941176472
decision_type=2 2 2 2 2 2 2 2 2 2 2 2 2 2 2 2 2 2 2 2 2 2 2 2 2 2 2 2 2 2
left_child=2 -2 3 -1 -5 7 -7 -3 9 13 26 -4 28 27 22 16 -16 18 21 20 24 -17 23 -10 25 -20 -11 -9 29 -13
right_child=1 5 11 4 -6 6 -8 8 14 10 -12 12 -14 -15 15 17 -18 -19 19 -21 -22 -23 -24 -25 -26 -27 -28 -29 -30 -31
leaf_value=-0.0010836988505333698 0.030447916091573209 -0.031847249759575029 -0.042970731063143253 -0.0060901768218329742 -0.041872014440310239 0.0013208125853051015 -0.034663707370175892 0.026304290776120124 -0.052061298049343667 -0.047915481466224534 0.012795064395867636 0.040058229365261225 -0.00017874781253585529 0.027433179076116282 -0.060051220499346886 0.0022379373569447148 -0.000118604701270536 -0.048401387973136062 -0.03992310181202318 -0.052719518691976663 0.037123012856822825 0.026985959138470982 0.01796129793155464 0.014310322359887039 -0.045141536501985317 0.0062484829825139986 0.0088721638860733924 0.0035905385565321245 0.017293853300249885 -0.044277287105859223
leaf_weight=48048.771873612655 435.52255082130432 74.10824145038805 34.428391092835227 180.12494639400393 173.12022208324925 13546.753244209543 251.73575195692865 226.97735087468755 42.872418567880231 95.026222546672216 219.64401343775899 55.961414027959108 921.66704253126227 616.43677024454882 61.601692159951199 501.04760861140221 49.307210993021727 36.427692777477205 47.436794019828085 92.804961411196928 60.311881667315902 202.49288650955714 456.68673974159174 53.181225086329505 42.627450807623973 345.1775491242297 33.748936854914064 440.92678708676249 896.67324390265276 71.878129836171865
leaf_count=120666 146 4094 629 3257 1737 136190 7334 1375 1497 1118 2889 13 12285 1195 1121 4315 89 282 1367 1685 256 567 1392 219 516 3479 57 2152 1249 2343
internal_value=-1.2761e-05 0.00259984 -0.000942673 -0.00124822 -0.0236263 0.00190668 0.000664321 0.00654129 0.00732615 0.0140995 -0.00414283 0.00652422 0.0073998 0.0190483 0.00177428 -0.0022216 -0.0334067 0.000382207 0.00175776 -0.00733384 0.00116577 0.00936091 0.0121788 -0.0153139 -0.00381686 0.000669899 -0.0330328 0.0113095 0.0142176 -0.00735964
internal_weight=68315.5 17932.9 50382.6 48402 353.245 17497.3 13798.5 3698.84 3624.74 1632.76 348.419 1980.61 1946.18 1284.34 1991.98 1439.24 110.909 1328.33 1291.9 588.359 495.554 703.54 552.74 96.0536 435.242 392.614 128.775 667.904 1024.51 127.84
internal_count=315514 173335 142179 125660 4994 173189 143524 29665 25571 8786 4064 16519 15890 4722 16785 13677 1210 12467 12185 7303 5618 4882 3108 1716 5362 4846 1175 3527 3605 2356
is_linear=0
shrinkage=0.03


Tree=157
num_leaves=31
num_cat=0
split_feature=5 5 10 3 3 0 8 3 5 5 5 5 5 0 1 8 8 8 5 1 6 3 0 8 0 8 8 8 8 6
split_gain=113.393 392.84 99.6464 124.067 112.44 77.9152 83.091 63.4216 60.7478 328.226 196.116 289.805 184.545 163.537 124.937 85.0355 248.449 177.396 88.1803 82.4553 80.1387 79.0123 72.8317 260.44 92.489 68.32 220.301 200.284 119.865 117.683
threshold=10.500000000000002 23.000000000000004 0.58333333333333337 6.5000000000000009 4.5000000000000009 2.5000000000000004 0.23611111111111113 5.5000000000000009 100.50000000000001 105.50000000000001 99.500000000000014 95.500000000000014 109.00000000000001 2.5000000000000004 1.0000000180025095e-35 0.23611111111111113 0.2678571428571429 0.050423728813559332 94.500000000000014 1.0000000180025095e-35 1.5000000000000002 20.500000000000004 1.5000000000000002 0.10818713450292398 2.5000000000000004 0.093073593073593086 0.072751322751322761 0.83333333333333337 0.010544848035581913 1.5000000000000002
decision_type=2 2 2 2 2 2 2 2 2 2 2 2 2 2 2 2 2 2 2 2 2 2 2 2 2 2 2 2 2 2
left_child=2 -2 5 4 -4 -1 -7 -6 10 -10 11 13 -11 15 -12 17 -17 18 -3 22 -18 25 -14 -24 -25 26 28 -27 -21 -29
right_child=1 8 3 -5 7 6 -8 -9 9 12 14 -13 19 -15 -16 16 20 -19 -20 21 -22 -23 23 24 -26 27 -28 29 -30 -31
leaf_value=-0.00088890362200306746 0.030426501022026407 0.029567387342199384 -0.01563713370362356 0.00407903387261601 -0.090662286321680038 0.032036878669141816 -0.0023094565714337711 -0.020023012876258347 0.033783349449169123 -0.040957658272181681 -0.029573255112645053 0.031378264849644066 0.0089197946659223797 -0.033103224770957104 -0.0025055058935556577 0.032192984156411905 0.00026607998632831211 -0.03819932598422552 -0.038074837787161822 0.0037011679950238216 -0.033229925267108718 0.014968629934243829 0.02450722578510936 -0.048017851090827339 0.017745000306931869 -0.034660227732337137 0.036401129985629645 -0.00056138086857364117 -0.028551755462377777 -0.045454491482314362
leaf_weight=49926.476355714934 424.0643397597596 75.51210408773477 76.842714361147955 105.99582129193004 41.461609133519232 133.76867950614542 120.49321579223033 15.797376836591864 304.41675001429303 89.045561552513391 323.28948529046465 270.17453148029745 2083.7037448843766 133.55945658141718 292.17268382200564 221.53485784354416 8396.8002359105485 145.24178382492028 22.517426608275855 830.15986482887092 64.779295219883352 300.62873135983318 117.3412165298887 111.28876774821038 23.27231508821751 172.85150255299959 173.91819189663875 2800.5535258261662 118.50862657755806 53.557958377226896
leaf_count=140122 148 345 221 1062 248 66 610 171 80 640 3117 65 17075 2423 1386 745 90590 3665 659 5402 2562 1654 366 5831 290 9703 202 23175 2189 1091
internal_value=-0.000173899 0.0019031 -0.000896794 -0.0201774 -0.0393501 -0.000804543 0.0157604 -0.0711734 0.00119677 0.00329982 -0.00032132 0.00076066 0.00195001 -0.000152381 -0.0167236 0.00034064 0.000830748 -0.0171528 0.0140299 0.00251306 9.64469e-06 0.00011731 0.00707784 -0.00815861 -0.0366442 -0.000958646 0.00536239 -0.00330288 -0.0003279 -0.00140381
internal_weight=67969.7 17548.9 50420.8 240.098 134.102 50180.7 254.262 57.259 17124.8 7179.25 9945.58 9330.12 6874.83 9059.95 615.462 8926.39 8683.11 243.271 98.0295 6785.78 8461.58 4450.18 2335.61 251.902 134.561 4149.55 1122.59 3026.96 948.668 2854.11
internal_count=315903 173403 142500 1702 640 140798 676 419 173255 67698 105557 101054 67618 100989 4503 98566 93897 4669 1004 66978 93152 43416 23562 6487 6121 41762 7793 33969 7591 24266
is_linear=0
shrinkage=0.03


Tree=158
num_leaves=31
num_cat=0
split_feature=3 5 0 1 10 9 8 5 5 5 1 5 8 8 8 3 0 3 8 3 5 1 8 8 1 8 5 5 3 8
split_gain=89.1509 85.6575 79.3042 76.0403 76.004 65.6629 87.5427 64.0421 105.221 135.316 116.291 69.5165 53.2682 99.9046 57.9849 54.6959 53.1263 109.6 86.8724 140.92 134.089 97.9228 117.07 88.8734 76.9446 343.98 67.7717 56.2401 95.0236 45.8634
threshold=4.5000000000000009 129.50000000000003 3.5000000000000004 1.5000000000000002 0.58333333333333337 3.5000000000000004 0.0033277962347729793 162.50000000000003 169.50000000000003 170.50000000000003 1.0000000180025095e-35 185.00000000000003 0.0081577196095829665 0.0103403724494342 0.010544848035581913 1.0000000180025095e-35 1.5000000000000002 11.500000000000002 0.30952380952380959 10.500000000000002 120.50000000000001 3.5000000000000004 0.0048840121653050276 0.0078380177136128607 1.0000000180025095e-35 0.36666666666666675 113.00000000000001 10.500000000000002 5.5000000000000009 0.0057007138756188193
decision_type=2 2 2 2 2 2 2 2 2 2 2 2 2 2 2 2 2 2 2 2 2 2 2 2 2 2 2 2 2 2
left_child=2 5 7 4 -3 16 -7 -1 -9 10 -10 -11 -4 -14 -15 -16 17 27 19 20 23 22 -21 -18 25 -20 -25 28 -2 -23
right_child=1 3 12 -5 -6 6 -8 8 9 11 -12 -13 13 14 15 -17 18 -19 24 21 -22 29 -24 26 -26 -27 -28 -29 -30 -31
leaf_value=0.00032100388121828117 -0.0266334493355747 -0.00025721456112332968 0.019346956825787995 0.025630855226352889 -0.032035839561358359 0.013571893842109902 -0.051966394115330383 0.031073140187359197 0.0064527928771995029 0.032735653263435298 -0.061553381150870647 -0.032698012944122445 -0.058985259684847142 0.03496649753999851 -0.040223751505910406 0.012659053232700871 -0.056532186290719037 -0.049240243266903815 0.023081035918089653 0.012561772747876503 0.030950921495966347 0.032121718351379454 -0.047869396692883079 -0.046225885327965892 0.022508514778763741 -0.05598587030812871 -0.0011343275610534557 0.0077314770225262773 0.014857096126118406 0.009973076403537541
leaf_weight=65345.385619044217 121.08464524430019 142.8048279291088 330.03039643989177 47.99556215501616 128.84926371304209 34.962181260809302 38.588934731669724 160.53767305612564 43.986175414174795 86.18419885635376 46.611470611067489 17.596029967971845 23.585430104925763 46.089077872573398 28.78897249721922 45.299338546406943 56.603009418060537 35.070479432593856 200.22319543884441 79.935536533477716 48.504201889038086 180.85971254110336 45.145922203260852 40.344025579273875 692.32372513335213 65.792949582564688 116.98487497866154 933.37178207101533 84.24305191449821 157.34487757273018
leaf_count=287664 276 1009 2102 133 3141 39 277 50 204 11 609 4856 649 41 1163 80 283 2773 660 172 9 46 627 760 2698 3174 208 1810 295 235
internal_value=0.000716508 0.0055667 0.000478225 -0.00917992 -0.0153303 0.00717473 -0.0208131 0.000390032 0.0130991 -0.00174567 -0.0285356 0.0216413 0.0127079 -0.00253315 0.00854587 -0.00788996 0.00789505 0.00299562 0.0113099 0.00347996 -0.0140845 0.0134296 -0.00924978 -0.0242953 0.0172393 0.00352566 -0.0126972 0.00460442 -0.00961046 0.0218174
internal_weight=69425.1 3251.03 66174.1 319.65 271.654 2931.38 73.5511 65700.3 354.916 194.378 90.5976 103.78 473.793 143.763 120.177 74.0883 2857.83 1173.77 1684.06 725.722 262.436 463.286 125.081 213.932 958.34 266.016 157.329 1138.7 205.328 338.205
internal_count=316054 18625 297429 4283 4150 14342 316 293394 5730 5680 813 4867 4035 1933 1284 1243 14026 5154 8872 2340 1260 1080 799 1251 6532 3834 968 2381 571 281
is_linear=0
shrinkage=0.03


Tree=159
num_leaves=31
num_cat=0
split_feature=5 5 5 0 8 8 5 4 5 8 8 0 9 5 5 8 5 1 5 8 5 7 6 4 8 8 4 1 5 4
split_gain=88.3683 301.985 189.792 87.0015 151.363 140.234 222.707 127.64 123.574 120.129 177.452 161.133 144.362 105.2 186.62 104.046 102.302 81.3227 78.4741 217.235 180.395 165.509 196.097 82.4276 103.745 100.289 122.884 77.2645 107.581 159.062
threshold=100.50000000000001 105.50000000000001 109.00000000000001 1.5000000000000002 0.093073593073593086 0.10263157894736843 114.50000000000001 15.500000000000002 170.50000000000003 0.05634920634920635 0.013259684697884312 4.5000000000000009 1.0000000180025095e-35 169.50000000000003 162.50000000000003 0.83333333333333337 163.50000000000003 2.5000000000000004 94.500000000000014 0.23611111111111113 91.500000000000014 1.0000000180025095e-35 1.5000000000000002 3.5000000000000004 0.30952380952380959 0.45000000000000007 8.5000000000000018 1.0000000180025095e-35 161.00000000000003 1.0000000180025095e-35
decision_type=2 2 2 2 2 2 2 2 2 2 2 2 2 2 2 2 2 2 2 2 2 2 2 2 2 2 2 2 2 2
left_child=18 -2 -3 4 -4 9 -7 8 13 10 11 12 -5 14 -8 16 -6 -14 20 -20 -1 22 23 24 -21 -25 -27 -17 -29 -30
right_child=1 2 3 5 15 6 7 -9 -10 -11 -12 -13 17 -15 -16 27 -18 -19 19 21 -22 -23 -24 25 -26 26 -28 28 29 -31
leaf_value=0.00054423131365180933 0.033763851947367383 -0.040804521121031771 0.037553665996768092 0.0073278418356549939 -0.043165581522374902 -0.052123553639644868 -0.018153801650593673 0.022636087271262283 0.021263515765423138 0.025965478356844443 -0.052348615223466899 0.011302838036587244 -0.053920227025114877 -0.056413726192099674 0.030711731931471552 0.0094248549145878133 0.019408012652588121 -0.012340832046264363 -0.033720741094029005 -0.047517683273844057 0.033429649769759838 0.03102626446187819 -0.043899783105569856 0.021861512094735688 -0.0030308318295810704 0.0029203402643565362 -0.056332907816755692 0.0087718221389433311 -0.0028208514800196023 -0.074895214393473325
leaf_weight=55194.026767447082 289.99530577333553 89.838823527097702 128.59189947673076 148.07858274015598 77.296402255742578 102.79402189209941 507.89143825407609 124.90483307393515 97.735620454070158 202.07054244180836 53.77507391438121 728.62539337875205 85.061960472514329 50.715967455878854 81.645977646112442 2089.7411175015004 33.796351859175047 84.281043106806464 198.64755449637414 47.618784232879989 150.5371677801013 134.78395859152079 101.66080154585143 262.47591905589798 5104.3369077410898 735.17934359605351 32.910400305214353 995.14123398112133 1222.9376483205706 28.193293008618639
leaf_count=181974 78 644 385 681 4115 3470 11762 804 1642 551 1458 2748 1897 522 20 15286 992 1012 3550 402 11 321 2552 714 54174 2406 2316 8814 10396 423
internal_value=0.000630571 0.00377082 0.00251628 0.003085 0.00546625 -0.00172007 -0.0103824 -0.00540992 -0.0101567 0.00470529 0.000799149 0.00353136 -0.0143077 -0.0149531 -0.0113863 0.00453842 -0.0241296 -0.0332264 0.000264503 -0.002823 0.00063368 -0.00186681 -0.00257231 -0.00189275 -0.00344202 0.00585228 0.000381512 0.00527292 0.00141031 -0.00444499
internal_weight=69185.3 7223.11 6933.12 6843.28 4575.7 2267.58 965.688 862.894 737.989 1301.89 1099.82 1046.05 317.422 640.253 589.537 4447.11 111.093 169.343 61962.2 6617.61 55344.6 6418.97 6284.18 6182.52 5151.96 1030.57 768.09 4336.01 2246.27 1251.13
internal_count=316120 67700 67622 66978 40411 26567 18220 14750 13946 8347 7796 6338 3590 12304 11782 40026 5107 2909 248420 66435 181985 62885 62564 60012 54576 5436 4722 34919 19633 10819
is_linear=0
shrinkage=0.03


Tree=160
num_leaves=31
num_cat=0
split_feature=3 9 2 3 10 1 2 0 7 2 0 4 7 2 0 7 3 10 4 3 0 2 1 10 0 7 1 3 0 0
split_gain=98.8219 59.6212 59.0703 69.8428 88.7394 85.8321 82.5725 72.6631 158.981 69.5839 58.6558 55.7758 55.3747 53.9782 79.8383 107.349 39.7832 85.9037 39.1984 38.7076 75.4518 77.9433 56.8035 50.5114 42.6793 71.809 75.7552 74.3752 37.7784 36.7813
threshold=4.5000000000000009 3.5000000000000004 5.5000000000000009 5.5000000000000009 0.87500000000000011 1.0000000180025095e-35 2.5000000000000004 1.5000000000000002 2.5000000000000004 4.5000000000000009 1.5000000000000002 9.5000000000000018 1.5000000000000002 7.5000000000000009 5.5000000000000009 1.0000000180025095e-35 20.500000000000004 0.58333333333333337 4.5000000000000009 3.5000000000000004 1.5000000000000002 1.5000000000000002 1.0000000180025095e-35 0.70833333333333337 6.5000000000000009 1.5000000000000002 3.5000000000000004 1.0000000180025095e-35 1.5000000000000002 4.5000000000000009
decision_type=2 2 2 2 2 2 2 2 2 2 2 2 2 2 2 2 2 2 2 2 2 2 2 2 2 2 2 2 2 2
left_child=19 2 3 10 6 -6 -5 -8 9 -9 18 -3 -7 -4 15 16 17 -15 -2 24 -21 -22 -23 -24 25 26 -1 -27 -18 -17
right_child=1 11 13 4 5 12 7 8 -10 -11 -12 -13 -14 14 -16 29 28 -19 -20 20 21 22 23 -25 -26 27 -28 -29 -30 -31
leaf_value=0.0010738660361640973 -0.0060506291202717414 0.0015881977141678778 0.020848560215722376 -0.037027612719190577 -0.05071905030439141 0.025087324437675439 0.0087178997633098523 -0.042144514508002065 0.0022952523705424446 -0.12157418232232609 0.014101828754386033 -0.0515342994308036 -0.011981353771236734 0.016566164280964614 0.024696526220412147 -0.04477652913109794 -0.033150253707752812 -0.023569602094707438 0.0074592647502527039 0.0010698029678442014 -0.046457992951145471 -0.03902587366733902 -0.01676372134398902 0.014068439389595821 0.016835816955578724 -0.044650185865077442 0.038217951082146179 0.00061230012777933776 0.023204262174658704 -0.0070270276429731798
leaf_weight=65390.916880715013 316.77399194063219 42.995234854519367 437.04372066036012 94.557919949549614 18.580928236257023 158.5853585346922 165.44756266163677 41.307499412027028 101.89788047969341 13.066068501386324 686.82638987445353 30.340971384197474 47.023984253872186 109.18871484257397 168.14375578984618 52.346470241325733 11.540823857631038 85.63639227841486 495.83900007672491 588.72099787054685 65.024675224154635 46.841345532535342 101.07549241691595 90.764942408743082 154.65470699220896 62.906168582223472 49.4543142542243 67.984347930949298 148.01076373163232 41.763203665614128
leaf_count=289966 575 73 1016 4737 1113 1149 509 1397 168 92 1698 236 109 267 154 388 2043 910 634 1014 671 561 470 192 187 4534 8 118 1269 124
internal_value=0.00126022 0.0063545 0.00696865 0.00410564 -0.00418715 0.0110293 -0.0123821 -0.00513847 -0.0198085 -0.0612316 0.00764781 -0.0203899 0.0166095 0.0127831 0.00706667 0.000456998 0.00802062 -0.00107572 0.00219282 0.0010104 -0.0051955 -0.0173405 -0.00940794 -0.00217619 0.00109466 0.00105754 0.00110194 -0.0211409 0.019128 -0.0280244
internal_weight=69885.3 3266.92 3193.58 2139.91 640.467 224.19 416.277 321.719 156.271 54.3736 1499.44 73.3362 205.609 1053.67 616.63 448.486 354.377 194.825 812.613 66618.3 892.427 303.706 238.682 191.84 65725.9 65571.3 65440.4 130.891 159.552 94.1097
internal_count=316382 18661 18352 12181 9274 2371 6903 2166 1657 1489 2907 309 1258 6171 5155 5001 4489 1177 1209 297721 2908 1894 1223 662 294813 294626 289974 4652 3312 512
is_linear=0
shrinkage=0.03


Tree=161
num_leaves=31
num_cat=0
split_feature=3 0 7 8 3 1 2 3 10 2 4 1 1 4 8 8 11 8 1 3 3 10 2 2 3 1 2 8 4 8
split_gain=95.3603 57.0545 145.216 120.59 82.9854 147.794 84.3207 182.49 135.097 89.4808 88.9663 72.5598 64.9909 77.9907 83.4136 63.7258 61.2357 55.7082 119.899 48.9835 153.369 71.0331 44.0036 59.9903 43.6949 37.6973 172.976 130.364 143.414 107.906
threshold=24.500000000000004 4.5000000000000009 1.5000000000000002 0.014117725219239969 13.500000000000002 1.5000000000000002 3.5000000000000004 2.5000000000000004 0.29166666666666669 5.5000000000000009 7.5000000000000009 3.5000000000000004 1.5000000000000002 8.5000000000000018 0.0103403724494342 0.83333333333333337 1.0000000180025095e-35 0.0057664597650188441 2.5000000000000004 8.5000000000000018 5.5000000000000009 0.87500000000000011 7.5000000000000009 5.5000000000000009 3.5000000000000004 1.0000000180025095e-35 1.5000000000000002 0.83333333333333337 3.5000000000000004 0.58333333333333337
decision_type=2 2 2 2 2 2 2 2 2 2 2 2 2 2 2 2 2 2 2 2 2 2 2 2 2 2 2 2 2 2
left_child=1 2 4 12 6 -6 10 8 9 15 11 16 -3 14 17 -8 19 -14 -19 20 21 25 23 24 -9 29 -27 -28 -29 -1
right_child=-2 3 -4 -5 5 -7 7 22 -10 -11 -12 -13 13 -15 -16 -17 -18 18 -20 -21 -22 -23 -24 -25 -26 26 27 28 -30 -31
leaf_value=0.00088544794148255124 -0.038367423284644292 0.042112498479847056 -0.028593150654609607 -0.051454479770868436 -0.04714888073006291 0.02265662048675389 0.016090923486260879 0.023197027593420183 -0.091757148008818179 -0.046093397550665362 -0.03781674203651101 0.037738380257514456 -0.00076042352833030548 0.017143037780374234 0.017691669598622239 -0.017599841099866499 -0.043859146763301646 0.021177863373200923 -0.066582525782765384 0.02784803027018351 -0.038530693587933589 -0.03921668392086064 0.0026159446124621169 0.02529870792622476 0.0048882874900105684 -0.0033597718744180108 0.013884554563989585 -0.0083887949620736185 0.015178221773605879 0.0046382942334699823
leaf_weight=50454.669605945535 54.877941372658825 59.493900032714009 147.84323991762358 27.920365355312242 80.747807544910756 41.238097456422111 107.01575214511831 162.92646038645762 18.821743857657566 46.168068125956779 52.943750510952668 48.580024398863316 66.836232413799735 402.61772365681827 87.388070982677164 95.726569190388545 27.301548764080508 20.218032755539753 45.634935290901922 61.466578874824336 87.970300449000206 39.294235099107027 282.19775329310505 383.29957200866193 419.0630664180062 6074.9203801115873 1081.4517337132129 729.6609166439157 341.00311900739325 7987.1226954814483
leaf_count=125809 3620 22 2652 570 3399 69 235 144 283 1743 2329 8 645 349 433 211 270 78 1113 250 3685 209 1069 235 1063 80166 2678 1398 376 80444
internal_value=0.0011633 0.00119452 0.00110717 0.00965457 0.00117116 -0.0235507 0.00121518 0.0082135 -0.01426 -0.00839994 0.00105688 0.00108763 0.0121556 0.00929346 -0.00506685 0.000183533 0.00106101 -0.0200554 -0.0396385 0.00107935 0.00105472 0.00110692 0.0130367 0.0160832 0.0100138 0.00113069 -0.000770633 0.0065379 -0.000882774 0.00139834
internal_weight=69536.4 69481.5 68771.4 710.109 68623.6 121.986 68501.6 1515.22 267.732 248.91 66986.4 66933.4 682.189 622.695 220.077 202.742 66884.9 132.689 65.853 66857.6 66796.1 66708.1 1247.49 965.289 581.99 66668.8 8227.04 2152.12 1070.66 58441.8
internal_count=315555 311935 308725 3210 306073 3468 302605 4983 2472 2189 297622 295293 2640 2618 2269 446 295285 1836 1191 295015 294765 291080 2511 1442 1207 290871 84618 4452 1774 206253
is_linear=0
shrinkage=0.03


Tree=162
num_leaves=31
num_cat=0
split_feature=2 1 8 2 2 2 8 5 5 8 8 2 2 1 8 2 2 8 8 8 8 1 8 9 5 5 8 4 5 5
split_gain=55.6843 65.5369 99.0302 85.2907 81.2527 90.9582 67.6259 67.3762 265.147 144.71 171.921 122.781 170.097 136.308 242.742 122.753 115.318 100.204 90.0627 80.3587 172.476 219.004 350.516 200.805 154.17 244.914 162.21 133.605 127.172 183.198
threshold=12.500000000000002 3.5000000000000004 0.012760529743812419 10.500000000000002 6.5000000000000009 3.5000000000000004 0.0057007138756188193 94.500000000000014 91.500000000000014 0.58333333333333337 0.36666666666666675 2.5000000000000004 4.5000000000000009 1.0000000180025095e-35 0.11437908496732027 7.5000000000000009 1.0000000180025095e-35 0.12132352941176472 0.10818713450292398 0.072751322751322761 0.36666666666666675 1.0000000180025095e-35 0.093073593073593086 1.0000000180025095e-35 99.500000000000014 100.50000000000001 0.23611111111111113 1.0000000180025095e-35 95.500000000000014 99.500000000000014
decision_type=2 2 2 2 2 2 2 2 2 2 2 2 2 2 2 2 2 2 2 2 2 2 2 2 2 2 2 2 2 2
left_child=1 3 4 7 5 -3 -7 8 9 10 11 13 -13 14 -1 -14 17 18 -15 -9 21 24 -23 -24 26 -26 -21 -28 -22 -30
right_child=-2 2 -4 -5 -6 6 -8 19 -10 -11 -12 12 15 16 -16 -17 -18 -19 -20 20 28 22 23 -25 25 -27 27 -29 29 -31
leaf_value=0.0019903601047617631 -0.042548738222357857 0.015360158217375611 -0.037679416309676188 -0.045569686919757227 0.026872879871762286 0.0055564114220916332 -0.0427919527245069 -0.011839056750597723 0.034676943838126681 0.0067475694427592122 -0.022731876688007861 -0.059043639753438265 0.025430793216139478 -0.039193995259066756 -0.022079166183185981 -0.043327470638155501 0.022753543380678011 -0.041644356449545429 0.031083626137710645 -0.038248632901618992 -0.0051880554180100879 0.029658996458951196 -0.026285075319176652 0.032679025238554399 -0.049065519403408739 0.013070225270522168 0.010514135452706214 0.031208010287781539 0.03125115677928314 0.00070277221586648522
leaf_weight=49071.248357549841 25.225676383357495 222.88622998062056 34.56354227293923 33.984464131295681 265.99196242727339 52.1121214752784 52.036137152463198 494.05026912652283 228.3713989071548 5862.6258691125913 256.4631349713236 70.875024972181563 66.786156808724627 22.627222864772193 380.0159137323717 35.945096589279274 485.8676868568582 51.263438511872664 59.745614207349718 42.064109153387108 4120.6486841921105 181.94286743047269 428.56028700313618 59.155762026146476 81.296685394205269 191.75317837585135 517.21409663977101 614.26660338028159 181.86730498075485 6193.9790921565855
leaf_count=104756 222 1772 583 241 126 67 172 6910 13 59857 7719 689 131 452 5175 860 992 1330 37 837 54797 431 6776 237 1002 2576 1976 581 50 55009
internal_value=0.00201568 0.00203165 0.0116828 0.00194479 0.0145598 0.00454507 -0.0186001 0.00196796 0.00241685 0.00228614 0.00176821 0.00189327 -0.0232924 0.00198059 0.00180539 0.00137266 0.0159654 -0.0087145 0.0117789 2.97959e-05 0.000494707 0.00830772 -0.00587664 -0.0191332 0.014874 -0.0054298 0.0195981 0.0217486 -0.00108052 0.00157415
internal_weight=70385.4 70360.2 627.59 69732.6 593.026 327.034 104.148 69698.6 56591.8 56363.5 50500.8 50244.4 173.606 50070.8 49451.3 102.731 619.504 133.636 82.3728 13106.8 12612.7 2116.25 669.659 487.716 1446.59 273.05 1173.54 1131.48 10496.5 6375.85
internal_count=316376 316154 2720 313434 2137 2011 239 313193 182011 181998 122141 114422 1680 112742 109931 991 2811 1819 489 131182 124272 14416 7444 7013 6972 3578 3394 2557 109856 55059
is_linear=0
shrinkage=0.03


Tree=163
num_leaves=31
num_cat=0
split_feature=4 0 7 1 1 4 9 3 1 2 7 9 2 3 2 11 3 10 1 0 2 2 10 0 2 4 3 0 3 4
split_gain=51.7959 64.8447 144.187 76.5291 71.807 85.6992 103.463 79.1032 64.2001 45.5571 54.7096 40.7179 38.0191 132.793 126.051 90.1759 66.1949 128.365 85.9153 72.5217 97.5978 80.9847 62.7671 58.7664 53.0466 82.7395 50.637 49.6548 45.5737 62.2986
threshold=23.500000000000004 4.5000000000000009 1.5000000000000002 2.5000000000000004 2.5000000000000004 8.5000000000000018 2.5000000000000004 2.5000000000000004 6.5000000000000009 6.5000000000000009 3.5000000000000004 3.5000000000000004 7.5000000000000009 20.500000000000004 5.5000000000000009 1.0000000180025095e-35 5.5000000000000009 0.87500000000000011 1.0000000180025095e-35 1.5000000000000002 3.5000000000000004 4.5000000000000009 0.87500000000000011 1.5000000000000002 6.5000000000000009 2.5000000000000004 4.5000000000000009 2.5000000000000004 9.5000000000000018 2.5000000000000004
decision_type=2 2 2 2 2 2 2 2 2 2 2 2 2 2 2 2 2 2 2 2 2 2 2 2 2 2 2 2 2 2
left_child=1 2 3 12 -3 6 8 11 -6 10 -7 -8 14 23 15 16 22 19 -19 20 -18 -21 26 28 -16 -26 -1 -28 29 -14
right_child=-2 4 -4 -5 5 9 7 -9 -10 -11 -12 -13 13 -15 24 -17 17 18 -20 21 -22 -23 -24 -25 25 -27 27 -29 -30 -31
leaf_value=0.00084355326028503564 -0.035904966175389061 0.029702568034808488 -0.028631598454774865 0.027730358077088246 -0.057385682409850744 0.017111433178907395 0.02180511999757765 -0.035309313212135623 0.028750924168926724 0.022055139832008595 -0.019260863636485499 -0.02294533722577121 -0.043123449843068963 0.016287536331644963 0.025912245800415477 -0.052205659362323388 -0.039944303481850719 -0.052360311810508368 0.02053520264791775 -0.036289765802662896 0.0077413773226080885 -0.12228191385303185 -0.034700561465144435 -0.036503753475997651 -0.050701111307277384 0.012416957486094194 0.0048256712760605157 0.024353883888247153 -0.048338324993073049 0.010767560063037203
leaf_weight=65616.436550733357 34.310064092220273 133.40636311471462 148.791039455391 95.778284084575716 49.099056352337357 84.029042519629002 105.45656288560713 37.921124778687954 9.2556139528751356 239.13687924295664 66.811960091814399 22.141249846099527 24.362870005827062 129.42180165059108 255.36679428834032 28.822489509664592 70.418801626086861 16.612787554192437 117.28414216060992 63.139571185935893 85.565572851279285 11.679964155890046 44.444555450492771 118.33281007659207 21.622606793760497 137.89475804586255 1241.862571787904 129.39733564927883 21.068277710124676 93.007703626819421
leaf_count=289367 2094 211 2627 143 865 72 641 129 2 179 188 951 662 2376 248 313 1394 886 917 4631 166 81 231 2033 236 623 2491 182 459 265
internal_value=0.000946146 0.000964412 0.000868488 0.000932732 0.00975396 0.00541859 -0.00937578 0.00273374 -0.0437236 0.0139116 0.00100106 0.0140399 0.000895113 -0.00849103 0.000948545 0.000847107 0.000869795 -0.0118766 0.0114909 -0.0254329 -0.0137862 -0.0497139 0.000939144 -0.0209803 0.017434 0.00386129 0.00096279 0.00666843 -0.00771135 -0.000418716
internal_weight=69252.9 69218.6 68471.3 68322.5 747.258 613.851 223.874 165.519 58.3547 389.978 150.841 127.598 68226.7 386.193 67840.5 67425.7 67396.8 364.701 133.897 230.804 155.984 74.8195 67032.1 256.772 414.884 159.517 66987.7 1371.26 138.439 117.371
internal_count=315663 313569 310331 307704 3238 3027 2588 1721 867 439 260 1592 307561 5795 301766 300659 300346 8075 1803 6272 1560 4712 292271 3419 1107 859 292040 2673 1386 927
is_linear=0
shrinkage=0.03


Tree=164
num_leaves=31
num_cat=0
split_feature=0 4 8 1 7 3 7 8 8 8 10 8 8 8 0 9 3 10 3 9 1 10 4 4 8 6 10 1 1 4
split_gain=168.508 123.625 110.701 475.855 226.517 148.196 80.6408 61.6116 51.4653 256.402 67.4032 136.789 61.4199 180.251 84.9063 129.845 63.849 61.5796 53.8768 45.5245 206.299 42.4765 39.2855 109.468 80.9367 107.334 55.7907 53.652 42.4514 38.8786
threshold=1.5000000000000002 10.500000000000002 0.36666666666666675 1.0000000180025095e-35 1.0000000180025095e-35 1.0000000180025095e-35 1.0000000180025095e-35 0.83333333333333337 0.21111111111111114 0.11437908496732027 0.41666666666666669 0.2678571428571429 0.0061412551543799663 0.0077419483736913619 3.5000000000000004 1.0000000180025095e-35 20.500000000000004 0.87500000000000011 3.5000000000000004 1.5000000000000002 4.5000000000000009 0.87500000000000011 3.5000000000000004 1.5000000000000002 0.83333333333333337 1.5000000000000002 0.70833333333333337 1.5000000000000002 1.5000000000000002 2.5000000000000004
decision_type=2 2 2 2 2 2 2 2 2 2 2 2 2 2 2 2 2 2 2 2 2 2 2 2 2 2 2 2 2 2
left_child=1 21 8 4 5 7 22 -4 9 12 11 -10 14 17 15 -2 19 -14 -13 -15 -21 29 23 24 27 28 -25 -5 -26 -1
right_child=2 -3 3 6 -6 -7 -8 -9 10 -11 -12 18 13 16 -16 -17 -18 -19 -20 20 -22 -23 -24 26 25 -27 -28 -29 -30 -31
leaf_value=-0.00071947595784719123 0.012592628972699962 -0.050115757229616968 -0.034929481948436258 0.018253629514189056 0.031119565918335354 -0.047211080644440948 -0.053581314704817799 -0.011181183672335136 0.029282505248003833 -0.051849488450635403 0.017803355236742195 0.0036891572878133602 -0.062026075226144672 0.010258244259557332 0.017991113416644635 -0.05057401179037508 -0.043596265815499455 -0.0090426594890896782 -0.052095838292553882 -0.05698465293069551 0.012790375961712038 -0.026537055044725481 0.013100277807668823 -0.026887151317640957 0.0025944859134192436 -0.029256358108788828 0.0052316044835711995 -0.014064139875829792 0.020639870454083661 0.0033861112852133445
leaf_weight=58923.548410570213 86.255309881178619 45.411650473906775 128.29923052054437 587.48621904628817 71.743120528679356 194.38370927344931 19.989928458200666 420.76337960769888 208.0624558350828 71.601935267233785 770.37387436007339 1206.5371218263645 50.052288082253654 665.08677465868277 563.33110276257503 44.346077190595679 23.481894625510904 32.60154465585947 15.785364849336473 52.53812742648006 139.12427446713264 56.768946169911942 680.79660184941986 137.98063946668117 854.52408271940658 89.368886192794889 75.199551827376126 50.181297791350516 136.00133217393886 2151.686868990575
leaf_count=239425 389 3827 6173 5693 354 5783 426 10038 737 1968 2416 8055 1003 4130 1725 1474 369 96 130 1265 644 346 3891 1009 7558 1729 230 529 249 4351
internal_value=-0.00011925 -0.000635701 0.00416432 0.000240237 -0.0197874 -0.0247 0.00644437 -0.0167304 0.00760657 0.0037323 0.0106493 0.00679631 0.00613436 0.00123081 0.0129384 -0.00885579 0.00520827 -0.0411276 0.00296874 0.00654592 -0.00633622 -0.000598945 0.00690383 0.00471891 0.00723554 0.00223123 -0.0155572 0.0157104 0.00507216 -0.000574836
internal_weight=68553.3 61177.4 7375.9 3446.72 815.189 743.446 2631.53 549.063 3929.18 1728.42 2200.76 1430.38 1656.82 962.885 693.932 130.601 880.231 82.6538 1222.32 856.749 191.662 61132 2611.54 1930.74 1717.56 1079.89 213.18 637.668 990.525 61075.2
internal_count=316012 247949 68063 43662 22348 21994 21314 16211 24401 13063 11338 8922 11095 7507 3588 1863 6408 1099 8185 6039 1909 244122 20888 16997 15758 9536 1239 6222 7807 243776
is_linear=0
shrinkage=0.03


Tree=165
num_leaves=31
num_cat=0
split_feature=4 4 0 1 8 5 7 0 5 5 5 3 5 4 5 5 5 8 8 8 5 5 5 5 5 10 4 8 8 8
split_gain=53.9667 59.8946 53.5997 211.53 614.636 419.013 318.535 172.096 146.782 136.828 130.321 121.005 108.148 94.4454 123.462 129.647 88.7377 76.087 73.4503 100.316 99.1692 94.2235 71.5806 78.1374 67.0878 80.0666 61.524 90.4358 82.9585 67.132
threshold=23.500000000000004 15.500000000000002 1.5000000000000002 1.0000000180025095e-35 0.36666666666666675 91.500000000000014 1.0000000180025095e-35 2.5000000000000004 94.500000000000014 8.5000000000000018 29.500000000000004 11.500000000000002 9.5000000000000018 1.0000000180025095e-35 99.500000000000014 100.50000000000001 94.500000000000014 0.83333333333333337 0.0082730181544410815 0.83333333333333337 99.500000000000014 114.50000000000001 100.50000000000001 105.50000000000001 23.000000000000004 0.87500000000000011 14.500000000000002 0.0103403724494342 0.010544848035581913 0.04819976771196284
decision_type=2 2 2 2 2 2 2 2 2 2 2 2 2 2 2 2 2 2 2 2 2 2 2 2 2 2 2 2 2 2
left_child=1 2 11 4 5 7 -6 9 10 -4 24 -1 -11 16 -15 -16 -7 -12 -10 26 -21 22 -22 -24 -5 -26 27 -20 -29 -30
right_child=-2 -3 3 8 6 13 -8 -9 18 12 17 -13 -14 14 15 -17 -18 -19 19 20 21 -23 23 -25 25 -27 -28 28 29 -31
leaf_value=0.0015330843769291154 -0.036518550675028683 0.013859495626350537 0.024800621578088787 0.0084735173719062331 -0.036779443743872903 0.039994446265529483 0.032265231167231546 0.01695236982405381 0.0075191647952816253 -0.091921706070487511 -0.0047760626541390261 -0.056089355742272279 -0.0395539491210051 0.025777313467265705 -0.050628969835059136 0.012477771466166316 -0.0028234283394540623 0.038991995148348606 -0.050904237320327513 0.016630954064505869 -0.099773007738669095 0.0003197568564281364 0.030713709876006596 -0.046938599078820198 -0.046064273360731642 0.028766182390379248 0.024643004739194591 0.031273956284068129 -0.036041093532382419 -0.0084635327795310588
leaf_weight=62453.113909479624 33.980666470888536 339.91214438894531 21.117454081775577 904.01020814414369 692.15587800421235 47.922966003417969 65.858765083205071 47.600552315270761 697.60210464868214 52.270945627242327 43.651578501048789 32.816391383792507 110.56927448147871 470.38635603802686 41.709140891209245 98.470799607433946 478.61491547249898 197.40363432175945 48.273917390732095 335.93977088917745 13.156215865921693 695.55369395569141 17.311494827270508 35.740357036040223 43.378528513785568 18.296725866268389 46.092824480612762 44.281070365570486 86.105954909842694 1026.7917478715281
leaf_count=243576 2093 4771 9 4227 20883 1 345 161 4378 307 891 362 3566 650 248 263 3899 436 824 3054 116 4009 3 1057 1947 26 31 59 1828 11739
internal_value=0.00127883 0.00129739 0.00123538 -0.00138383 -0.00910912 0.00289334 -0.0307806 -0.0338905 0.0024786 -0.0470465 0.0113338 0.00150282 -0.0563638 0.0103839 0.0184129 -0.00629901 0.00107365 0.0310662 -0.00102861 -0.00356685 0.00305262 -0.00293547 -0.0371335 -0.0215997 0.00640817 -0.0238649 -0.00937263 -0.0106733 -0.00899497 -0.0105972
internal_weight=69240.1 69206.1 68866.2 6380.27 2126.68 1368.66 758.015 231.558 4253.59 183.958 1206.74 62485.9 162.84 1137.1 610.566 140.18 526.538 241.055 3046.85 2349.25 1097.7 761.762 66.2081 53.0519 965.685 61.6753 1251.55 1205.45 1157.18 1112.9
internal_count=315759 313666 308895 64957 30332 9104 21228 4043 34625 3882 7527 243938 3873 5061 1161 511 3900 1327 27098 22720 8239 5185 1176 1060 6200 1973 14481 14450 13626 13567
is_linear=0
shrinkage=0.03


Tree=166
num_leaves=31
num_cat=0
split_feature=0 8 8 5 9 7 2 3 8 3 5 5 5 1 5 5 5 5 5 1 0 2 3 5 5 5 8 1 5 0
split_gain=96.4605 91.9175 152.945 90.0604 81.3036 70.5175 67.4395 189.555 94.1275 72.8184 66.7451 137.337 106.767 102.638 90.495 76.6808 159.945 130.175 110.586 84.0345 88.6037 74.9087 125.356 49.7545 343.055 180.71 155.284 186.034 269.623 132.235
threshold=3.5000000000000004 0.0061412551543799663 0.0072529524711328558 119.50000000000001 3.5000000000000004 1.5000000000000002 4.5000000000000009 2.5000000000000004 0.072751322751322761 9.5000000000000018 162.50000000000003 169.50000000000003 170.50000000000003 1.0000000180025095e-35 185.00000000000003 161.00000000000003 154.00000000000003 151.50000000000003 144.00000000000003 1.0000000180025095e-35 1.5000000000000002 2.5000000000000004 3.5000000000000004 10.500000000000002 23.000000000000004 94.500000000000014 0.36666666666666675 1.0000000180025095e-35 9.5000000000000018 2.5000000000000004
decision_type=2 2 2 2 2 2 2 2 2 2 2 2 2 2 2 2 2 2 2 2 2 2 2 2 2 2 2 2 2 2
left_child=5 -2 -3 4 -4 6 9 -8 -9 10 15 -12 13 -13 -14 16 17 18 23 20 -17 22 -21 26 -25 -26 27 28 -1 -27
right_child=1 2 3 -5 -6 -7 7 8 -10 -11 11 12 14 -15 -16 19 -18 -19 -20 21 -22 -23 -24 24 25 29 -28 -29 -30 -31
leaf_value=-0.00036092492390648261 0.017664820485390722 -0.063093179082180165 0.010319327321412526 -0.043516454871660393 -0.045457547587281745 -0.045942610346181273 -0.039685594888869677 -0.043426685743081062 0.012129800211661919 -0.040079230720739385 0.031083648837140057 0.0033739884809882385 0.031623203609244296 -0.058897191277879325 -0.03265968789884878 0.0018214545611945914 0.038643897953778684 -0.044457361290806255 0.034837380289906739 -0.010968267124555283 -0.043212364285108863 0.0081751504989940344 -0.079736457868603575 0.030344317292536279 0.0064177241720697036 -0.0012097042080609977 -0.0085414984267352754 0.015444873507108818 -0.043225342993016821 -0.029164251945656309
leaf_weight=47716.479616591707 535.20739509831401 32.347176039707847 457.54182202259108 33.359221522387088 24.794962171319639 30.320718078655773 72.331866237049326 28.233051907322078 985.40643146629918 41.395886009675451 182.08992584049702 47.404250271618366 80.139842748641968 47.886258497601375 26.137854651140515 1288.3517713648916 95.599984169006348 59.728803674996016 81.211221879319055 1371.054384388015 40.558127633543336 184.50453873020888 24.279313079095118 360.75235664844695 3461.9981666164967 8259.570498554287 2126.9924309879571 669.48521699896082 132.43712548376061 155.15496710982734
leaf_count=104310 1667 557 2138 213 649 1186 1993 310 6188 3293 59 212 14 630 5066 8657 6 1862 481 13586 2582 805 629 134 36850 83135 32765 1716 2290 2127
internal_value=-5.95604e-05 0.00882177 0.000185833 0.00415503 0.00745207 -0.000201943 -0.000181408 0.00723424 0.0105824 -0.000302594 -0.0002778 0.0121989 -0.00486089 -0.0279191 0.0158135 -0.000350297 -0.000130829 -0.000189645 -0.000147652 -0.00511272 0.000447029 -0.00978941 -0.0121649 -0.000192834 0.00152387 0.000648456 -0.000607643 -0.000259831 -0.000479566 -0.00172514
internal_weight=68652.8 1083.25 548.043 515.696 482.337 67569.5 67539.2 1085.97 1013.64 66453.2 66411.8 383.658 201.568 95.2905 106.278 66028.2 63119.4 63023.8 62964.1 2908.75 1328.91 1579.84 1395.33 62882.9 12237.5 11876.7 50645.4 48518.4 47848.9 8414.73
internal_count=316110 5224 3557 3000 2787 310886 309700 8491 6498 301209 297916 5981 5922 842 5080 291935 265676 265670 263808 26259 11239 15020 14215 263327 122246 122112 141081 108316 106600 85262
is_linear=0
shrinkage=0.03


Tree=167
num_leaves=31
num_cat=0
split_feature=5 5 9 5 5 6 5 5 6 2 1 5 5 6 5 5 5 5 5 0 1 2 3 1 2 3 3 2 4 9
split_gain=102.289 286.408 144.541 129.497 103.343 91.0733 86.3605 115.626 82.4694 99.492 83.0267 107.962 131.031 71.9627 65.089 221.624 90.1413 277.8 176.338 114.11 97.5387 94.9546 143.025 123.179 84.7851 148.621 127.988 81.8648 78.1922 67.4345
threshold=129.50000000000003 114.50000000000001 3.5000000000000004 162.50000000000003 169.50000000000003 1.5000000000000002 119.50000000000001 120.50000000000001 1.5000000000000002 4.5000000000000009 1.0000000180025095e-35 154.00000000000003 161.00000000000003 3.5000000000000004 95.500000000000014 99.500000000000014 100.50000000000001 105.50000000000001 109.00000000000001 1.5000000000000002 1.0000000180025095e-35 1.0000000180025095e-35 1.0000000180025095e-35 1.0000000180025095e-35 4.5000000000000009 1.5000000000000002 5.5000000000000009 1.5000000000000002 4.5000000000000009 1.0000000180025095e-35
decision_type=2 2 2 2 2 2 2 2 2 2 2 2 2 2 2 2 2 2 2 2 2 2 2 2 2 2 2 2 2 2
left_child=1 2 14 8 -5 -3 -7 13 9 10 11 -2 -13 -8 24 -16 19 -18 -19 -17 28 -20 23 -23 26 -26 29 -25 -21 -1
right_child=3 5 -4 4 -6 6 7 -9 -10 -11 -12 12 -14 -15 15 16 17 18 21 20 -22 22 -24 27 25 -27 -28 -29 -30 -31
leaf_value=0.00047773353199765853 -0.035020596561218698 0.031612656016651315 -0.05082778441013517 0.030414662155721892 0.00025892806440272795 0.031294398783979972 1.0929166197655779e-05 0.031154540426216831 -0.042211609570579053 0.015982598619176388 -0.0024936262943116463 0.039196336035679548 -0.010656799001705446 -0.044161427783563419 0.031326734271778782 0.0032409642787734928 0.033280263214457644 -0.040395259594336833 0.013462715940218114 -0.045890267394721067 0.0012732396341167368 -0.0056963552075219468 0.0024699819646732727 -0.031673295535263275 -0.051955367295935209 0.014116007868714826 -0.029256800899678581 -0.10194961619360139 0.0001804216179971322 -0.045067068316575767
leaf_weight=60433.997555739836 158.22572634093149 336.19136885326589 48.988006435582065 165.42312449961901 267.94113696539534 102.85208129882812 81.764939126558602 62.977564811706543 54.296264634004274 193.70823984125309 2299.817683116039 49.285270214080811 1273.807503145902 55.876908428966999 262.93570119328797 421.83218147786101 283.27063725888729 86.80410382244736 568.0039675773005 136.86717376801244 108.34878625035344 82.581000704318285 1002.7716736034708 34.625025853514671 32.151350392017775 652.08207916345054 130.75915071390773 26.211952805519104 43.75510144342843 29.272354030123097
leaf_count=232470 3820 352 1199 66 6787 13 154 9 2292 1706 21874 3 11030 250 65 1671 78 640 15077 1793 606 131 2005 121 819 3331 6244 153 529 1006
internal_value=0.000581009 0.000882539 0.000684087 -0.00381271 0.0117699 0.0208577 0.00894325 -0.00251558 -0.00548874 -0.00498711 -0.00606139 -0.0116005 -0.00879977 -0.0179212 0.00072331 0.00499482 0.00251774 0.00566393 0.00132029 -0.00670774 -0.0212306 0.0034327 -0.00153776 -0.0295597 0.000510147 0.0110114 0.000391566 -0.0619522 -0.0347298 0.000455684
internal_weight=69487.4 65024.9 64385.3 4462.5 433.364 639.663 303.471 200.619 4029.14 3974.84 3781.14 1481.32 1323.09 137.642 64336.3 3058.01 2795.07 2084.27 1801 710.803 288.971 1714.19 1146.19 143.418 61278.3 684.233 60594 60.837 180.622 60463.3
internal_count=316294 268716 267938 47578 6853 778 426 413 40725 38433 36727 14853 11033 404 266739 22869 22804 18205 18127 4599 2928 17487 2410 405 243870 4150 239720 274 2322 233476
is_linear=0
shrinkage=0.03


Tree=168
num_leaves=31
num_cat=0
split_feature=5 5 5 5 2 8 5 5 8 6 5 1 1 3 2 3 2 5 2 3 2 2 2 3 5 2 3 2 2 2
split_gain=412.523 240.241 109.672 163.79 132.022 87.3838 89.9737 122.711 100.666 63.783 50.2937 190.778 150.147 137.538 120.127 108.871 74.8624 59.1935 58.7845 54.3492 108.637 53.0983 293.858 44.7126 44.1843 42.1179 39.4715 149.51 39.2694 38.9435
threshold=129.50000000000003 114.50000000000001 162.50000000000003 169.50000000000003 4.5000000000000009 0.085144927536231887 119.50000000000001 120.50000000000001 0.006045341584640874 1.5000000000000002 161.00000000000003 1.0000000180025095e-35 1.0000000180025095e-35 2.5000000000000004 1.5000000000000002 1.5000000000000002 1.5000000000000002 144.00000000000003 1.0000000180025095e-35 4.5000000000000009 3.5000000000000004 2.5000000000000004 1.0000000180025095e-35 22.500000000000004 151.50000000000003 1.0000000180025095e-35 4.5000000000000009 1.5000000000000002 1.0000000180025095e-35 1.5000000000000002
decision_type=2 2 2 2 2 2 2 2 2 2 2 2 2 2 2 2 2 2 2 2 2 2 2 2 2 2 2 2 2 2
left_child=1 -1 4 -4 10 6 -3 8 -8 23 11 25 26 15 -15 21 17 28 -19 -16 -21 22 -14 -6 -20 -2 -12 -28 -13 -24
right_child=2 5 3 -5 9 -7 7 -9 -10 -11 12 16 13 14 19 -17 -18 18 24 20 -22 -23 29 -25 -26 -27 27 -29 -30 -31
leaf_value=0.0012195694602111188 -0.031921738681339386 0.031230202435692099 0.030797938137573991 -0.01003483583911274 0.020601920186102143 0.031180118121735489 -0.0039447198194083001 0.030954033455558763 -0.062787241858203224 -0.04833383695831469 -0.0046744464352167113 -0.0036565132032802534 -0.0214346961111531 -0.073068780403461042 0.016703939468472564 -0.1040227550445192 -0.061418215044107764 0.027215478141706259 0.020242210108266837 -0.071849667437465181 0.018007804960410118 0.0068164753459290205 -0.093281974795614064 -0.033781343643040584 -0.062524977089006811 -0.11301956670345911 0.013337389954512861 -0.11522105605083867 0.028584736991104972 -0.16680851107409195
leaf_weight=64710.203583351089 148.50610951447925 103.11049199104309 155.26635690778494 205.33454077449642 194.92783979837441 312.92841822415357 97.791086647193879 63.559272050857544 35.725387489423156 14.462372710814632 1242.2213156011421 506.87075417721644 1168.4915665336011 17.75037021657954 160.49870614084648 14.906339458189903 16.526922287772322 132.49872248721658 10.763377928313275 20.640458256822967 29.296574588326621 53.357718186889542 19.014547553801094 14.627394686220212 12.600680925277629 5.9962794643715815 20.628957425038607 13.44991120441591 36.444139905579505 9.8373495184059738
leaf_count=267995 3566 14 59 6874 1111 355 189 10 217 230 10937 5519 12757 468 387 288 796 1078 160 670 81 228 259 588 326 283 111 260 188 289
internal_value=0.000809065 0.00139666 -0.00827599 0.00754681 -0.0097525 0.0200874 0.00852378 -0.00335628 -0.0196894 0.0126005 -0.0111281 -0.00483669 -0.0131045 -0.0195605 0.00187794 -0.0234258 0.00168973 0.00318145 0.0194789 0.00819974 -0.019133 -0.0224652 -0.0237701 0.0168059 -0.0243957 -0.0350692 -0.00554828 -0.0374008 -0.00149385 -0.118352
internal_weight=69548.2 65323.3 4224.92 360.601 3864.32 613.115 300.186 197.076 133.516 224.018 3640.3 870.207 2770.09 1493.79 228.186 1265.61 715.705 699.178 155.863 210.436 49.937 1250.7 1197.34 209.555 23.3641 154.502 1276.3 34.0789 543.315 28.8519
internal_count=316293 268780 47513 6933 40580 785 430 416 406 1929 38651 11916 26735 15427 1606 13821 8067 7271 1564 1138 751 13533 13305 1699 486 3849 11308 371 5707 548
is_linear=0
shrinkage=0.03


Tree=169
num_leaves=31
num_cat=0
split_feature=2 3 3 8 2 4 5 5 5 5 5 5 5 5 1 1 5 5 5 5 8 4 8 8 8 8 5 2 8 5
split_gain=69.517 118.201 56.5772 160.323 117.434 113.631 65.5008 54.2018 124.615 83.0682 159.662 158.526 97.2624 74.5035 84.7539 68.5588 126.65 68.4159 237.052 142.238 138.589 124.233 90.1136 382.359 118.839 130.686 96.5606 77.7502 75.9002 75.7502
threshold=5.5000000000000009 1.5000000000000002 5.5000000000000009 0.0053262411347517738 3.5000000000000004 10.500000000000002 29.500000000000004 162.50000000000003 169.50000000000003 151.50000000000003 95.500000000000014 99.500000000000014 154.00000000000003 161.00000000000003 1.0000000180025095e-35 1.0000000180025095e-35 170.50000000000003 100.50000000000001 105.50000000000001 109.00000000000001 0.45000000000000007 4.5000000000000009 0.10263157894736843 0.83333333333333337 0.072751322751322761 0.010544848035581913 144.00000000000003 2.5000000000000004 0.0048840121653050276 115.50000000000001
decision_type=2 2 2 2 2 2 2 2 2 2 2 2 2 2 2 2 2 2 2 2 2 2 2 2 2 2 2 2 2 2
left_child=2 -2 7 -4 -5 6 -6 9 -9 10 -1 -12 -11 -14 -15 -10 -17 20 -19 -20 21 -13 24 -24 25 28 27 -25 29 -21
right_child=1 -3 3 4 5 -7 -8 8 15 12 11 17 13 14 -16 16 -18 18 19 22 -22 -23 23 26 -26 -27 -28 -29 -30 -31
leaf_value=0.00042960317088239339 -0.042845961344456521 0.0092490754371757234 0.018017084575029124 -0.038535064867471727 0.021692446363058039 -0.059643368394313584 -0.011645787128016607 0.031097361163891953 0.014076079886676732 -0.043701916125272786 0.03134312689615984 -0.047392938229515687 0.034968772471291258 0.0013160470166437871 -0.0090469034893674322 -0.059221691012643046 0.011757523563716937 0.033258504780723966 -0.038276323015467677 -0.059281543244395052 0.003442749690650762 0.023104579302692444 -0.048375555910985767 0.0059782823389355018 0.03145554657354821 -0.044824262643482549 0.042243951214967136 -0.02605231681887913 0.015272023731193747 0.0076779655627148063
leaf_weight=60542.819523003564 40.478395686421209 1239.9490694265751 146.28370467624427 161.05936106212448 89.072646489425097 30.842403643237049 131.1151422334442 166.94040513038635 86.407824023102876 55.479613572533708 225.31467109825462 98.820985844999086 44.381622552871704 1333.9824802468247 1519.1998858113839 44.685628644190729 45.828074428369291 286.46919584041461 68.385741122066975 26.091593549965182 530.18831955397036 29.128832519054413 127.02014665156457 1277.6604560941778 242.17232161297579 41.923754854695289 63.076985478342976 72.050857620750321 401.50542219998897 36.444457499484997
leaf_count=233310 1685 7286 204 8191 132 276 571 57 2069 1838 60 1485 6 11084 14580 605 3076 78 428 1881 1848 13 4206 16243 116 1589 70 221 2782 70
internal_value=0.000676959 0.00760219 0.000546413 -0.00896373 -0.0185414 -0.00571358 0.00184054 0.000625239 0.0125055 0.000564286 0.000791033 0.00699648 -0.00435519 -0.00360182 -0.00420179 -0.00503755 -0.0232841 0.00533463 0.00748993 0.00435713 -0.00332013 -0.0313436 0.00563143 0.0014814 0.014173 0.00590094 0.00596391 0.00426841 0.0104837 -0.0202592
internal_weight=69204.8 1280.43 67924.4 558.373 412.09 251.03 220.188 67366 343.862 67022.1 64069.1 3526.25 2953.04 2897.56 2853.18 176.922 90.5137 3300.94 2642.8 2356.33 658.138 127.95 2287.95 1539.81 748.138 505.965 1412.79 1349.71 464.041 62.5361
internal_count=316060 8971 307089 9374 9170 979 703 297715 5807 291908 264400 31090 27508 25670 25664 5750 3681 31030 27684 27606 3346 1498 27178 20740 6438 6322 16534 16464 4733 1951
is_linear=0
shrinkage=0.03


Tree=170
num_leaves=31
num_cat=0
split_feature=4 4 7 0 10 1 2 7 0 8 2 8 8 8 10 8 2 4 2 3 8 8 4 0 8 8 3 4 8 2
split_gain=92.916 92.7101 59.4321 146.258 170.129 88.2333 85.1849 77.6219 73.5376 1030.42 150.398 135.277 110.826 84.9621 78.4449 99.601 75.5989 66.0925 68.8562 90.995 57.1852 51.4456 50.7001 84.8045 189.778 89.6924 119.707 136.637 103.46 141.515
threshold=20.500000000000004 15.500000000000002 1.0000000180025095e-35 6.5000000000000009 1.0000000180025095e-35 1.0000000180025095e-35 8.5000000000000018 3.5000000000000004 1.5000000000000002 0.36666666666666675 1.0000000180025095e-35 0.21111111111111114 0.11437908496732027 0.83333333333333337 0.41666666666666669 0.2678571428571429 4.5000000000000009 13.500000000000002 4.5000000000000009 5.5000000000000009 0.072751322751322761 0.30952380952380959 4.5000000000000009 2.5000000000000004 0.23611111111111113 0.30952380952380959 3.5000000000000004 3.5000000000000004 0.83333333333333337 1.5000000000000002
decision_type=2 2 2 2 2 2 2 2 2 2 2 2 2 2 2 2 2 2 2 2 2 2 2 2 2 2 2 2 2 2
left_child=1 2 5 4 -4 6 8 -6 16 11 -11 12 20 -12 15 -13 -1 18 19 22 -10 -20 23 25 -25 -7 28 -28 29 -27
right_child=-2 -3 3 -5 7 17 -8 -9 9 10 13 14 -14 -15 -16 -17 -18 -19 21 -21 -22 -23 -24 24 -26 26 27 -29 -30 -31
leaf_value=0.00051966431710013454 -0.03174970920146597 0.01891859633931426 -0.046302176353890709 0.012332508189150935 -0.0024199983984714759 -0.016163187915324829 -0.045377318094828575 -0.037594389275585352 -0.03895586876897484 -0.02360054521760049 -0.039262368587265617 0.031068389303772041 -0.054899069873803212 -0.073086198559985702 0.022916600362570583 0.0029183942876968923 0.015132927768527794 -0.062055677987608915 -0.012690792201433179 -0.025193738192832747 0.0066821416730983105 0.018572034918182632 0.013807810812076134 0.024061803622873534 -0.037088650424335977 0.0029727965666363834 -0.047719824424951152 -0.0034770362112803428 0.002817157581535818 0.020489505038355147
leaf_weight=56168.779000889153 79.254842104637646 251.89469176257262 124.25753826788332 248.36177922971547 429.97677413984729 205.61539084838296 36.618901350913802 65.000033836811781 30.44594438576587 407.78251651668688 177.20025552537572 133.95256733809947 45.544563582170667 107.31617681383068 435.66527364158173 727.46779305962264 320.43052277182869 13.785888005924788 53.580416869292094 101.35209892805142 131.1592589891734 408.93705469169799 401.23980979283806 69.291033722794964 134.02300780275982 864.89889249053886 77.456946069672995 332.54529894865118 5374.9481667739165 798.13105346538941
leaf_count=182003 4588 2194 7494 323 1171 3379 1097 245 646 15095 3039 321 1025 2307 896 4713 453 123 559 2856 757 889 631 122 2227 12234 454 944 61777 1593
internal_value=0.000714377 0.000751841 0.000684964 -0.00711696 -0.0149177 0.000785158 0.000364605 -0.00703908 0.000393148 -0.00499232 -0.0352803 0.00894722 -0.013565 -0.0520203 0.0125425 0.00729577 0.000602557 0.00358013 0.00368269 0.00305927 -0.00191593 0.0149504 0.00340602 0.00287482 -0.0162481 0.00338281 0.00392241 -0.0118353 0.00484039 0.0113795
internal_weight=68756.9 68677.7 68425.8 867.596 619.234 67558.2 58722.4 494.977 58685.7 2196.53 692.299 1504.24 207.15 284.516 1297.09 861.42 56489.2 8835.81 8822.02 8359.5 161.605 462.517 8258.15 7856.91 203.314 7653.6 7447.98 410.002 7037.98 1663.03
internal_count=316155 311567 309373 9233 8910 300140 212352 1416 211255 28799 20441 8358 2428 5346 5930 5034 182456 87788 87665 86217 1403 1448 83361 82730 2349 80381 77002 1398 75604 13827
is_linear=0
shrinkage=0.03


Tree=171
num_leaves=31
num_cat=0
split_feature=9 4 0 7 1 8 1 3 1 11 4 8 10 8 8 8 11 8 1 4 0 8 8 9 10 8 0 1 7 8
split_gain=52.1388 45.413 50.9665 123.061 118.931 85.13 58.7517 50.2939 190.009 81.904 45.5989 61.7569 54.8716 43.9176 48.1342 42.2007 54.6258 39.4205 34.5958 33.5004 32.347 29.3007 41.6333 35.0882 26.3889 39.5145 22.2212 86.3452 21.8607 95.9293
threshold=3.5000000000000004 23.500000000000004 4.5000000000000009 1.5000000000000002 2.5000000000000004 0.0061412551543799663 6.5000000000000009 13.500000000000002 1.5000000000000002 1.0000000180025095e-35 4.5000000000000009 0.30952380952380959 0.87500000000000011 0.014117725219239969 0.0073597118405373209 0.002797252042189603 1.0000000180025095e-35 0.10263157894736843 1.5000000000000002 8.5000000000000018 1.5000000000000002 0.002797252042189603 0.0026845685952319185 1.0000000180025095e-35 0.87500000000000011 0.072751322751322761 2.5000000000000004 1.5000000000000002 1.0000000180025095e-35 0.072751322751322761
decision_type=2 2 2 2 2 2 2 2 2 2 2 2 2 2 2 2 2 2 2 2 2 2 2 2 2 2 2 2 2 2
left_child=1 2 3 4 7 18 13 9 -9 10 12 17 28 14 -7 -2 -17 24 -4 -20 -11 22 -5 -23 25 -12 -13 -28 -1 -30
right_child=15 -3 5 21 -6 6 -8 8 -10 20 11 26 -14 -15 -16 16 -18 -19 19 -21 -22 23 -24 -25 -26 -27 27 -29 29 -31
leaf_value=0.00023665611186161599 0.010829802386489345 -0.036961012077988381 0.043967880467087314 -0.050160359461814553 0.031166502669697855 -0.044612730702497237 0.030880040336630311 -0.045498219401597775 0.023300236785541776 -0.076774788671039637 -0.049803350574955649 0.0078149524801603733 -0.032897734669775351 -0.054462482202420642 0.0011791680430795046 -0.049077526667500974 0.027449922495669792 -0.05277530988678638 -0.0061542725028732861 0.024380934872084925 -0.013351878593505713 -0.0063822970233346557 0.024500243589741434 -0.045230519097536427 0.01593091756840076 0.0008389768598644024 -0.075229137502822938 0.01960196498616781 -0.017104798967713407 0.021466302250475383
leaf_weight=65690.247936932632 23.593455781774537 29.338498551005614 55.731578204780817 10.312511047493901 112.58202996804903 23.009082945412956 43.647366642951965 87.529784360580379 61.524501540348865 16.884039011720233 22.808232191420757 1369.8611551168415 44.918006819265429 16.319074839178938 202.31141215335811 50.808330086023489 10.056233013048766 21.384692463540887 43.030086655169725 130.11653252691031 12.667356277326691 28.259860434802249 19.306874235917348 80.616820118520991 29.214217021431978 35.371061418791214 13.779773986217149 23.173273391505063 86.121645522922336 177.92647249172296
leaf_count=290550 87 2042 6 413 129 272 5 4842 103 136 403 7004 261 256 1020 1174 6 518 369 64 190 206 26 1938 93 227 445 107 2004 1158
internal_value=0.000326289 0.000355338 0.00037133 0.000300123 0.000357825 0.00978102 -0.00115282 0.000306587 -0.0171006 0.000345 0.000366856 0.00551176 0.000248709 -0.00693891 -0.00349697 -0.0232304 -0.0364334 -0.0162664 0.0234096 0.0167924 -0.0495882 -0.02795 -0.00149416 -0.0351471 -0.00733283 -0.0190145 0.00719569 -0.0157605 0.000271284 0.00888599
internal_weight=68572.5 68488 68458.7 67944.5 67806 514.165 285.287 67693.4 149.054 67544.4 67514.8 1515.59 65999.2 241.64 225.32 84.458 60.8646 108.778 228.878 173.147 29.5514 138.496 29.6194 108.877 87.3935 58.1793 1406.81 36.953 65954.3 264.048
internal_count=316054 314787 312745 310753 308170 1992 1553 308041 4945 303096 302770 8797 293973 1548 1292 1267 1180 1241 439 433 326 2583 439 2144 723 630 7556 552 293712 3162
is_linear=0
shrinkage=0.03


Tree=172
num_leaves=31
num_cat=0
split_feature=5 5 5 5 5 5 5 5 5 3 2 2 6 8 4 5 5 2 0 0 9 0 3 4 5 5 5 5 8 8
split_gain=64.9829 79.4337 69.6646 78.6956 126.815 73.1799 73.7496 72.6388 184.731 81.0166 67.2941 81.0571 62.7739 58.1884 79.009 49.2606 73.0664 54.6123 89.1203 43.8321 117.439 54.8341 63.2577 83.6329 49.9274 199.425 104.057 86.9294 94.5904 298.83
threshold=162.50000000000003 169.50000000000003 144.00000000000003 114.50000000000001 119.50000000000001 154.00000000000003 161.00000000000003 120.50000000000001 129.50000000000003 1.0000000180025095e-35 6.5000000000000009 4.5000000000000009 1.5000000000000002 0.0029455144889814337 3.5000000000000004 185.00000000000003 170.50000000000003 2.5000000000000004 1.5000000000000002 7.5000000000000009 3.5000000000000004 2.5000000000000004 13.500000000000002 11.500000000000002 105.50000000000001 100.50000000000001 109.00000000000001 113.00000000000001 0.093073593073593086 0.83333333333333337
decision_type=2 2 2 2 2 2 2 2 2 2 2 2 2 2 2 2 2 2 2 2 2 2 2 2 2 2 2 2 2 2
left_child=2 -2 3 19 -5 -4 -7 13 -9 -10 11 -11 -8 -6 -15 16 17 18 -3 20 21 22 23 24 25 -1 -26 -28 -29 -30
right_child=1 15 5 4 7 6 12 8 9 10 -12 -13 -14 14 -16 -17 -18 -19 -20 -21 -22 -23 -24 -25 26 -27 27 28 29 -31
leaf_value=0.00055838671838935887 0.030467448571363243 0.0069155037134492163 -0.033137124090730496 0.030972605486566399 0.015272183511842934 0.035949101667527975 -0.0030847564014968697 0.032307940570785218 0.0019583747009647798 -0.072692999155923602 -0.00055937371916979278 -0.29317607289665876 -0.041590589623702087 -0.0021340759980069883 -0.053901570361861627 -0.032920949282772081 0.026074230846231384 0.01858302529899929 -0.050274419870169382 0.026576637995489628 -0.048541629879476668 0.0068267435855317807 -0.041167402275460362 0.034552482670250191 -0.039950739142095806 0.030412288163102295 0.03395009230102785 0.017236755842598931 -0.053869879841551442 -0.0010902585311437279
leaf_weight=61624.240991060731 144.03839902579239 53.671153091127053 74.364879542039489 187.99588604457676 40.461842412129045 43.095875665545464 3009.7791717869422 207.58331680297852 701.31954020148441 9.6654025772677432 10.059757251085101 1.7764800961595018 38.592382729726523 55.240137732587755 51.060668501886539 30.375174973514731 109.83707612555008 52.771327873459086 45.156035117106512 58.77778347954154 43.634791547352506 1284.8652168589761 32.67069341315073 65.180288270668825 76.216971461893991 202.04177093505859 52.722086325287819 133.1145432498306 117.45567880896851 542.32249620620132
leaf_count=240160 57 296 2343 39 39 4 26696 31 8852 806 297 40 1475 100 569 5472 280 235 533 33 1212 8542 4374 143 609 70 3 1044 2532 8797
internal_value=0.000691016 0.0122383 0.000617719 0.000827802 0.00823728 -0.00372872 -0.0030213 0.00426933 0.00736344 0.00019976 -0.057161 -0.106925 -0.00357224 -0.0153458 -0.0270001 0.00324031 0.00744175 -0.00605797 -0.0192157 0.000681862 0.000658145 0.00069162 0.00056619 0.000587896 0.000552615 0.000655946 -0.00637767 -0.00335166 -0.00583198 -0.0104862
internal_weight=69100.1 435.849 68664.2 65498.4 1265.16 3165.83 3091.47 1077.17 930.404 722.821 21.5016 11.4419 3048.37 146.763 106.301 291.811 261.436 151.599 98.8272 64233.2 64174.5 64130.8 62846 62813.3 62748.1 61826.3 921.832 845.615 792.893 659.778
internal_count=315683 6873 308810 278292 10773 30518 28175 10734 10026 9995 1143 846 28171 708 669 6816 1344 1064 829 267519 267486 266274 257732 253358 253215 240230 12985 12376 12373 11329
is_linear=0
shrinkage=0.03


Tree=173
num_leaves=31
num_cat=0
split_feature=0 7 1 9 8 6 8 3 1 2 3 3 8 0 1 8 2 8 3 4 2 6 0 8 8 8 8 3 0 8
split_gain=48.5161 87.3681 74.1372 226.303 139.379 155.32 53.8069 51.8328 174.064 84.6052 175.385 91.0201 149.246 102.706 77.7655 62.9978 46.2397 45.0751 43.3059 71.9494 61.6602 50.2455 85.842 41.3851 39.5139 40.9299 39.2261 51.6497 39.0406 77.5158
threshold=6.5000000000000009 3.5000000000000004 2.5000000000000004 1.0000000180025095e-35 0.0081577196095829665 1.5000000000000002 0.0057007138756188193 13.500000000000002 1.5000000000000002 3.5000000000000004 5.5000000000000009 2.5000000000000004 0.83333333333333337 1.5000000000000002 1.0000000180025095e-35 0.30952380952380959 4.5000000000000009 0.0056364502806311558 1.5000000000000002 1.0000000180025095e-35 2.5000000000000004 1.5000000000000002 1.5000000000000002 0.01251959247648903 0.45000000000000007 0.10263157894736843 0.0081577196095829665 3.5000000000000004 2.5000000000000004 0.83333333333333337
decision_type=2 2 2 2 2 2 2 2 2 2 2 2 2 2 2 2 2 2 2 2 2 2 2 2 2 2 2 2 2 2
left_child=1 2 3 7 -4 -6 -3 9 -9 10 18 12 13 -11 16 -13 -14 -12 19 -1 21 22 -21 -8 25 -15 -5 -28 -20 -30
right_child=-2 6 4 26 5 -7 23 8 -10 11 17 15 14 24 -16 -17 -18 -19 28 20 -22 -23 -24 -25 -26 -27 27 -29 29 -31
leaf_value=0.00080389465098988004 0.012790130811105218 -0.0027036282211690414 0.019403399287504699 -0.049531574475638572 0.02785632944368811 -0.059778626568980989 -0.059239061920787123 -0.043601377200853615 0.022607440275837092 -0.059746814382386847 0.019079958823029146 -0.013275398361793731 -0.0049793024596456788 0.024078526182825476 -0.071266041679540051 0.01427666340508451 -0.049969116866636076 -0.03797340652176711 -0.003275380939684336 0.0072525618605562515 0.020177900307182473 0.030709285313477379 -0.021405753425421489 -0.0070758670191010242 0.029909275869746 -0.035973942081491947 -0.051846126779771393 -0.0024993991708195328 -0.0060692268588234937 0.037053899209518321
leaf_weight=61970.467730108452 302.34405712014996 53.2482080735208 409.20418794072611 80.195403985009762 30.263110197731294 45.670304247170861 45.114581249712501 88.650398210083949 59.873847374954494 15.925956641938681 13.79041822998988 80.70268990736804 74.885247778322082 21.31471610252629 31.37231059349142 1002.4145592545756 28.34172882931307 129.45961495294614 3207.9052347235483 426.28639142742031 309.3803577539511 56.229749742095009 120.70309509681829 19.651020701712696 108.11160326930622 19.614361064021068 29.695106766668687 53.449085767844736 88.526032362253318 65.106509571687639
leaf_count=278025 442 573 1179 2435 24 900 1236 6576 99 629 13 447 131 104 202 1940 266 6144 9108 537 324 148 726 476 665 423 1264 337 369 251
internal_value=0.00079901 0.000746227 0.000790616 0.000707345 0.0124766 -0.0248519 -0.0250442 0.000792165 -0.0169109 0.000830962 0.000677989 0.0081758 -0.00646012 0.012667 -0.0299026 0.0122238 -0.0173316 -0.032481 0.000749693 0.000927039 0.00928923 0.00370463 0.000928588 -0.0434118 0.0204049 -0.0047003 -0.0345622 -0.0201237 -0.00256786 0.0122055
internal_weight=68987.9 68685.6 68567.5 68082.4 485.138 75.9334 118.014 67919.1 148.524 67770.5 66387.9 1382.68 299.566 164.967 134.599 1083.12 103.227 143.25 66244.6 62883.1 912.6 603.219 546.989 64.7656 149.041 40.9291 163.34 83.1442 3361.54 153.633
internal_count=315993 315551 313266 311163 2103 924 2285 307127 6675 300452 295645 4807 2420 1821 599 2387 397 6157 289488 279760 1735 1411 1263 1712 1192 527 4036 1601 9728 620
is_linear=0
shrinkage=0.03


Tree=174
num_leaves=31
num_cat=0
split_feature=0 1 1 8 2 8 7 2 2 2 8 3 8 10 6 0 2 2 8 7 8 2 3 9 8 10 10 8 3 8
split_gain=78.0944 190.564 187.99 297.381 251.966 175.359 171.423 167.553 115.434 146.25 119.846 105.743 95.553 75.0322 74.5453 93.4691 142.606 124.669 100.473 87.7126 83.3366 73.912 98.6858 72.8371 69.677 67.8199 59.2997 54.4327 47.1383 46.0153
threshold=1.5000000000000002 1.0000000180025095e-35 1.0000000180025095e-35 0.36666666666666675 1.5000000000000002 0.83333333333333337 1.0000000180025095e-35 1.0000000180025095e-35 3.5000000000000004 1.0000000180025095e-35 0.093073593073593086 3.5000000000000004 0.078461538461538485 0.58333333333333337 1.5000000000000002 4.5000000000000009 1.5000000000000002 7.5000000000000009 0.014117725219239969 2.5000000000000004 0.83333333333333337 5.5000000000000009 11.500000000000002 1.5000000000000002 0.085144927536231887 1.0000000180025095e-35 0.41666666666666669 0.83333333333333337 5.5000000000000009 0.2678571428571429
decision_type=2 2 2 2 2 2 2 2 2 2 2 2 2 2 2 2 2 2 2 2 2 2 2 2 2 2 2 2 2 2
left_child=1 -1 3 12 6 8 7 27 9 10 24 -11 -2 26 -4 16 -16 20 19 -17 23 -7 -23 -18 -3 -19 29 -5 -22 -14
right_child=2 5 14 4 -6 21 -8 -9 -10 11 -12 -13 13 -15 15 18 17 25 -20 -21 28 22 -24 -25 -26 -27 -28 -29 -30 -31
leaf_value=0.00060218627270426086 -0.039518869471354863 -0.036708438678169079 0.0093583825656130652 -0.030782104746290475 -0.051031121935665523 -0.0080034601243164395 0.035597250109369802 -0.04797201866972145 -0.05969179128799347 0.025631986487357136 -0.022842326695094135 -0.020770814208693787 0.013431371340651218 -0.033884439171907935 -0.027818704595719512 0.031940703437808533 0.016073579504815111 0.02211778799980996 -0.047077157889067668 0.0058894728178764894 -0.038125732217019481 0.02826450172531737 -0.05430451061471224 -0.021683776927797129 0.033459370820253138 -0.04478212761986497 0.018255732994289075 -0.0013258902211564019 0.014618887825506167 -0.0010074102152824815
leaf_weight=56684.700198073631 43.216797830189535 15.540525046529181 3215.9582180751031 68.266921310860198 172.41121451814161 4574.8460853607176 66.552697431697197 112.15386327032411 21.746936516228743 407.15749740926549 165.33553352160379 49.58036396861371 284.08827889610075 41.475443701014228 197.92191891261245 146.39903060160577 401.94151576794684 16.926376940598857 27.617320071527502 566.10636513630743 52.014232934758184 94.689101953059435 15.105861519114113 51.922412419913599 70.594034760259092 70.19729056592405 321.26291989009042 326.48223163094372 21.575106315402081 660.50156274321125
leaf_count=184597 1070 806 22673 5344 4848 53652 277 2059 1015 691 5224 642 1671 930 7675 90 944 105 612 2778 421 38 886 187 80 619 837 9660 186 4901
internal_value=0.000424215 8.85583e-05 0.0034605 -0.0040268 -0.019231 -0.00528855 -0.0096702 -0.0156135 0.00838851 0.010479 -0.00789392 0.0205948 0.00437004 0.00582089 0.00675214 0.00135381 -0.00567146 0.00146097 0.00906608 0.0112422 0.00695244 -0.00741969 0.0169045 0.0117541 0.0207996 -0.0317848 0.00712183 -0.00641997 -0.0226619 0.0033351
internal_weight=68964.3 62099.3 6864.99 2096.41 745.867 5414.6 573.456 506.903 729.955 708.208 251.47 456.738 1350.55 1307.33 4768.58 1552.62 812.499 614.577 740.123 712.505 527.453 4684.64 109.795 453.864 86.1346 87.1237 1265.85 394.749 73.5893 944.59
internal_count=315518 247631 67887 31597 22188 63034 17340 17063 8458 7443 6110 1333 9409 8339 36290 13617 10137 2462 3480 2868 1738 54576 924 1131 886 724 7409 15004 607 6572
is_linear=0
shrinkage=0.03


Tree=175
num_leaves=31
num_cat=0
split_feature=0 11 0 1 4 8 8 8 8 3 8 1 8 4 8 10 3 8 7 4 8 3 4 3 4 10 3 3 9 8
split_gain=85.8373 93.2877 39.4167 280.819 234.643 501.932 204.359 168.756 155.093 115.942 74.9928 69.7372 119.233 80.0984 73.6887 133.086 95.42 136.225 61.9252 89.0543 81.2904 77.8541 62.5007 168.068 78.1896 53.1435 131.401 49.3648 47.0325 44.5105
threshold=2.5000000000000004 1.0000000180025095e-35 1.5000000000000002 1.0000000180025095e-35 1.0000000180025095e-35 0.45000000000000007 0.11437908496732027 0.83333333333333337 0.23611111111111113 11.500000000000002 0.45000000000000007 1.0000000180025095e-35 0.83333333333333337 4.5000000000000009 0.83333333333333337 0.29166666666666669 4.5000000000000009 0.12132352941176472 1.0000000180025095e-35 1.5000000000000002 0.072751322751322761 1.0000000180025095e-35 2.5000000000000004 4.5000000000000009 4.5000000000000009 0.58333333333333337 5.5000000000000009 5.5000000000000009 1.0000000180025095e-35 0.072751322751322761
decision_type=2 2 2 2 2 2 2 2 2 2 2 2 2 2 2 2 2 2 2 2 2 2 2 2 2 2 2 2 2 2
left_child=1 2 9 4 6 8 -4 -8 -6 11 18 14 13 29 15 16 17 -1 19 21 28 -5 -21 -24 -25 -14 -27 -26 -20 -13
right_child=-2 -3 3 10 5 -7 7 -9 -10 -11 -12 12 25 -15 -16 -17 -18 -19 20 22 -22 -23 23 24 27 26 -28 -29 -30 -31
leaf_value=0.00090053298913722352 0.0072728274183129129 -0.050433723690614864 0.01477437310964486 -0.013391490248649641 -0.030358729531428874 -0.046731320941710217 -0.036651552581697777 -0.010340171825650122 0.017149350589648494 -0.048505720975890815 0.0069434406092264743 -0.0379645928940998 -0.0036592134079099091 -0.061934687076170516 0.0038487472220741057 -0.032168484948131411 0.037695297609150261 -0.017038557800792126 0.0089158802972888161 0.020539896508925591 0.035003065487092443 -0.075556791611641735 -0.057416422793462783 0.028790131880081581 -0.048186631453539935 -0.051530257608945695 0.0069087436602928848 0.0014383935747093255 -0.052576961812310592 0.011405328896433607
leaf_weight=48536.417028019845 1781.5574725134793 32.220058782040724 128.20622506487143 387.29962814669125 68.968605234787901 161.26494445993376 527.15393453250181 375.78069559735013 598.68510800761032 42.846209852934408 2046.6117535228004 16.832304758034297 4425.2588069583289 14.111867492851159 7936.4262255234644 110.39825351005129 63.03062226055772 383.99046486888255 28.835827685281402 132.82984543226485 77.529474348504664 19.021748383122031 44.797914698232489 83.477790997050761 23.951922986401769 69.779662927612662 68.742363709956408 73.103155313524439 18.297164191713819 696.99782620977203
leaf_count=104897 11505 400 995 4403 1074 5350 11193 9760 1538 3857 18553 795 53012 410 69489 1356 65 6877 270 320 232 262 442 138 133 220 139 923 883 6606
internal_value=0.000773374 0.000601047 0.000625531 -0.00199532 -0.0111154 0.000768637 -0.0206688 -0.0257014 0.0122418 0.000827073 0.00378306 0.000860989 -0.00243349 0.00884197 0.00116668 0.000733098 0.000807252 0.000759724 -0.00349143 -0.0066885 0.0161144 -0.0163017 0.00421738 -0.00540455 0.00750182 -0.00423198 -0.0225296 -0.0108084 -0.0149558 0.0102412
internal_weight=68974.4 67192.9 67160.6 4795.82 1860.06 828.919 1031.14 902.935 667.654 62364.8 2935.76 62322 5291.72 727.942 57030.3 49093.8 48983.4 48920.4 889.144 764.482 124.662 406.321 358.161 225.331 180.533 4563.78 138.522 97.0551 47.133 713.83
internal_count=316097 304592 304192 56469 29910 7962 21948 20953 2612 247723 26559 243866 61182 7811 182684 113195 111839 111774 8006 6621 1385 4665 1956 1636 1194 53371 359 1056 1153 7401
is_linear=0
shrinkage=0.03


Tree=176
num_leaves=31
num_cat=0
split_feature=1 0 8 2 5 5 8 5 5 5 5 5 8 4 8 5 0 8 8 5 5 5 2 2 5 5 5 5 8 8
split_gain=84.5082 103.523 193.482 244.209 135.154 186.484 169.307 107.241 234.798 347.85 179.374 204.925 147.215 86.945 115.077 181.575 148.281 85.2442 494.886 177.787 73.8532 93.3505 73.7613 73.5334 111.767 69.5754 284.408 123.197 84.1713 101.67
threshold=1.0000000180025095e-35 1.5000000000000002 0.36666666666666675 1.5000000000000002 93.500000000000014 99.500000000000014 0.58333333333333337 95.500000000000014 43.500000000000007 30.500000000000004 129.50000000000003 161.00000000000003 0.83333333333333337 11.500000000000002 0.30952380952380959 113.00000000000001 2.5000000000000004 0.45000000000000007 0.12132352941176472 9.5000000000000018 93.500000000000014 94.500000000000014 1.0000000180025095e-35 1.0000000180025095e-35 29.500000000000004 23.000000000000004 29.500000000000004 10.500000000000002 0.10818713450292398 0.83333333333333337
decision_type=2 2 2 2 2 2 2 2 2 2 2 2 2 2 2 2 2 2 2 2 2 2 2 2 2 2 2 2 2 2
left_child=1 7 13 4 -4 6 -6 8 9 17 12 -12 -9 14 15 16 -3 18 22 -20 -10 -22 -1 24 -19 27 -27 28 -2 -30
right_child=25 2 3 -5 5 -7 -8 10 20 -11 11 -13 -14 -15 -16 -17 -18 23 19 -21 21 -23 -24 -25 -26 26 -28 -29 29 -31
leaf_value=0.0003218120107547429 -0.042679835251778715 -0.049989119877200124 -0.03542507882009896 -0.050456625067776983 -0.033327206487831426 -0.040605725247766553 0.019138926174330131 -0.017870721157187096 -0.033941527393271546 0.037408499319962756 -0.033926901595233955 0.0042375693822290774 0.022601646609180938 0.038367253254768162 0.0042426626292649929 0.01625243419875572 0.01084919104809033 0.0086515501697855355 -0.12638371970062667 -0.040281251356560931 0.033409984725347688 -0.0094692377577373175 0.034979405839185136 -0.0016108717680908943 -0.033238131996240268 -0.03205175989734018 0.0029885999808643938 0.030437710544427135 0.013359241929215424 -0.00053846314027171285
leaf_weight=48060.549658037722 31.680964029208553 141.57000285048116 134.95509086538823 167.08264183507436 69.061493688159317 86.010637297397352 278.91860705000363 90.903098561149818 107.73296159712481 231.4872031211853 138.84378124174691 1438.8231756287023 734.06360684416723 53.038206248787901 929.41976296546272 95.291760181609789 48.376301550873904 2530.6611597435549 29.413967560976744 81.066980600262468 46.861282348632812 1835.4851363405251 55.331683476149919 1081.6761817363004 58.653571948409081 214.19868644281814 7797.2160049662016 202.0648460900411 977.88426048237307 918.94579063728452
leaf_count=104174 607 2587 7389 4828 1778 4179 4210 960 1381 35 3130 10406 3487 375 5610 598 187 31355 173 2029 2 24297 151 2538 694 7681 75210 78 3591 12311
internal_value=0.000804959 0.000366847 -0.00633441 -0.0185688 -0.00920429 -0.00105059 0.00872629 0.000604411 0.000329074 0.000715166 0.00680633 0.000878876 0.018142 0.000768916 -0.000872821 -0.0175411 -0.0344946 0.000551496 0.000216044 -0.0632048 -0.00978435 -0.00840175 0.000361667 0.00495838 0.00770266 0.00333313 0.00205174 0.00815142 0.00581632 0.0066263
internal_weight=68667.3 58525.3 2003.72 736.028 568.946 433.991 347.98 56521.6 54118.9 52128.8 2402.63 1577.67 824.967 1267.7 1214.66 285.238 189.946 51897.4 48226.4 110.481 1990.08 1882.35 48115.9 3670.99 2589.31 10142 8011.41 2130.58 1928.51 1896.83
internal_count=316031 216553 31741 22384 17556 10167 5988 184812 166829 141149 17983 13536 4447 9357 8982 3372 2774 141114 106527 2202 25680 24299 104325 34587 32049 99478 82891 16587 16509 15902
is_linear=0
shrinkage=0.03


Tree=177
num_leaves=31
num_cat=0
split_feature=8 4 6 8 8 1 8 0 0 6 3 0 1 11 9 8 8 4 4 9 4 3 1 0 4 0 4 6 10 4
split_gain=117.464 84.5246 95.9901 72.2778 203.67 114.917 158.073 192.083 81.7959 70.3583 59.1121 57.7523 55.0648 128.588 54.6552 69.3673 47.0714 130.523 45.5251 44.2332 40.9361 81.7499 40.132 207.053 140.468 107.147 76.6149 162.111 70.8953 84.7331
threshold=0.58333333333333337 11.500000000000002 5.5000000000000009 0.11437908496732027 0.21111111111111114 1.0000000180025095e-35 0.36666666666666675 1.5000000000000002 2.5000000000000004 6.5000000000000009 1.0000000180025095e-35 1.5000000000000002 1.5000000000000002 1.0000000180025095e-35 1.0000000180025095e-35 0.30952380952380959 0.83333333333333337 1.5000000000000002 5.5000000000000009 3.5000000000000004 2.5000000000000004 1.5000000000000002 1.0000000180025095e-35 1.5000000000000002 1.0000000180025095e-35 1.5000000000000002 4.5000000000000009 1.5000000000000002 0.29166666666666669 3.5000000000000004
decision_type=2 2 2 2 2 2 2 2 2 2 2 2 2 2 2 2 2 2 2 2 2 2 2 2 2 2 2 2 2 2
left_child=1 2 3 -1 -5 6 7 -6 14 -4 11 -8 13 16 15 -7 17 -2 -19 -3 21 -9 23 -18 -25 28 27 -27 -24 -30
right_child=12 19 9 4 5 8 10 20 -10 -11 -12 -13 -14 -15 -16 -17 22 18 -20 -21 -22 -23 25 24 -26 26 -28 -29 29 -31
leaf_value=0.00103226508034119 0.024770432158429539 0.016500974230489945 -0.047889401181274834 -0.04741994268207847 -0.026472276134874545 -0.047356430666673652 -0.004184344044450207 0.0019915758587056077 -0.028226847083158018 0.010143063797043763 -0.038671602066311865 -0.033706537468330147 0.017008876582577385 -0.073339030939377964 0.03253845557304285 0.0039214752712304953 0.005797472532815995 -0.039012324898089833 0.011588299148991996 -0.019922352396190984 0.012763007728356316 -0.037808167449742497 0.00057024461049113857 -0.009393201574056308 -0.064072797330265482 0.0080446070539788618 0.020985831141787842 -0.035117191009501766 -0.028509030703939293 -0.0024460253735202708
leaf_weight=49696.63003203128 257.328400241292 410.63053432024026 62.380146132687514 91.964400342274075 246.36635360186483 24.076017500710805 159.91565880805138 698.96325404391973 72.957143818904115 26.915280379354954 155.29302525423964 95.103460072430607 277.5401391658761 19.563747573803994 59.138789183169138 1716.8157916761911 8099.1932564208946 45.794454286811742 24.597538448216255 32.373404778307304 281.69625663386796 49.754559037610306 4158.3837003926747 399.54713408567477 47.287673664684917 1041.4176221115631 343.41017672583985 84.685713819679222 171.15536556113511 326.2849081232016
leaf_count=114944 2642 3481 1302 2930 3711 715 3085 5034 775 38 3510 5101 1139 194 136 15677 70856 451 411 190 870 289 52425 10095 2474 7981 1511 1822 400 1706
internal_value=0.00144776 0.000789092 0.000680905 0.000732924 -0.00334048 -0.00220181 -0.00788093 -0.00267523 0.00291365 -0.0303974 -0.0240797 -0.015194 0.00376792 0.00352323 0.00417581 0.00321232 0.00362348 0.0148683 -0.0213306 0.0138393 0.00301452 -0.000653237 0.0033723 0.00470066 -0.0151798 0.00151899 0.00858149 0.00479873 -0.000710138 -0.0114136
internal_weight=69177.2 53881 53438 53348.7 3652.04 3560.08 1687.09 1276.78 1872.99 89.2954 410.312 255.019 15296.2 15018.6 1800.03 1740.89 14999.1 327.72 70.392 443.004 1030.41 748.718 14671.4 8546.03 446.835 6125.34 1469.51 1126.1 4655.82 497.44
internal_count=315895 161788 158117 156777 41833 38903 21600 9904 17303 1340 11696 8186 154107 152968 16528 16392 152774 3504 862 3671 6193 5323 149270 83425 12569 65845 11314 9803 54531 2106
is_linear=0
shrinkage=0.03


Tree=178
num_leaves=31
num_cat=0
split_feature=3 8 0 0 3 8 8 9 5 5 5 5 0 5 0 5 10 10 11 3 3 5 10 5 8 8 8 3 8 5
split_gain=58.2663 104.662 117.717 70.6278 105.794 63.0843 100.989 69.4752 57.2508 53.2677 99.5349 55.2688 94.0751 61.6121 41.0152 39.9494 48.4988 48.2334 98.0018 42.0584 37.1367 136.147 122.598 65.1301 36.6632 28.3234 28.2437 38.1198 28.0545 67.3469
threshold=4.5000000000000009 0.072751322751322761 4.5000000000000009 1.5000000000000002 11.500000000000002 0.0057007138756188193 0.0080375119782077394 1.5000000000000002 120.50000000000001 162.50000000000003 169.50000000000003 170.50000000000003 1.5000000000000002 185.00000000000003 7.5000000000000009 169.50000000000003 1.0000000180025095e-35 0.41666666666666669 22.500000000000004 23.500000000000004 3.5000000000000004 95.500000000000014 0.58333333333333337 29.500000000000004 0.83333333333333337 0.002797252042189603 0.009669627551815491 19.500000000000004 0.23611111111111113 113.00000000000001
decision_type=2 2 2 2 2 2 2 2 2 2 2 2 2 2 2 2 2 2 2 2 2 2 2 2 2 2 2 2 2 2
left_child=9 2 8 4 -3 -4 -7 -8 25 14 -11 12 -12 -13 20 17 -17 18 -5 28 -1 22 23 -22 -24 -2 -9 -28 29 -19
right_child=1 3 5 15 -6 6 7 26 -10 10 11 13 -14 -15 -16 16 -18 19 -20 -21 21 -23 24 -25 -26 -27 27 -29 -30 -31
leaf_value=-5.4674324506788869e-06 -0.0093918216550790811 0.0034898372084313542 0.013191552374664149 -0.055895775880922753 -0.046267027417299773 -0.053175370784937899 0.019873356983840209 -0.001888843504379523 0.029812647040232312 0.031024008472169618 0.0090040341411403574 0.031826620871923977 -0.051767925653186407 -0.032649056068130511 0.030087341504565941 0.03123553222738943 -0.051516930904481673 -0.045730707554264449 0.031352217626341244 -0.035431718266986059 -0.0009648707724200596 0.0064354622387728221 -0.035535900592167227 -0.027657949319801738 -0.078895640261418987 -0.04855824946193292 -0.06056668739435489 -0.0021998090253865839 0.016264467922705996 0.017049226388245266
leaf_weight=64617.185800666222 20.561171199346518 1152.8102985015339 175.00880687870085 25.836263187895383 39.786353394805701 41.432017561048269 77.044095985591412 40.447963756509125 11.348736791924237 140.70098249614239 50.268498230492696 55.185347557067871 42.145777660422027 17.59059540097951 40.571993917226791 9.7143866501864995 18.536550010946485 22.784177147845185 21.008689768961631 15.087933440674531 220.70136404254299 385.17449880061031 41.411830464377999 131.15606614842545 30.460460429487284 86.632586159372295 24.986278979107738 16.870267291786149 1019.2026370434019 47.314753907672639
leaf_count=288921 140 2868 220 460 3699 210 79 87 184 48 275 9 518 4944 13 2 579 517 4 1443 622 1036 341 677 190 1011 157 96 6774 124
internal_value=0.000174091 0.00436104 -0.00819641 0.00697796 0.00182989 2.59517e-05 -0.0114497 -0.000600712 -0.034262 -8.37881e-06 0.0124815 -0.00331214 -0.0187112 0.0162423 -6.67373e-05 0.0121832 -0.0230616 0.0130481 -0.0167674 0.0143128 -8.54365e-05 -0.00647355 -0.018208 -0.0109148 -0.0539124 -0.0410456 -0.0197662 -0.0370419 0.0150018 -0.00335607
internal_weight=68639 2866.41 494.332 2372.08 1192.6 375.789 200.781 159.349 118.542 65772.6 305.891 165.19 92.4143 72.7759 65466.7 1179.49 28.2509 1151.23 46.845 1104.39 65426.1 808.904 423.73 351.857 71.8723 107.194 82.3045 41.8565 1089.3 70.0989
internal_count=316248 18654 2184 16470 6567 849 629 419 1335 297594 5794 5746 793 4953 291800 9903 581 9322 464 8858 291787 2866 1830 1299 531 1151 340 253 7415 641
is_linear=0
shrinkage=0.03


Tree=179
num_leaves=31
num_cat=0
split_feature=5 5 9 4 9 1 7 2 1 5 2 1 5 5 1 2 5 5 5 2 1 5 5 5 10 6 5 2 5 5
split_gain=154.98 153.691 122.466 103.972 145.575 180.323 79.2653 63.6437 99.3636 171.443 73.691 190.14 77.2304 67.3714 62.3243 141.488 447.195 350.811 153.836 224.205 150.899 148.336 218.031 141.112 112.579 100.457 84.1125 111.585 102.788 83.3537
threshold=114.50000000000001 119.50000000000001 3.5000000000000004 5.5000000000000009 1.0000000180025095e-35 4.5000000000000009 1.0000000180025095e-35 1.0000000180025095e-35 1.0000000180025095e-35 154.00000000000003 1.5000000000000002 1.0000000180025095e-35 162.50000000000003 161.00000000000003 1.0000000180025095e-35 1.0000000180025095e-35 91.500000000000014 23.000000000000004 95.500000000000014 2.5000000000000004 1.5000000000000002 96.500000000000014 109.00000000000001 105.50000000000001 1.0000000180025095e-35 1.5000000000000002 95.500000000000014 1.0000000180025095e-35 99.500000000000014 9.5000000000000018
decision_type=2 2 2 2 2 2 2 2 2 2 2 2 2 2 2 2 2 2 2 2 2 2 2 2 2 2 2 2 2 2
left_child=2 -2 3 4 6 -6 14 8 9 -3 11 -9 -13 -11 25 16 20 -17 19 -19 29 -18 -23 -20 -25 26 -1 -28 -29 -16
right_child=1 7 -4 -5 5 -7 -8 10 -10 13 -12 12 -14 -15 15 17 21 18 23 -21 -22 22 -24 24 -26 -27 27 28 -30 -31
leaf_value=-6.2091664516934723e-05 0.03180961357346529 -0.031588749566291423 -0.048512182291174863 0.0092142775608953734 -0.044743330670081086 0.013104085424784719 0.018450674109815417 0.0076592695519701881 0.01059143994042229 0.038594236145055409 0.0022803809651855797 -0.063031370229138656 -0.014177821389662932 0.0022564886820972199 -0.066496228284639983 0.012539216855418077 0.0038110009612397078 -0.030535477039818053 0.017543629733700803 0.0015436407656526333 0.017604927436642433 -0.043882898093265274 0.0034841887966382931 -0.053772765465822152 -0.0035509426589754403 -0.031893815921751854 0.023423411602577954 0.030437971099316136 -0.0029892225632000276 -0.026745811955851812
leaf_weight=55412.980432004711 190.15289581846628 138.27068054286065 47.106038776037167 1055.5654424168097 141.44704322441248 73.803291743970476 204.51920171116944 147.04266516193093 2074.4374421421817 47.93548709154129 1116.6884432749039 71.572131458496187 49.103818728468468 1092.1420166257885 50.607654942661611 1342.6274023738224 1629.1059439014643 478.6304297763636 291.37102420406882 332.16635114579185 67.061429722700268 157.70108353439718 196.3573993886821 48.648107713139325 230.53363989625359 88.505900020812987 317.40250366530381 96.748151540756226 573.90391525141604 767.49640598520637
leaf_count=181685 40 3544 1224 10105 5166 539 984 619 22804 3 7368 1512 213 12095 430 1498 23409 2221 243 1073 272 1405 6114 260 468 2632 5366 33 1546 21212
internal_value=0.00023866 0.00536432 -0.000158419 -0.000122581 -0.000280267 -0.0249091 -0.000195155 0.00430279 0.00653723 -4.174e-05 -0.0011086 -0.0152445 -0.0431525 0.00378434 -0.00025658 -0.00327762 -0.00792783 0.00161902 -0.00899505 -0.0173933 -0.0256584 -1.39726e-05 -0.0176136 0.00293952 -0.0123022 4.2494e-05 9.26092e-05 0.00876869 0.00183298 -0.0292048
internal_weight=68531.6 4927.35 63604.3 63557.2 62501.6 215.25 62286.4 4737.19 3352.79 1278.35 1384.41 267.719 120.676 1140.08 62081.8 5592.31 2868.33 2723.98 1381.35 810.797 885.165 1983.16 354.058 570.553 279.182 56489.5 56401 988.055 670.652 818.104
internal_count=316083 48198 267885 266661 256556 5705 250851 48158 38446 15642 9712 2344 1725 12098 249867 58605 52842 5763 4265 3294 21914 30928 7519 971 728 191262 188630 6945 1579 21642
is_linear=0
shrinkage=0.03


Tree=180
num_leaves=31
num_cat=0
split_feature=5 5 5 5 5 5 1 8 6 2 2 5 5 3 10 7 2 1 2 0 9 0 9 9 0 8 0 3 2 3
split_gain=120.671 108.488 96.3126 93.2634 86.3258 167.539 108.053 55.042 49.1724 64.785 48.1123 46.8495 187.598 80.3479 65.8308 63.9316 73.4168 47.1146 43.7847 41.7666 106.048 51.5377 119.683 71.4777 84.3091 78.5114 186.504 58.6341 51.1772 115.683
threshold=154.00000000000003 151.50000000000003 161.00000000000003 144.00000000000003 129.50000000000003 120.50000000000001 1.0000000180025095e-35 0.45000000000000007 1.5000000000000002 1.0000000180025095e-35 1.5000000000000002 114.50000000000001 119.50000000000001 20.500000000000004 1.0000000180025095e-35 3.5000000000000004 3.5000000000000004 2.5000000000000004 6.5000000000000009 7.5000000000000009 3.5000000000000004 3.5000000000000004 1.0000000180025095e-35 1.5000000000000002 4.5000000000000009 0.0050568980948727795 6.5000000000000009 12.500000000000002 5.5000000000000009 1.5000000000000002
decision_type=2 2 2 2 2 2 2 2 2 2 2 2 2 2 2 2 2 2 2 2 2 2 2 2 2 2 2 2 2 2
left_child=1 3 -2 4 5 11 -6 -4 -9 -10 -8 13 -13 19 -15 16 -14 -18 -12 20 21 22 27 -23 -25 -26 -27 28 -1 -30
right_child=2 -3 7 -5 6 -7 10 8 9 -11 18 12 15 14 -16 -17 17 -19 -20 -21 -22 23 -24 24 25 26 -28 -29 29 -31
leaf_value=0.0011081080717249214 0.037626813045841909 -0.041762587173200909 -0.030942868967468284 0.033722025919717381 -0.034450487314548521 0.03179122716528654 -0.002028022490664372 0.0068143431200111846 0.026776810545975378 -0.041718890535835357 -0.083879180392354979 0.031840068822087238 -0.040043527844047473 0.030322817503294523 -0.042938759119381803 -0.055994236804590945 -0.027943296941269263 0.02130826393659252 0.00099351469871927843 0.026773136169023642 -0.049543873873173661 0.019411092084770161 -0.032631076308885454 -0.052778051737043551 0.023799449288555489 -0.065099656600601838 0.011362561915472771 -0.044324470008612712 -0.043749533070121242 0.014170275517196082
leaf_weight=63038.804020291063 88.728787019842002 52.893579056210001 35.955882678616035 79.357910124250338 126.0590916764686 161.70563900470734 551.21602961314784 3524.4106425406308 17.865106610493967 40.832301434992132 12.592976343717966 194.83881640434265 36.627570271492004 13.442283968823174 61.736020107880904 25.106362907215953 22.826002209447324 74.64719305653125 9.6722595686951518 57.396536443382502 37.088020864975988 326.81668192012148 94.432779367729381 26.022894406953128 103.82705124863423 40.294872063677758 99.862539149820805 25.488732054669526 33.126267954779905 491.74190332568833
leaf_count=252969 5 1875 5010 496 3520 32 5728 28513 1044 723 597 37 127 25 4110 145 391 52 216 26 1105 986 3042 946 194 1147 114 974 1058 1017
internal_value=0.0014815 0.00118477 0.00674726 0.00121932 0.00118004 0.00129291 -0.00930233 0.00599018 0.0063608 -0.0208716 -0.00377442 0.00121681 0.0121 0.00115703 -0.0298392 -0.0120581 -0.00383241 0.00977467 -0.0470096 0.00119322 0.0011704 0.00119966 0.00111742 0.00997441 -0.00144773 0.00402705 -0.0106201 0.00116754 0.00118578 0.0105148
internal_weight=69505.4 65797.6 3707.79 65744.7 65665.4 64965.8 699.54 3619.06 3583.11 58.6974 573.481 64804.1 354.046 64450.1 75.1783 159.207 134.101 97.4732 22.2652 64374.9 64317.5 64280.4 63683.6 596.824 270.007 243.984 140.157 63589.2 63563.7 524.868
internal_count=316224 280929 35295 279054 278558 268497 10061 35290 30280 1767 6541 268465 752 267713 4135 715 570 443 813 263578 263552 262447 259060 3387 2401 1455 1261 256018 255044 2075
is_linear=0
shrinkage=0.03


Tree=181
num_leaves=31
num_cat=0
split_feature=5 5 5 5 2 0 1 2 5 10 1 6 3 2 0 7 1 1 2 9 5 3 2 5 2 10 3 3 10 9
split_gain=206.325 301.961 145.464 212.776 152.356 88.2213 91.8719 196.606 173.3 80.0812 76.6754 209.742 63.7607 52.5423 56.3004 129.286 111.058 70.3693 97.7991 97.7247 70.6589 73.2972 57.0943 51.373 46.505 147.665 140.615 60.6684 56.137 43.3006
threshold=10.500000000000002 23.000000000000004 8.5000000000000018 1.0000000180025095e-35 4.5000000000000009 1.5000000000000002 1.0000000180025095e-35 1.0000000180025095e-35 9.5000000000000018 0.41666666666666669 1.5000000000000002 1.0000000180025095e-35 5.5000000000000009 11.500000000000002 4.5000000000000009 1.5000000000000002 2.5000000000000004 2.5000000000000004 6.5000000000000009 2.5000000000000004 120.50000000000001 16.500000000000004 3.5000000000000004 115.50000000000001 3.5000000000000004 0.58333333333333337 3.5000000000000004 5.5000000000000009 1.0000000180025095e-35 4.5000000000000009
decision_type=2 2 2 2 2 2 2 2 2 2 2 2 2 2 2 2 2 2 2 2 2 2 2 2 2 2 2 2 2 2
left_child=2 -2 3 10 5 24 7 -7 -8 -6 11 -1 -10 14 15 16 -3 -16 19 20 21 -19 -21 -17 25 28 -27 -28 -4 -15
right_child=1 13 4 -5 9 6 8 -9 12 -11 -12 -13 -14 29 17 23 -18 18 -20 22 -22 -23 -24 -25 -26 26 27 -29 -30 -31
leaf_value=0.00019507956407195854 0.030373343941586042 0.002800911640468735 -0.015067214683151031 0.035354688269974496 -0.02428258324808789 0.0049314509122217465 -0.087181068143591292 -0.040714552308480013 0.0097356390965966152 0.019454297860189828 0.03810299869320425 -0.048248161908262234 -0.03594999952847177 -0.04467659820606025 0.032298565232661065 -0.039722463554276714 0.030142903631198485 -0.064364405937833574 0.023098734245887591 0.018144547006319338 0.030880489110006973 0.0024485070925177746 -0.012622999247115419 -0.0013280430495204428 0.0088411977604524253 -0.0072363500608754079 -0.13174925541936183 -0.039593270616101725 -0.0035190045372447644 0.017030503471938057
leaf_weight=47935.89660310746 371.30862206686288 16315.838291644322 1274.6384094520763 155.02516050264239 43.650924844783731 208.51564278156729 17.778087231155951 143.27949321870256 629.52104935015086 275.30733920220518 47.864166505634785 80.573097571730614 28.749514628580073 36.61554708937183 122.43000663322164 89.007804446948285 134.80517130804219 47.901589582063025 205.58802362903953 143.58915051243821 13.669871166290248 21.370704662054777 87.27329633734189 48.43078492712084 91.192887206736486 23.967809200286865 21.516417384147648 9.1689352021348878 539.06527579722751 14.204918614821507
leaf_count=103702 142 167385 27266 13 439 3244 282 1369 3291 704 7 398 405 336 185 2474 139 896 129 1609 6 34 237 156 90 37 145 193 838 42
internal_value=0.000806358 0.00360552 -0.000152599 0.000264799 -0.00623987 -0.00834411 -0.00122581 -0.0136593 0.0052442 0.0134687 0.000151621 0.00011379 0.00774035 0.00303037 0.00312021 0.00278288 0.00302497 0.0118384 0.00701557 -0.00352127 -0.031452 -0.0437524 0.00651344 -0.026193 -0.0120779 -0.0130989 -0.0616843 -0.104213 -0.0116349 -0.0274287
internal_weight=69177.7 17652 51525.7 48219.4 3306.35 2987.39 1027.84 351.795 676.049 318.958 48064.3 48016.5 658.271 17280.7 17229.9 16588.1 16450.6 641.823 519.393 313.805 82.9422 69.2723 230.862 137.439 1959.55 1868.36 54.6532 30.6854 1813.7 50.8205
internal_count=316193 173770 142423 104120 38303 37160 8591 4613 3978 1143 104107 104100 3696 173628 173250 170154 167524 3096 2911 2782 936 930 1846 2630 28569 28479 375 338 28104 378
is_linear=0
shrinkage=0.03


Tree=182
num_leaves=31
num_cat=0
split_feature=5 5 8 5 8 10 8 2 0 5 7 1 5 5 2 5 2 5 5 8 4 3 3 2 4 0 0 1 4 2
split_gain=91.0712 130.407 342.064 302.442 242.33 175.444 194.149 113.725 167.238 112.854 109.166 84.0076 81.4993 193.152 96.0619 205.237 180.884 165.17 217.471 206.734 537.115 335.914 325.91 274.942 210.231 141.55 124.853 147.949 177.344 116.846
threshold=114.50000000000001 105.50000000000001 0.093073593073593086 100.50000000000001 0.05634920634920635 0.41666666666666669 0.83333333333333337 3.5000000000000004 5.5000000000000009 119.50000000000001 1.0000000180025095e-35 1.5000000000000002 99.500000000000014 95.500000000000014 1.0000000180025095e-35 71.500000000000014 4.5000000000000009 89.000000000000014 29.500000000000004 0.58333333333333337 4.5000000000000009 5.5000000000000009 4.5000000000000009 2.5000000000000004 2.5000000000000004 1.5000000000000002 1.5000000000000002 1.0000000180025095e-35 2.5000000000000004 1.5000000000000002
decision_type=2 2 2 2 2 2 2 2 2 2 2 2 2 2 2 2 2 2 2 2 2 2 2 2 2 2 2 2 2 2
left_child=1 3 4 10 7 -4 -7 11 -9 -2 12 -3 13 14 15 -1 17 18 26 22 25 -22 23 24 -19 -21 -16 -28 -29 -26
right_child=9 2 5 -5 -6 6 -8 8 -10 -11 -12 -13 -14 -15 16 -17 -18 19 -20 20 21 -23 -24 -25 29 -27 27 28 -30 -31
leaf_value=0.00046473125854482912 0.030749024558163526 -0.049124139248738007 -0.033540599878239763 0.033191261914841695 0.03462477682071595 -0.056903382534674654 0.0099547457300023911 -0.050677758177508386 -0.0018616965172871917 0.0038942734398910747 -0.037941839505856584 0.010218090528430175 -0.010101626653993914 0.031003111927179559 0.0012303515062588152 0.0079500245302241181 0.01146730772985996 -0.053498448218970963 0.031483295237801821 -0.013625600951061479 -0.1950113844673195 -0.04573382454728056 0.019740755833114271 0.0089847496487664279 0.011586901233753508 -0.068401739256147481 -0.040878260837186021 0.0057920067334267392 -0.038359905025113841 -0.046602820112029021
leaf_weight=52257.637810812557 145.18200992699713 22.786039460101165 486.28007170972705 256.02736153732985 190.85405623051338 48.275901308748871 205.44423611960519 94.613970892009092 189.99764244095422 4705.8998845230817 66.352476732317882 371.75586451327399 638.72348321103345 188.35605223476887 1709.6866692402982 3518.6812124662101 646.18624411041492 196.08732617890928 179.48891115178412 939.63878315314651 24.557472120737657 30.314211311295367 379.23506198938412 234.47075449174736 102.48506322409958 44.468474125809735 147.33166839762453 308.25149304035585 111.49039143862683 44.56126151420176
leaf_count=166670 36 1086 11594 76 89 320 372 607 474 48186 1801 4860 4366 57 3248 54749 4052 1150 438 1574 274 1309 2263 452 298 815 3093 606 1068 305
internal_value=0.000735752 0.000433696 -0.00799562 0.000652502 0.00475746 -0.0229892 -0.0027665 -0.00363578 -0.0180897 0.00469798 0.00051763 0.00679089 0.000558988 0.000670499 0.000576645 0.000936945 -0.00336514 -0.00551797 -0.000309256 -0.0119283 -0.0211941 -0.112542 -0.0018671 -0.0160541 -0.0331636 -0.0161007 -0.00281563 -0.015014 -0.00593547 -0.00604705
internal_weight=68485.1 63634 1610.01 62024 870.008 740 253.72 679.154 284.612 4851.08 61768 394.542 61701.7 61062.9 60874.6 55776.3 5098.25 4452.07 2456.25 1995.82 1038.98 54.8717 956.839 577.604 343.134 984.107 2276.76 567.074 419.742 147.046
internal_count=316288 268066 19402 248664 7116 12286 692 7027 1081 48222 248588 5946 246787 242421 242364 221419 20945 16893 8453 8440 3972 1583 4468 2205 1753 2389 8015 4767 1674 603
is_linear=0
shrinkage=0.03


Tree=183
num_leaves=31
num_cat=0
split_feature=3 3 5 2 5 8 3 10 2 2 8 5 4 5 2 9 8 6 7 6 8 5 8 2 1 10 2 5 5 5
split_gain=70.2957 82.5577 102.614 182.749 107.952 129.051 55.1334 71.6985 97.0109 86.8316 80.8343 83.4546 57.972 57.9194 88.5282 57.1373 103.203 71.1716 53.5835 61.0059 181.317 87.6255 52.0554 54.8914 50.5832 50.2058 83.3555 132.222 47.4546 47.1248
threshold=4.5000000000000009 3.5000000000000004 95.500000000000014 2.5000000000000004 29.500000000000004 0.83333333333333337 2.5000000000000004 0.29166666666666669 1.5000000000000002 5.5000000000000009 0.58333333333333337 119.50000000000001 1.0000000180025095e-35 23.000000000000004 2.5000000000000004 1.0000000180025095e-35 0.0056364502806311558 4.5000000000000009 1.0000000180025095e-35 1.5000000000000002 0.23611111111111113 100.50000000000001 0.0077419483736913619 3.5000000000000004 1.0000000180025095e-35 0.29166666666666669 4.5000000000000009 94.500000000000014 172.50000000000003 12.500000000000002
decision_type=2 2 2 2 2 2 2 2 2 2 2 2 2 2 2 2 2 2 2 2 2 2 2 2 2 2 2 2 2 2
left_child=1 6 3 4 29 -6 7 9 -9 12 11 -10 15 24 -15 18 17 -17 19 -1 -21 -22 23 -20 -14 -5 27 -27 -2 -3
right_child=28 2 -4 25 5 -7 -8 8 10 -11 -12 -13 13 14 -16 16 -18 -19 22 20 21 -23 -24 -25 -26 26 -28 -29 -30 -31
leaf_value=0.00057709724049887152 0.0056056860023990024 -0.037478551062976338 0.0026243709466493067 0.018933507591048091 -0.043058511311104823 -0.13063079969435915 0.0069891641586201005 -0.0367902988931793 -0.052769533085998847 -0.043410524309603127 0.0028255817828193026 0.021593750149784867 0.0013031033712190834 -0.0057230551596613661 0.013416613908850962 -0.036270851729906108 -0.042679114353976547 0.024844350456232331 -0.062491601429416226 0.025256965847011432 -0.045025576098889103 0.0012718368405457434 0.026723439198079898 0.031247626322831765 0.021862553324675404 -0.0078305415878108138 0.013424367044570064 -0.098182805115852576 -0.039962475177955419 0.00057551400721616176
leaf_weight=61591.032940548612 2915.2319991831027 79.811490623511418 352.51951996823664 78.116697606339585 49.91924079391174 21.740971560997423 1213.6853970367083 103.36756652856275 51.185480565101898 40.281735749034851 300.68984323618497 18.488377719120763 160.96907810796984 525.27845455890201 371.19635179320176 24.757426184878568 75.949222511859261 55.806924355711089 13.187688507139683 73.243076287359145 121.43507540316205 52.785573487166403 120.82541701853916 9.8001956939697266 325.47159062162973 51.237347575312015 64.80433496524347 20.373141766234767 20.714440893687424 46.265975291258655
leaf_count=271843 17725 364 1090 85 422 217 2972 608 415 1794 517 191 312 1818 602 2164 3874 505 401 294 3717 1791 646 1 206 190 113 160 856 261
internal_value=0.000742019 0.000540008 -0.00925938 -0.0194208 -0.0402254 -0.069627 0.000654867 0.000534812 -0.011093 0.000621474 -0.00392095 -0.0330368 0.000649397 0.00672449 0.00220196 0.000514194 -0.0175891 0.00606365 0.000559907 0.00051737 -0.0143482 -0.0309983 0.0188507 -0.0225287 0.0150592 -0.00024485 -0.0112272 -0.0335357 0.00528418 -0.0235141
internal_weight=68950.2 66014.2 764.789 412.269 197.738 71.6602 65249.4 64035.8 473.731 63562 370.364 69.6739 63521.7 1382.92 896.475 62138.8 156.514 80.5644 61982.3 61838.5 247.464 174.221 143.813 22.9879 486.441 214.532 136.415 71.6105 2935.95 126.077
internal_count=316154 297573 2902 1812 1264 639 294671 291699 1731 289968 1123 606 288174 2938 2420 285236 6543 2669 278693 277645 5802 5508 1048 402 518 548 463 350 18581 625
is_linear=0
shrinkage=0.03


Tree=184
num_leaves=31
num_cat=0
split_feature=1 8 5 2 4 2 3 5 5 5 5 2 0 5 5 2 5 10 10 8 2 2 2 5 5 0 1 1 8 10
split_gain=51.0121 84.0746 104.172 97.2106 106.464 137.44 283.83 406.628 99.9717 83.9878 134.555 143.022 117.299 73.4481 72.1651 117.489 104.735 106.701 168.444 94.6301 88.1333 129.429 65.3432 64.442 58.9268 124.383 74.0443 69.5184 59.5796 57.16
threshold=1.0000000180025095e-35 0.83333333333333337 129.50000000000003 1.0000000180025095e-35 1.0000000180025095e-35 1.5000000000000002 1.5000000000000002 12.500000000000002 23.000000000000004 95.500000000000014 23.000000000000004 2.5000000000000004 1.5000000000000002 1.0000000180025095e-35 23.000000000000004 7.5000000000000009 93.500000000000014 1.0000000180025095e-35 0.70833333333333337 0.0051612989157942416 1.5000000000000002 1.0000000180025095e-35 1.5000000000000002 105.50000000000001 100.50000000000001 1.5000000000000002 1.5000000000000002 1.5000000000000002 0.010544848035581913 0.87500000000000011
decision_type=2 2 2 2 2 2 2 2 2 2 2 2 2 2 2 2 2 2 2 2 2 2 2 2 2 2 2 2 2 2
left_child=29 2 13 -3 9 6 -6 -8 -9 10 -5 12 -12 -2 15 -15 -16 19 22 -18 21 24 -19 -11 25 -21 -27 -26 -29 -1
right_child=1 3 -4 4 5 -7 7 8 -10 23 11 -13 -14 14 16 -17 17 18 -20 20 -22 -23 -24 -25 27 26 -28 28 -30 -31
leaf_value=0.0012485908420789551 -0.042189201280313386 0.0039302826749513242 -0.026461514523047649 -0.0079606677449205639 0.015064591794553857 0.0045935257242160224 -0.1909274153401081 0.030358996178389656 -0.041965814814990163 0.016527836510690241 -0.1209270094838775 -0.014128637520223373 -0.041617162725366308 0.016339052141007573 -0.035133500804378118 -0.043355077703828765 -0.055202643293851904 -0.034966415719932621 0.0091864267812186914 -0.033254782655547474 0.024212672760675891 -0.029625680990308167 -0.0078479378921158579 -0.01340219587790656 0.037431714912454082 0.013100002015445802 -0.046704093429981094 0.014586725204959456 -0.044885784788412271 -0.026622780502517658
leaf_weight=59347.919257490197 26.381361749025018 4272.5105063334922 82.092505192249519 146.30962615506724 116.39030066139821 1185.3061880070491 15.942334641251362 20.598608255386353 104.27170815960562 93.19746246188879 32.427880004048347 53.452193875331432 34.788871212862432 1040.6835155910521 56.067574118798802 30.54493958275998 18.545951777901792 98.057378797850106 756.39257340459335 67.139855412417091 432.05850042501697 76.295801682863384 433.46270644680044 212.06085105860257 136.77147294406313 431.07893848774256 19.474289179692278 178.59637570998166 16.566558061138494 66.298330033896491
leaf_count=213455 171 60335 9507 221 141 3931 172 7 950 69 174 92 105 3665 2731 421 2058 525 2234 1690 510 262 1239 469 1431 2687 262 2183 1269 2923
internal_value=0.0015538 0.00351517 0.00697542 0.00136865 -0.00406359 0.000279918 -0.0195991 -0.0482508 -0.0300351 -0.0150128 -0.0273024 -0.050754 -0.0798792 0.00769434 0.00804141 0.0146369 0.00544435 0.00629822 9.16534e-05 0.0121052 0.0130245 0.00780377 -0.0128509 -0.00426435 0.0111649 0.00483855 0.0105151 0.0210316 0.00953835 0.00121749
internal_weight=69601.7 10187.5 3900.21 6287.26 2014.75 1442.51 257.203 140.813 124.87 572.237 266.979 120.669 67.2168 3818.12 3791.74 1071.23 2720.51 2664.44 1287.91 1376.53 1357.98 925.923 531.52 305.258 849.627 517.693 450.553 331.934 195.163 59414.2
internal_count=315889 99511 32845 66666 6331 5201 1270 1129 957 1130 592 371 279 23338 23167 4086 19081 16350 3998 12352 10294 9784 1764 538 9522 4639 2949 4883 3452 216378
is_linear=0
shrinkage=0.03


Tree=185
num_leaves=31
num_cat=0
split_feature=5 5 5 5 5 5 10 5 5 5 5 3 9 7 5 5 3 4 8 8 3 7 5 5 5 8 5 8 5 8
split_gain=280.747 99.3333 120.341 74.8904 92.3643 67.222 106.631 88.7341 78.0886 101.146 61.0072 49.515 97.5566 44.9703 74.6781 86.8157 67.323 53.9516 44.6893 166.944 42.5801 82.9666 107.292 237.178 138.523 126.838 138.881 108.647 97.8161 93.3023
threshold=151.50000000000003 114.50000000000001 119.50000000000001 154.00000000000003 161.00000000000003 162.50000000000003 0.70833333333333337 169.50000000000003 170.50000000000003 172.50000000000003 144.00000000000003 4.5000000000000009 3.5000000000000004 3.5000000000000004 129.50000000000003 120.50000000000001 1.0000000180025095e-35 9.5000000000000018 0.0050568980948727795 0.0072529524711328558 1.5000000000000002 1.0000000180025095e-35 99.500000000000014 100.50000000000001 95.500000000000014 0.093073593073593086 105.50000000000001 0.83333333333333337 109.00000000000001 0.0048840121653050276
decision_type=2 2 2 2 2 2 2 2 2 2 2 2 2 2 2 2 2 2 2 2 2 2 2 2 2 2 2 2 2 2
left_child=1 11 -3 -2 -5 6 -6 -7 -9 -10 13 20 18 14 15 -4 -16 -18 -13 -20 21 22 24 -24 -1 -25 -27 -28 -29 -23
right_child=3 2 10 4 5 7 -8 8 9 -11 -12 12 -14 -15 16 -17 17 -19 19 -21 -22 29 23 25 -26 26 27 28 -30 -31
leaf_value=0.0017643485449839531 -0.042181736663679512 0.031692100400251687 6.6285043492155088e-05 0.035791431687125119 -0.009984604997462846 0.029886726078102718 0.0099384467071496115 -0.023471472023952659 0.032114039855732079 -0.024149986825707011 0.031571736113738015 0.01994184708939566 -0.050282802769107238 -0.030157364193268785 0.0017910827555403513 0.032263787442340645 -0.098160670359207391 -0.00073822218027088814 -0.062000061885680399 0.0063822063663690606 -0.0023381777035274723 -0.046661242569939844 -0.028809269048197715 0.038062072841437311 0.031957208532070853 0.030403793223785096 -0.045912078694326307 -0.03724790076954327 0.0021090778010907389 0.017462490310369113
leaf_weight=58756.396941329673 53.091309990883474 196.94528879318659 135.86867503868416 46.337791845202446 2770.3214539941018 98.429891772568226 264.89396731859824 103.38454847468529 79.62353515625 45.01235193418961 79.88262740952996 207.15051111267258 27.423250381834805 32.871284807100892 698.87163483898257 169.26512861251831 11.097858283160351 9.4914049282197066 32.617207371804398 2156.5472234945946 2365.9806926451856 21.421624368471385 331.90766159907798 78.029818409122527 137.07824397087097 97.00558340549469 62.169320392189547 66.547405915567651 389.38065083352558 437.6116273029329
leaf_count=225878 1903 41 557 6 26405 55 1881 1042 12 5812 506 324 240 140 8840 28 868 275 206 13019 6472 2263 3014 88 31 34 2407 460 8479 4908
internal_value=0.00150467 0.00193821 0.0100411 -0.00682552 -0.00627473 -0.00685457 -0.00824585 0.006081 -0.00419525 0.0117942 0.00629202 0.00177231 0.00597973 0.00438235 0.00549046 0.017927 0.000215935 -0.0532501 0.0066236 0.00536335 0.00160978 0.00176448 0.00166715 -0.00795534 0.00183462 0.0020306 -0.00254023 -0.00870848 -0.00363548 0.01447
internal_weight=69962.7 66501.6 1334.29 3461.09 3408 3361.67 3035.22 326.45 228.02 124.636 1137.35 65167.3 2423.74 1057.47 1024.59 305.134 719.461 20.5893 2396.31 2189.16 62743.5 60377.5 59918.5 1025.04 58893.5 693.133 615.103 518.097 455.928 459.033
internal_count=316194 279078 11255 37116 35213 35207 28286 6921 6866 5824 11214 267823 13789 10708 10568 585 9983 1143 13549 13225 254034 247562 240391 14482 225909 11468 11380 11346 8939 7171
is_linear=0
shrinkage=0.03


end of trees

feature_importances:
Column_5=1742
Column_8=835
Column_2=700
Column_3=456
Column_0=429
Column_1=424
Column_4=378
Column_10=199
Column_6=144
Column_7=121
Column_9=120
Column_11=32

parameters:
[boosting: gbdt]
[objective: binary]
[metric: auc]
[tree_learner: serial]
[device_type: cpu]
[data_sample_strategy: bagging]
[data: ]
[valid: ]
[num_iterations: 3000]
[learning_rate: 0.03]
[num_leaves: 31]
[num_threads: 0]
[seed: 42]
[deterministic: 0]
[force_col_wise: 0]
[force_row_wise: 0]
[histogram_pool_size: -1]
[max_depth: -1]
[min_data_in_leaf: 100]
[min_sum_hessian_in_leaf: 0.001]
[bagging_fraction: 0.8]
[pos_bagging_fraction: 1]
[neg_bagging_fraction: 1]
[bagging_freq: 1]
[bagging_seed: 400]
[bagging_by_query: 0]
[feature_fraction: 0.8]
[feature_fraction_bynode: 1]
[feature_fraction_seed: 30056]
[extra_trees: 0]
[extra_seed: 12879]
[early_stopping_round: 0]
[early_stopping_min_delta: 0]
[first_metric_only: 0]
[max_delta_step: 0]
[lambda_l1: 0]
[lambda_l2: 0]
[linear_lambda: 0]
[min_gain_to_split: 0]
[drop_rate: 0.1]
[max_drop: 50]
[skip_drop: 0.5]
[xgboost_dart_mode: 0]
[uniform_drop: 0]
[drop_seed: 17869]
[top_rate: 0.2]
[other_rate: 0.1]
[min_data_per_group: 100]
[max_cat_threshold: 32]
[cat_l2: 10]
[cat_smooth: 10]
[max_cat_to_onehot: 4]
[top_k: 20]
[monotone_constraints: ]
[monotone_constraints_method: basic]
[monotone_penalty: 0]
[feature_contri: ]
[forcedsplits_filename: ]
[refit_decay_rate: 0.9]
[cegb_tradeoff: 1]
[cegb_penalty_split: 0]
[cegb_penalty_feature_lazy: ]
[cegb_penalty_feature_coupled: ]
[path_smooth: 0]
[interaction_constraints: ]
[verbosity: -1]
[saved_feature_importance_type: 0]
[use_quantized_grad: 0]
[num_grad_quant_bins: 4]
[quant_train_renew_leaf: 0]
[stochastic_rounding: 1]
[linear_tree: 0]
[max_bin: 255]
[max_bin_by_feature: ]
[min_data_in_bin: 3]
[bin_construct_sample_cnt: 200000]
[data_random_seed: 175]
[is_enable_sparse: 1]
[enable_bundle: 1]
[use_missing: 1]
[zero_as_missing: 0]
[feature_pre_filter: 1]
[pre_partition: 0]
[two_round: 0]
[header: 0]
[label_column: ]
[weight_column: ]
[group_column: ]
[ignore_column: ]
[categorical_feature: ]
[forcedbins_filename: ]
[precise_float_parser: 0]
[parser_config_file: ]
[objective_seed: 16083]
[num_class: 1]
[is_unbalance: 0]
[scale_pos_weight: 255.66]
[sigmoid: 1]
[boost_from_average: 1]
[reg_sqrt: 0]
[alpha: 0.9]
[fair_c: 1]
[poisson_max_delta_step: 0.7]
[tweedie_variance_power: 1.5]
[lambdarank_truncation_level: 30]
[lambdarank_norm: 1]
[label_gain: ]
[lambdarank_position_bias_regularization: 0]
[eval_at: ]
[multi_error_top_k: 1]
[auc_mu_weights: ]
[num_machines: 1]
[local_listen_port: 12400]
[time_out: 120]
[machine_list_filename: ]
[machines: ]
[gpu_platform_id: -1]
[gpu_device_id: -1]
[gpu_use_dp: 0]
[num_gpu: 1]

end of parameters

pandas_categorical:null
